user_id,date,screen_time_minutes
user1,01/01/2024,213
user1,02/01/2024,216
user1,03/01/2024,92
user1,04/01/2024,93
user1,05/01/2024,268
user1,06/01/2024,214
user1,07/01/2024,155
user1,08/01/2024,329
user1,09/01/2024,55
user1,10/01/2024,77
user1,11/01/2024,236
user1,12/01/2024,215
user1,13/01/2024,151
user1,14/01/2024,79
user1,15/01/2024,212
user1,16/01/2024,285
user1,17/01/2024,215
user1,18/01/2024,236
user1,19/01/2024,102
user1,20/01/2024,229
user1,21/01/2024,98
user1,22/01/2024,153
user1,23/01/2024,199
user1,24/01/2024,233
user1,25/01/2024,232
user1,26/01/2024,220
user1,27/01/2024,181
user1,28/01/2024,168
user1,29/01/2024,316
user1,30/01/2024,217
user1,31/01/2024,277
user1,01/02/2024,227
user1,02/02/2024,93
user1,03/02/2024,175
user1,04/02/2024,223
user1,05/02/2024,123
user1,06/02/2024,243
user1,07/02/2024,173
user1,08/02/2024,214
user1,09/02/2024,308
user1,10/02/2024,195
user1,11/02/2024,182
user1,12/02/2024,253
user1,13/02/2024,223
user1,14/02/2024,186
user1,15/02/2024,220
user1,16/02/2024,364
user1,17/02/2024,275
user1,18/02/2024,205
user1,19/02/2024,355
user1,20/02/2024,17
user1,21/02/2024,108
user1,22/02/2024,132
user1,23/02/2024,153
user1,24/02/2024,78
user1,25/02/2024,57
user1,26/02/2024,145
user1,27/02/2024,141
user1,28/02/2024,255
user1,29/02/2024,207
user1,01/03/2024,1
user1,02/03/2024,207
user1,03/03/2024,174
user1,04/03/2024,100
user1,05/03/2024,165
user1,06/03/2024,142
user1,07/03/2024,212
user1,08/03/2024,288
user1,09/03/2024,78
user1,10/03/2024,247
user1,11/03/2024,234
user1,12/03/2024,212
user1,13/03/2024,178
user1,14/03/2024,60
user1,15/03/2024,13
user1,16/03/2024,80
user1,17/03/2024,237
user1,18/03/2024,111
user1,19/03/2024,194
user1,20/03/2024,249
user1,21/03/2024,40
user1,22/03/2024,325
user1,23/03/2024,176
user1,24/03/2024,82
user1,25/03/2024,165
user1,26/03/2024,9
user1,27/03/2024,75
user1,28/03/2024,174
user1,29/03/2024,128
user1,30/03/2024,186
user1,31/03/2024,255
user1,01/04/2024,260
user1,02/04/2024,120
user1,03/04/2024,246
user1,04/04/2024,139
user1,05/04/2024,155
user1,06/04/2024,187
user1,07/04/2024,256
user1,08/04/2024,225
user1,09/04/2024,206
user1,10/04/2024,175
user1,11/04/2024,260
user1,12/04/2024,299
user1,13/04/2024,206
user1,14/04/2024,72
user1,15/04/2024,54
user1,16/04/2024,79
user1,17/04/2024,199
user1,18/04/2024,194
user1,19/04/2024,148
user1,20/04/2024,286
user1,21/04/2024,103
user1,22/04/2024,76
user1,23/04/2024,222
user1,24/04/2024,173
user1,25/04/2024,272
user1,26/04/2024,108
user1,27/04/2024,58
user1,28/04/2024,162
user1,29/04/2024,211
user1,30/04/2024,117
user1,01/05/2024,19
user1,02/05/2024,206
user1,03/05/2024,202
user1,04/05/2024,128
user1,05/05/2024,65
user1,06/05/2024,249
user1,07/05/2024,190
user1,08/05/2024,98
user1,09/05/2024,176
user1,10/05/2024,138
user1,11/05/2024,226
user1,12/05/2024,55
user1,13/05/2024,242
user1,14/05/2024,126
user1,15/05/2024,205
user1,16/05/2024,164
user1,17/05/2024,197
user1,18/05/2024,192
user1,19/05/2024,134
user1,20/05/2024,246
user1,21/05/2024,250
user1,22/05/2024,138
user1,23/05/2024,135
user1,24/05/2024,196
user1,25/05/2024,155
user1,26/05/2024,42
user1,27/05/2024,171
user1,28/05/2024,234
user1,29/05/2024,122
user1,30/05/2024,215
user1,31/05/2024,96
user1,01/06/2024,65
user1,02/06/2024,234
user1,03/06/2024,127
user1,04/06/2024,181
user1,05/06/2024,72
user1,06/06/2024,0
user1,07/06/2024,231
user1,08/06/2024,218
user1,09/06/2024,139
user1,10/06/2024,226
user1,11/06/2024,250
user1,12/06/2024,162
user1,13/06/2024,129
user1,14/06/2024,362
user1,15/06/2024,230
user1,16/06/2024,71
user1,17/06/2024,163
user1,18/06/2024,172
user1,19/06/2024,225
user1,20/06/2024,186
user1,21/06/2024,260
user1,22/06/2024,259
user1,23/06/2024,226
user1,24/06/2024,161
user1,25/06/2024,257
user1,26/06/2024,106
user1,27/06/2024,140
user1,28/06/2024,245
user1,29/06/2024,300
user1,30/06/2024,267
user1,01/07/2024,175
user1,02/07/2024,225
user1,03/07/2024,140
user1,04/07/2024,113
user1,05/07/2024,118
user1,06/07/2024,111
user1,07/07/2024,257
user1,08/07/2024,261
user1,09/07/2024,390
user1,10/07/2024,61
user1,11/07/2024,257
user1,12/07/2024,178
user1,13/07/2024,273
user1,14/07/2024,268
user1,15/07/2024,79
user1,16/07/2024,235
user1,17/07/2024,186
user1,18/07/2024,123
user1,19/07/2024,283
user1,20/07/2024,254
user1,21/07/2024,166
user1,22/07/2024,71
user1,23/07/2024,205
user1,24/07/2024,116
user1,25/07/2024,147
user1,26/07/2024,170
user1,27/07/2024,143
user1,28/07/2024,243
user1,29/07/2024,204
user1,30/07/2024,221
user1,31/07/2024,249
user1,01/08/2024,142
user1,02/08/2024,65
user1,03/08/2024,0
user1,04/08/2024,183
user1,05/08/2024,203
user1,06/08/2024,59
user1,07/08/2024,286
user1,08/08/2024,184
user1,09/08/2024,78
user1,10/08/2024,144
user1,11/08/2024,163
user1,12/08/2024,96
user1,13/08/2024,173
user1,14/08/2024,176
user1,15/08/2024,205
user1,16/08/2024,220
user1,17/08/2024,228
user1,18/08/2024,103
user1,19/08/2024,48
user1,20/08/2024,183
user1,21/08/2024,59
user1,22/08/2024,239
user1,23/08/2024,292
user1,24/08/2024,107
user1,25/08/2024,269
user1,26/08/2024,189
user1,27/08/2024,100
user1,28/08/2024,210
user1,29/08/2024,117
user1,30/08/2024,166
user1,31/08/2024,0
user1,01/09/2024,3
user1,02/09/2024,354
user1,03/09/2024,133
user1,04/09/2024,136
user1,05/09/2024,151
user1,06/09/2024,153
user1,07/09/2024,143
user1,08/09/2024,236
user1,09/09/2024,269
user1,10/09/2024,184
user1,11/09/2024,111
user1,12/09/2024,206
user1,13/09/2024,224
user1,14/09/2024,65
user1,15/09/2024,215
user1,16/09/2024,243
user1,17/09/2024,244
user1,18/09/2024,227
user1,19/09/2024,114
user1,20/09/2024,114
user1,21/09/2024,102
user1,22/09/2024,228
user1,23/09/2024,121
user1,24/09/2024,261
user1,25/09/2024,113
user1,26/09/2024,223
user1,27/09/2024,176
user1,28/09/2024,152
user1,29/09/2024,162
user1,30/09/2024,134
user1,01/10/2024,139
user1,02/10/2024,88
user1,03/10/2024,211
user1,04/10/2024,81
user1,05/10/2024,298
user1,06/10/2024,0
user1,07/10/2024,203
user1,08/10/2024,128
user1,09/10/2024,340
user1,10/10/2024,96
user1,11/10/2024,102
user1,12/10/2024,172
user1,13/10/2024,156
user1,14/10/2024,289
user1,15/10/2024,173
user1,16/10/2024,301
user1,17/10/2024,197
user1,18/10/2024,218
user1,19/10/2024,117
user1,20/10/2024,248
user1,21/10/2024,230
user1,22/10/2024,252
user1,23/10/2024,58
user1,24/10/2024,128
user1,25/10/2024,196
user1,26/10/2024,222
user1,27/10/2024,270
user1,28/10/2024,122
user1,29/10/2024,291
user1,30/10/2024,217
user1,31/10/2024,204
user1,01/11/2024,283
user1,02/11/2024,194
user1,03/11/2024,139
user1,04/11/2024,216
user1,05/11/2024,233
user1,06/11/2024,204
user1,07/11/2024,165
user1,08/11/2024,241
user1,09/11/2024,15
user1,10/11/2024,150
user1,11/11/2024,175
user1,12/11/2024,216
user1,13/11/2024,262
user1,14/11/2024,99
user1,15/11/2024,297
user1,16/11/2024,239
user1,17/11/2024,285
user1,18/11/2024,281
user1,19/11/2024,187
user1,20/11/2024,249
user1,21/11/2024,263
user1,22/11/2024,188
user1,23/11/2024,197
user1,24/11/2024,160
user1,25/11/2024,159
user1,26/11/2024,108
user1,27/11/2024,306
user1,28/11/2024,210
user1,29/11/2024,216
user1,30/11/2024,249
user1,01/12/2024,132
user1,02/12/2024,60
user1,03/12/2024,225
user1,04/12/2024,197
user1,05/12/2024,76
user1,06/12/2024,87
user1,07/12/2024,235
user1,08/12/2024,162
user1,09/12/2024,262
user1,10/12/2024,0
user1,11/12/2024,317
user1,12/12/2024,128
user1,13/12/2024,130
user1,14/12/2024,320
user1,15/12/2024,169
user1,16/12/2024,218
user1,17/12/2024,130
user1,18/12/2024,213
user1,19/12/2024,260
user1,20/12/2024,184
user1,21/12/2024,12
user1,22/12/2024,159
user1,23/12/2024,160
user1,24/12/2024,147
user1,25/12/2024,178
user1,26/12/2024,151
user1,27/12/2024,126
user1,28/12/2024,155
user1,29/12/2024,208
user1,30/12/2024,243
user2,01/01/2024,233
user2,02/01/2024,72
user2,03/01/2024,120
user2,04/01/2024,257
user2,05/01/2024,94
user2,06/01/2024,41
user2,07/01/2024,130
user2,08/01/2024,302
user2,09/01/2024,23
user2,10/01/2024,258
user2,11/01/2024,0
user2,12/01/2024,110
user2,13/01/2024,222
user2,14/01/2024,13
user2,15/01/2024,59
user2,16/01/2024,211
user2,17/01/2024,102
user2,18/01/2024,126
user2,19/01/2024,205
user2,20/01/2024,69
user2,21/01/2024,126
user2,22/01/2024,127
user2,23/01/2024,207
user2,24/01/2024,174
user2,25/01/2024,214
user2,26/01/2024,0
user2,27/01/2024,206
user2,28/01/2024,255
user2,29/01/2024,174
user2,30/01/2024,138
user2,31/01/2024,225
user2,01/02/2024,42
user2,02/02/2024,274
user2,03/02/2024,130
user2,04/02/2024,75
user2,05/02/2024,199
user2,06/02/2024,146
user2,07/02/2024,73
user2,08/02/2024,49
user2,09/02/2024,198
user2,10/02/2024,169
user2,11/02/2024,217
user2,12/02/2024,162
user2,13/02/2024,106
user2,14/02/2024,209
user2,15/02/2024,91
user2,16/02/2024,186
user2,17/02/2024,208
user2,18/02/2024,6
user2,19/02/2024,200
user2,20/02/2024,281
user2,21/02/2024,102
user2,22/02/2024,200
user2,23/02/2024,70
user2,24/02/2024,114
user2,25/02/2024,102
user2,26/02/2024,187
user2,27/02/2024,81
user2,28/02/2024,218
user2,29/02/2024,156
user2,01/03/2024,174
user2,02/03/2024,117
user2,03/03/2024,167
user2,04/03/2024,146
user2,05/03/2024,37
user2,06/03/2024,28
user2,07/03/2024,137
user2,08/03/2024,42
user2,09/03/2024,97
user2,10/03/2024,151
user2,11/03/2024,180
user2,12/03/2024,130
user2,13/03/2024,46
user2,14/03/2024,80
user2,15/03/2024,204
user2,16/03/2024,156
user2,17/03/2024,143
user2,18/03/2024,313
user2,19/03/2024,34
user2,20/03/2024,35
user2,21/03/2024,220
user2,22/03/2024,144
user2,23/03/2024,155
user2,24/03/2024,99
user2,25/03/2024,96
user2,26/03/2024,155
user2,27/03/2024,244
user2,28/03/2024,127
user2,29/03/2024,131
user2,30/03/2024,36
user2,31/03/2024,161
user2,01/04/2024,308
user2,02/04/2024,112
user2,03/04/2024,29
user2,04/04/2024,164
user2,05/04/2024,397
user2,06/04/2024,173
user2,07/04/2024,76
user2,08/04/2024,164
user2,09/04/2024,81
user2,10/04/2024,188
user2,11/04/2024,156
user2,12/04/2024,190
user2,13/04/2024,82
user2,14/04/2024,37
user2,15/04/2024,135
user2,16/04/2024,205
user2,17/04/2024,109
user2,18/04/2024,250
user2,19/04/2024,139
user2,20/04/2024,139
user2,21/04/2024,171
user2,22/04/2024,289
user2,23/04/2024,199
user2,24/04/2024,86
user2,25/04/2024,122
user2,26/04/2024,185
user2,27/04/2024,39
user2,28/04/2024,120
user2,29/04/2024,105
user2,30/04/2024,220
user2,01/05/2024,119
user2,02/05/2024,197
user2,03/05/2024,287
user2,04/05/2024,123
user2,05/05/2024,130
user2,06/05/2024,244
user2,07/05/2024,215
user2,08/05/2024,76
user2,09/05/2024,114
user2,10/05/2024,124
user2,11/05/2024,90
user2,12/05/2024,318
user2,13/05/2024,235
user2,14/05/2024,213
user2,15/05/2024,158
user2,16/05/2024,231
user2,17/05/2024,78
user2,18/05/2024,182
user2,19/05/2024,79
user2,20/05/2024,74
user2,21/05/2024,2
user2,22/05/2024,99
user2,23/05/2024,258
user2,24/05/2024,100
user2,25/05/2024,122
user2,26/05/2024,191
user2,27/05/2024,159
user2,28/05/2024,56
user2,29/05/2024,139
user2,30/05/2024,222
user2,31/05/2024,144
user2,01/06/2024,78
user2,02/06/2024,0
user2,03/06/2024,88
user2,04/06/2024,12
user2,05/06/2024,163
user2,06/06/2024,55
user2,07/06/2024,150
user2,08/06/2024,116
user2,09/06/2024,170
user2,10/06/2024,7
user2,11/06/2024,107
user2,12/06/2024,297
user2,13/06/2024,174
user2,14/06/2024,240
user2,15/06/2024,295
user2,16/06/2024,162
user2,17/06/2024,175
user2,18/06/2024,53
user2,19/06/2024,68
user2,20/06/2024,190
user2,21/06/2024,102
user2,22/06/2024,150
user2,23/06/2024,53
user2,24/06/2024,83
user2,25/06/2024,215
user2,26/06/2024,58
user2,27/06/2024,306
user2,28/06/2024,28
user2,29/06/2024,166
user2,30/06/2024,198
user2,01/07/2024,62
user2,02/07/2024,258
user2,03/07/2024,249
user2,04/07/2024,196
user2,05/07/2024,177
user2,06/07/2024,53
user2,07/07/2024,131
user2,08/07/2024,139
user2,09/07/2024,115
user2,10/07/2024,130
user2,11/07/2024,210
user2,12/07/2024,265
user2,13/07/2024,111
user2,14/07/2024,253
user2,15/07/2024,181
user2,16/07/2024,108
user2,17/07/2024,213
user2,18/07/2024,247
user2,19/07/2024,145
user2,20/07/2024,244
user2,21/07/2024,195
user2,22/07/2024,108
user2,23/07/2024,140
user2,24/07/2024,212
user2,25/07/2024,58
user2,26/07/2024,182
user2,27/07/2024,162
user2,28/07/2024,110
user2,29/07/2024,133
user2,30/07/2024,177
user2,31/07/2024,113
user2,01/08/2024,152
user2,02/08/2024,78
user2,03/08/2024,128
user2,04/08/2024,77
user2,05/08/2024,186
user2,06/08/2024,92
user2,07/08/2024,197
user2,08/08/2024,68
user2,09/08/2024,0
user2,10/08/2024,58
user2,11/08/2024,164
user2,12/08/2024,174
user2,13/08/2024,249
user2,14/08/2024,0
user2,15/08/2024,247
user2,16/08/2024,193
user2,17/08/2024,193
user2,18/08/2024,244
user2,19/08/2024,36
user2,20/08/2024,40
user2,21/08/2024,95
user2,22/08/2024,257
user2,23/08/2024,252
user2,24/08/2024,71
user2,25/08/2024,221
user2,26/08/2024,94
user2,27/08/2024,209
user2,28/08/2024,325
user2,29/08/2024,55
user2,30/08/2024,161
user2,31/08/2024,182
user2,01/09/2024,162
user2,02/09/2024,267
user2,03/09/2024,268
user2,04/09/2024,145
user2,05/09/2024,124
user2,06/09/2024,91
user2,07/09/2024,228
user2,08/09/2024,189
user2,09/09/2024,153
user2,10/09/2024,254
user2,11/09/2024,158
user2,12/09/2024,243
user2,13/09/2024,0
user2,14/09/2024,280
user2,15/09/2024,271
user2,16/09/2024,160
user2,17/09/2024,109
user2,18/09/2024,146
user2,19/09/2024,37
user2,20/09/2024,191
user2,21/09/2024,191
user2,22/09/2024,330
user2,23/09/2024,122
user2,24/09/2024,233
user2,25/09/2024,145
user2,26/09/2024,243
user2,27/09/2024,128
user2,28/09/2024,312
user2,29/09/2024,160
user2,30/09/2024,44
user2,01/10/2024,172
user2,02/10/2024,36
user2,03/10/2024,261
user2,04/10/2024,89
user2,05/10/2024,155
user2,06/10/2024,148
user2,07/10/2024,63
user2,08/10/2024,0
user2,09/10/2024,222
user2,10/10/2024,110
user2,11/10/2024,211
user2,12/10/2024,217
user2,13/10/2024,447
user2,14/10/2024,159
user2,15/10/2024,0
user2,16/10/2024,65
user2,17/10/2024,213
user2,18/10/2024,175
user2,19/10/2024,0
user2,20/10/2024,86
user2,21/10/2024,114
user2,22/10/2024,146
user2,23/10/2024,204
user2,24/10/2024,165
user2,25/10/2024,158
user2,26/10/2024,150
user2,27/10/2024,136
user2,28/10/2024,215
user2,29/10/2024,115
user2,30/10/2024,67
user2,31/10/2024,217
user2,01/11/2024,7
user2,02/11/2024,233
user2,03/11/2024,170
user2,04/11/2024,271
user2,05/11/2024,102
user2,06/11/2024,43
user2,07/11/2024,91
user2,08/11/2024,0
user2,09/11/2024,205
user2,10/11/2024,123
user2,11/11/2024,30
user2,12/11/2024,77
user2,13/11/2024,218
user2,14/11/2024,131
user2,15/11/2024,93
user2,16/11/2024,133
user2,17/11/2024,93
user2,18/11/2024,207
user2,19/11/2024,0
user2,20/11/2024,20
user2,21/11/2024,185
user2,22/11/2024,261
user2,23/11/2024,55
user2,24/11/2024,25
user2,25/11/2024,125
user2,26/11/2024,85
user2,27/11/2024,49
user2,28/11/2024,124
user2,29/11/2024,78
user2,30/11/2024,130
user2,01/12/2024,98
user2,02/12/2024,165
user2,03/12/2024,232
user2,04/12/2024,171
user2,05/12/2024,96
user2,06/12/2024,114
user2,07/12/2024,47
user2,08/12/2024,132
user2,09/12/2024,154
user2,10/12/2024,88
user2,11/12/2024,69
user2,12/12/2024,44
user2,13/12/2024,279
user2,14/12/2024,154
user2,15/12/2024,0
user2,16/12/2024,279
user2,17/12/2024,234
user2,18/12/2024,188
user2,19/12/2024,113
user2,20/12/2024,249
user2,21/12/2024,0
user2,22/12/2024,235
user2,23/12/2024,229
user2,24/12/2024,308
user2,25/12/2024,138
user2,26/12/2024,316
user2,27/12/2024,62
user2,28/12/2024,201
user2,29/12/2024,105
user2,30/12/2024,88
user3,01/01/2024,228
user3,02/01/2024,69
user3,03/01/2024,244
user3,04/01/2024,165
user3,05/01/2024,274
user3,06/01/2024,116
user3,07/01/2024,295
user3,08/01/2024,111
user3,09/01/2024,237
user3,10/01/2024,254
user3,11/01/2024,71
user3,12/01/2024,49
user3,13/01/2024,206
user3,14/01/2024,109
user3,15/01/2024,145
user3,16/01/2024,92
user3,17/01/2024,255
user3,18/01/2024,263
user3,19/01/2024,234
user3,20/01/2024,161
user3,21/01/2024,138
user3,22/01/2024,148
user3,23/01/2024,159
user3,24/01/2024,49
user3,25/01/2024,312
user3,26/01/2024,33
user3,27/01/2024,269
user3,28/01/2024,157
user3,29/01/2024,74
user3,30/01/2024,240
user3,31/01/2024,137
user3,01/02/2024,231
user3,02/02/2024,153
user3,03/02/2024,274
user3,04/02/2024,75
user3,05/02/2024,274
user3,06/02/2024,283
user3,07/02/2024,225
user3,08/02/2024,48
user3,09/02/2024,180
user3,10/02/2024,242
user3,11/02/2024,128
user3,12/02/2024,135
user3,13/02/2024,255
user3,14/02/2024,248
user3,15/02/2024,60
user3,16/02/2024,121
user3,17/02/2024,43
user3,18/02/2024,211
user3,19/02/2024,238
user3,20/02/2024,172
user3,21/02/2024,212
user3,22/02/2024,216
user3,23/02/2024,216
user3,24/02/2024,175
user3,25/02/2024,89
user3,26/02/2024,177
user3,27/02/2024,203
user3,28/02/2024,361
user3,29/02/2024,381
user3,01/03/2024,196
user3,02/03/2024,273
user3,03/03/2024,179
user3,04/03/2024,126
user3,05/03/2024,197
user3,06/03/2024,120
user3,07/03/2024,235
user3,08/03/2024,133
user3,09/03/2024,228
user3,10/03/2024,196
user3,11/03/2024,120
user3,12/03/2024,146
user3,13/03/2024,139
user3,14/03/2024,238
user3,15/03/2024,0
user3,16/03/2024,255
user3,17/03/2024,149
user3,18/03/2024,145
user3,19/03/2024,260
user3,20/03/2024,248
user3,21/03/2024,211
user3,22/03/2024,77
user3,23/03/2024,231
user3,24/03/2024,302
user3,25/03/2024,346
user3,26/03/2024,125
user3,27/03/2024,231
user3,28/03/2024,56
user3,29/03/2024,254
user3,30/03/2024,68
user3,31/03/2024,204
user3,01/04/2024,135
user3,02/04/2024,192
user3,03/04/2024,253
user3,04/04/2024,288
user3,05/04/2024,279
user3,06/04/2024,166
user3,07/04/2024,167
user3,08/04/2024,332
user3,09/04/2024,78
user3,10/04/2024,291
user3,11/04/2024,321
user3,12/04/2024,204
user3,13/04/2024,246
user3,14/04/2024,447
user3,15/04/2024,108
user3,16/04/2024,193
user3,17/04/2024,255
user3,18/04/2024,55
user3,19/04/2024,214
user3,20/04/2024,285
user3,21/04/2024,340
user3,22/04/2024,218
user3,23/04/2024,235
user3,24/04/2024,129
user3,25/04/2024,142
user3,26/04/2024,224
user3,27/04/2024,143
user3,28/04/2024,277
user3,29/04/2024,261
user3,30/04/2024,209
user3,01/05/2024,142
user3,02/05/2024,163
user3,03/05/2024,222
user3,04/05/2024,74
user3,05/05/2024,287
user3,06/05/2024,267
user3,07/05/2024,184
user3,08/05/2024,262
user3,09/05/2024,171
user3,10/05/2024,288
user3,11/05/2024,178
user3,12/05/2024,180
user3,13/05/2024,267
user3,14/05/2024,147
user3,15/05/2024,160
user3,16/05/2024,67
user3,17/05/2024,63
user3,18/05/2024,241
user3,19/05/2024,225
user3,20/05/2024,70
user3,21/05/2024,143
user3,22/05/2024,287
user3,23/05/2024,228
user3,24/05/2024,263
user3,25/05/2024,184
user3,26/05/2024,250
user3,27/05/2024,93
user3,28/05/2024,260
user3,29/05/2024,402
user3,30/05/2024,235
user3,31/05/2024,183
user3,01/06/2024,185
user3,02/06/2024,287
user3,03/06/2024,148
user3,04/06/2024,167
user3,05/06/2024,100
user3,06/06/2024,234
user3,07/06/2024,232
user3,08/06/2024,250
user3,09/06/2024,158
user3,10/06/2024,194
user3,11/06/2024,87
user3,12/06/2024,207
user3,13/06/2024,147
user3,14/06/2024,177
user3,15/06/2024,98
user3,16/06/2024,322
user3,17/06/2024,212
user3,18/06/2024,186
user3,19/06/2024,166
user3,20/06/2024,244
user3,21/06/2024,305
user3,22/06/2024,182
user3,23/06/2024,160
user3,24/06/2024,49
user3,25/06/2024,168
user3,26/06/2024,364
user3,27/06/2024,327
user3,28/06/2024,183
user3,29/06/2024,78
user3,30/06/2024,203
user3,01/07/2024,325
user3,02/07/2024,128
user3,03/07/2024,223
user3,04/07/2024,224
user3,05/07/2024,259
user3,06/07/2024,192
user3,07/07/2024,159
user3,08/07/2024,70
user3,09/07/2024,66
user3,10/07/2024,245
user3,11/07/2024,142
user3,12/07/2024,204
user3,13/07/2024,102
user3,14/07/2024,228
user3,15/07/2024,110
user3,16/07/2024,90
user3,17/07/2024,243
user3,18/07/2024,215
user3,19/07/2024,144
user3,20/07/2024,310
user3,21/07/2024,330
user3,22/07/2024,119
user3,23/07/2024,252
user3,24/07/2024,126
user3,25/07/2024,264
user3,26/07/2024,241
user3,27/07/2024,75
user3,28/07/2024,142
user3,29/07/2024,150
user3,30/07/2024,182
user3,31/07/2024,312
user3,01/08/2024,115
user3,02/08/2024,233
user3,03/08/2024,272
user3,04/08/2024,171
user3,05/08/2024,179
user3,06/08/2024,189
user3,07/08/2024,309
user3,08/08/2024,153
user3,09/08/2024,192
user3,10/08/2024,270
user3,11/08/2024,80
user3,12/08/2024,352
user3,13/08/2024,219
user3,14/08/2024,309
user3,15/08/2024,299
user3,16/08/2024,61
user3,17/08/2024,109
user3,18/08/2024,373
user3,19/08/2024,103
user3,20/08/2024,320
user3,21/08/2024,144
user3,22/08/2024,283
user3,23/08/2024,101
user3,24/08/2024,160
user3,25/08/2024,189
user3,26/08/2024,145
user3,27/08/2024,51
user3,28/08/2024,270
user3,29/08/2024,182
user3,30/08/2024,66
user3,31/08/2024,133
user3,01/09/2024,128
user3,02/09/2024,132
user3,03/09/2024,281
user3,04/09/2024,284
user3,05/09/2024,169
user3,06/09/2024,196
user3,07/09/2024,154
user3,08/09/2024,180
user3,09/09/2024,206
user3,10/09/2024,35
user3,11/09/2024,46
user3,12/09/2024,112
user3,13/09/2024,29
user3,14/09/2024,213
user3,15/09/2024,268
user3,16/09/2024,307
user3,17/09/2024,108
user3,18/09/2024,7
user3,19/09/2024,122
user3,20/09/2024,458
user3,21/09/2024,85
user3,22/09/2024,298
user3,23/09/2024,0
user3,24/09/2024,279
user3,25/09/2024,220
user3,26/09/2024,216
user3,27/09/2024,266
user3,28/09/2024,234
user3,29/09/2024,189
user3,30/09/2024,76
user3,01/10/2024,227
user3,02/10/2024,206
user3,03/10/2024,68
user3,04/10/2024,28
user3,05/10/2024,180
user3,06/10/2024,179
user3,07/10/2024,106
user3,08/10/2024,126
user3,09/10/2024,238
user3,10/10/2024,167
user3,11/10/2024,256
user3,12/10/2024,255
user3,13/10/2024,139
user3,14/10/2024,147
user3,15/10/2024,114
user3,16/10/2024,162
user3,17/10/2024,201
user3,18/10/2024,151
user3,19/10/2024,311
user3,20/10/2024,141
user3,21/10/2024,264
user3,22/10/2024,21
user3,23/10/2024,259
user3,24/10/2024,139
user3,25/10/2024,99
user3,26/10/2024,345
user3,27/10/2024,221
user3,28/10/2024,122
user3,29/10/2024,154
user3,30/10/2024,0
user3,31/10/2024,40
user3,01/11/2024,168
user3,02/11/2024,189
user3,03/11/2024,170
user3,04/11/2024,193
user3,05/11/2024,244
user3,06/11/2024,154
user3,07/11/2024,304
user3,08/11/2024,166
user3,09/11/2024,137
user3,10/11/2024,89
user3,11/11/2024,195
user3,12/11/2024,249
user3,13/11/2024,25
user3,14/11/2024,274
user3,15/11/2024,198
user3,16/11/2024,180
user3,17/11/2024,296
user3,18/11/2024,323
user3,19/11/2024,149
user3,20/11/2024,314
user3,21/11/2024,197
user3,22/11/2024,254
user3,23/11/2024,146
user3,24/11/2024,250
user3,25/11/2024,178
user3,26/11/2024,254
user3,27/11/2024,113
user3,28/11/2024,0
user3,29/11/2024,306
user3,30/11/2024,195
user3,01/12/2024,148
user3,02/12/2024,143
user3,03/12/2024,217
user3,04/12/2024,255
user3,05/12/2024,117
user3,06/12/2024,287
user3,07/12/2024,173
user3,08/12/2024,136
user3,09/12/2024,10
user3,10/12/2024,281
user3,11/12/2024,150
user3,12/12/2024,116
user3,13/12/2024,266
user3,14/12/2024,314
user3,15/12/2024,103
user3,16/12/2024,196
user3,17/12/2024,150
user3,18/12/2024,142
user3,19/12/2024,237
user3,20/12/2024,40
user3,21/12/2024,100
user3,22/12/2024,224
user3,23/12/2024,160
user3,24/12/2024,182
user3,25/12/2024,271
user3,26/12/2024,269
user3,27/12/2024,133
user3,28/12/2024,195
user3,29/12/2024,56
user3,30/12/2024,186
user4,01/01/2024,101
user4,02/01/2024,183
user4,03/01/2024,98
user4,04/01/2024,256
user4,05/01/2024,224
user4,06/01/2024,187
user4,07/01/2024,211
user4,08/01/2024,85
user4,09/01/2024,208
user4,10/01/2024,199
user4,11/01/2024,114
user4,12/01/2024,133
user4,13/01/2024,124
user4,14/01/2024,164
user4,15/01/2024,188
user4,16/01/2024,194
user4,17/01/2024,235
user4,18/01/2024,159
user4,19/01/2024,198
user4,20/01/2024,208
user4,21/01/2024,122
user4,22/01/2024,124
user4,23/01/2024,160
user4,24/01/2024,0
user4,25/01/2024,143
user4,26/01/2024,285
user4,27/01/2024,148
user4,28/01/2024,109
user4,29/01/2024,148
user4,30/01/2024,268
user4,31/01/2024,159
user4,01/02/2024,147
user4,02/02/2024,226
user4,03/02/2024,87
user4,04/02/2024,89
user4,05/02/2024,18
user4,06/02/2024,184
user4,07/02/2024,129
user4,08/02/2024,224
user4,09/02/2024,131
user4,10/02/2024,181
user4,11/02/2024,206
user4,12/02/2024,239
user4,13/02/2024,255
user4,14/02/2024,231
user4,15/02/2024,131
user4,16/02/2024,266
user4,17/02/2024,272
user4,18/02/2024,132
user4,19/02/2024,0
user4,20/02/2024,240
user4,21/02/2024,227
user4,22/02/2024,267
user4,23/02/2024,199
user4,24/02/2024,143
user4,25/02/2024,24
user4,26/02/2024,66
user4,27/02/2024,225
user4,28/02/2024,205
user4,29/02/2024,148
user4,01/03/2024,249
user4,02/03/2024,201
user4,03/03/2024,253
user4,04/03/2024,317
user4,05/03/2024,118
user4,06/03/2024,115
user4,07/03/2024,134
user4,08/03/2024,224
user4,09/03/2024,204
user4,10/03/2024,95
user4,11/03/2024,106
user4,12/03/2024,76
user4,13/03/2024,144
user4,14/03/2024,55
user4,15/03/2024,45
user4,16/03/2024,82
user4,17/03/2024,157
user4,18/03/2024,145
user4,19/03/2024,231
user4,20/03/2024,228
user4,21/03/2024,290
user4,22/03/2024,201
user4,23/03/2024,57
user4,24/03/2024,45
user4,25/03/2024,137
user4,26/03/2024,214
user4,27/03/2024,170
user4,28/03/2024,203
user4,29/03/2024,267
user4,30/03/2024,107
user4,31/03/2024,280
user4,01/04/2024,178
user4,02/04/2024,200
user4,03/04/2024,140
user4,04/04/2024,260
user4,05/04/2024,169
user4,06/04/2024,159
user4,07/04/2024,144
user4,08/04/2024,179
user4,09/04/2024,155
user4,10/04/2024,143
user4,11/04/2024,221
user4,12/04/2024,152
user4,13/04/2024,258
user4,14/04/2024,300
user4,15/04/2024,38
user4,16/04/2024,199
user4,17/04/2024,241
user4,18/04/2024,222
user4,19/04/2024,202
user4,20/04/2024,62
user4,21/04/2024,101
user4,22/04/2024,216
user4,23/04/2024,31
user4,24/04/2024,162
user4,25/04/2024,216
user4,26/04/2024,248
user4,27/04/2024,188
user4,28/04/2024,184
user4,29/04/2024,152
user4,30/04/2024,153
user4,01/05/2024,124
user4,02/05/2024,202
user4,03/05/2024,101
user4,04/05/2024,160
user4,05/05/2024,237
user4,06/05/2024,204
user4,07/05/2024,0
user4,08/05/2024,219
user4,09/05/2024,163
user4,10/05/2024,291
user4,11/05/2024,98
user4,12/05/2024,249
user4,13/05/2024,40
user4,14/05/2024,279
user4,15/05/2024,212
user4,16/05/2024,128
user4,17/05/2024,147
user4,18/05/2024,91
user4,19/05/2024,64
user4,20/05/2024,135
user4,21/05/2024,79
user4,22/05/2024,144
user4,23/05/2024,174
user4,24/05/2024,85
user4,25/05/2024,183
user4,26/05/2024,110
user4,27/05/2024,191
user4,28/05/2024,278
user4,29/05/2024,67
user4,30/05/2024,177
user4,31/05/2024,205
user4,01/06/2024,201
user4,02/06/2024,225
user4,03/06/2024,34
user4,04/06/2024,215
user4,05/06/2024,144
user4,06/06/2024,0
user4,07/06/2024,243
user4,08/06/2024,353
user4,09/06/2024,122
user4,10/06/2024,130
user4,11/06/2024,223
user4,12/06/2024,91
user4,13/06/2024,103
user4,14/06/2024,185
user4,15/06/2024,271
user4,16/06/2024,235
user4,17/06/2024,162
user4,18/06/2024,51
user4,19/06/2024,229
user4,20/06/2024,160
user4,21/06/2024,161
user4,22/06/2024,137
user4,23/06/2024,90
user4,24/06/2024,271
user4,25/06/2024,112
user4,26/06/2024,197
user4,27/06/2024,90
user4,28/06/2024,190
user4,29/06/2024,184
user4,30/06/2024,72
user4,01/07/2024,69
user4,02/07/2024,122
user4,03/07/2024,136
user4,04/07/2024,59
user4,05/07/2024,137
user4,06/07/2024,320
user4,07/07/2024,220
user4,08/07/2024,322
user4,09/07/2024,141
user4,10/07/2024,199
user4,11/07/2024,195
user4,12/07/2024,287
user4,13/07/2024,113
user4,14/07/2024,209
user4,15/07/2024,228
user4,16/07/2024,74
user4,17/07/2024,166
user4,18/07/2024,150
user4,19/07/2024,233
user4,20/07/2024,88
user4,21/07/2024,243
user4,22/07/2024,250
user4,23/07/2024,142
user4,24/07/2024,224
user4,25/07/2024,203
user4,26/07/2024,147
user4,27/07/2024,87
user4,28/07/2024,32
user4,29/07/2024,161
user4,30/07/2024,334
user4,31/07/2024,355
user4,01/08/2024,175
user4,02/08/2024,386
user4,03/08/2024,204
user4,04/08/2024,228
user4,05/08/2024,113
user4,06/08/2024,175
user4,07/08/2024,339
user4,08/08/2024,233
user4,09/08/2024,70
user4,10/08/2024,106
user4,11/08/2024,313
user4,12/08/2024,156
user4,13/08/2024,232
user4,14/08/2024,202
user4,15/08/2024,159
user4,16/08/2024,234
user4,17/08/2024,179
user4,18/08/2024,82
user4,19/08/2024,79
user4,20/08/2024,183
user4,21/08/2024,105
user4,22/08/2024,54
user4,23/08/2024,204
user4,24/08/2024,291
user4,25/08/2024,117
user4,26/08/2024,234
user4,27/08/2024,110
user4,28/08/2024,148
user4,29/08/2024,72
user4,30/08/2024,240
user4,31/08/2024,199
user4,01/09/2024,192
user4,02/09/2024,33
user4,03/09/2024,155
user4,04/09/2024,272
user4,05/09/2024,187
user4,06/09/2024,184
user4,07/09/2024,170
user4,08/09/2024,157
user4,09/09/2024,257
user4,10/09/2024,322
user4,11/09/2024,196
user4,12/09/2024,110
user4,13/09/2024,25
user4,14/09/2024,194
user4,15/09/2024,163
user4,16/09/2024,149
user4,17/09/2024,190
user4,18/09/2024,114
user4,19/09/2024,104
user4,20/09/2024,282
user4,21/09/2024,203
user4,22/09/2024,140
user4,23/09/2024,78
user4,24/09/2024,225
user4,25/09/2024,110
user4,26/09/2024,53
user4,27/09/2024,70
user4,28/09/2024,191
user4,29/09/2024,84
user4,30/09/2024,159
user4,01/10/2024,83
user4,02/10/2024,107
user4,03/10/2024,115
user4,04/10/2024,19
user4,05/10/2024,259
user4,06/10/2024,151
user4,07/10/2024,194
user4,08/10/2024,102
user4,09/10/2024,227
user4,10/10/2024,90
user4,11/10/2024,279
user4,12/10/2024,163
user4,13/10/2024,245
user4,14/10/2024,270
user4,15/10/2024,189
user4,16/10/2024,153
user4,17/10/2024,22
user4,18/10/2024,180
user4,19/10/2024,261
user4,20/10/2024,154
user4,21/10/2024,158
user4,22/10/2024,103
user4,23/10/2024,247
user4,24/10/2024,162
user4,25/10/2024,374
user4,26/10/2024,187
user4,27/10/2024,40
user4,28/10/2024,242
user4,29/10/2024,240
user4,30/10/2024,108
user4,31/10/2024,131
user4,01/11/2024,185
user4,02/11/2024,135
user4,03/11/2024,104
user4,04/11/2024,35
user4,05/11/2024,150
user4,06/11/2024,207
user4,07/11/2024,104
user4,08/11/2024,121
user4,09/11/2024,0
user4,10/11/2024,125
user4,11/11/2024,228
user4,12/11/2024,160
user4,13/11/2024,211
user4,14/11/2024,237
user4,15/11/2024,213
user4,16/11/2024,256
user4,17/11/2024,235
user4,18/11/2024,297
user4,19/11/2024,119
user4,20/11/2024,134
user4,21/11/2024,116
user4,22/11/2024,129
user4,23/11/2024,140
user4,24/11/2024,0
user4,25/11/2024,221
user4,26/11/2024,183
user4,27/11/2024,131
user4,28/11/2024,246
user4,29/11/2024,39
user4,30/11/2024,73
user4,01/12/2024,210
user4,02/12/2024,92
user4,03/12/2024,68
user4,04/12/2024,251
user4,05/12/2024,232
user4,06/12/2024,216
user4,07/12/2024,131
user4,08/12/2024,185
user4,09/12/2024,60
user4,10/12/2024,137
user4,11/12/2024,136
user4,12/12/2024,190
user4,13/12/2024,58
user4,14/12/2024,261
user4,15/12/2024,123
user4,16/12/2024,385
user4,17/12/2024,223
user4,18/12/2024,170
user4,19/12/2024,185
user4,20/12/2024,59
user4,21/12/2024,298
user4,22/12/2024,159
user4,23/12/2024,49
user4,24/12/2024,98
user4,25/12/2024,146
user4,26/12/2024,195
user4,27/12/2024,254
user4,28/12/2024,268
user4,29/12/2024,186
user4,30/12/2024,279
user5,01/01/2024,103
user5,02/01/2024,171
user5,03/01/2024,216
user5,04/01/2024,313
user5,05/01/2024,306
user5,06/01/2024,265
user5,07/01/2024,159
user5,08/01/2024,221
user5,09/01/2024,315
user5,10/01/2024,230
user5,11/01/2024,98
user5,12/01/2024,302
user5,13/01/2024,155
user5,14/01/2024,185
user5,15/01/2024,257
user5,16/01/2024,186
user5,17/01/2024,280
user5,18/01/2024,129
user5,19/01/2024,185
user5,20/01/2024,213
user5,21/01/2024,106
user5,22/01/2024,156
user5,23/01/2024,221
user5,24/01/2024,234
user5,25/01/2024,126
user5,26/01/2024,193
user5,27/01/2024,224
user5,28/01/2024,271
user5,29/01/2024,379
user5,30/01/2024,268
user5,31/01/2024,40
user5,01/02/2024,173
user5,02/02/2024,47
user5,03/02/2024,283
user5,04/02/2024,163
user5,05/02/2024,284
user5,06/02/2024,60
user5,07/02/2024,231
user5,08/02/2024,180
user5,09/02/2024,225
user5,10/02/2024,137
user5,11/02/2024,288
user5,12/02/2024,96
user5,13/02/2024,319
user5,14/02/2024,189
user5,15/02/2024,208
user5,16/02/2024,396
user5,17/02/2024,345
user5,18/02/2024,226
user5,19/02/2024,257
user5,20/02/2024,232
user5,21/02/2024,121
user5,22/02/2024,217
user5,23/02/2024,353
user5,24/02/2024,184
user5,25/02/2024,201
user5,26/02/2024,301
user5,27/02/2024,232
user5,28/02/2024,134
user5,29/02/2024,279
user5,01/03/2024,64
user5,02/03/2024,284
user5,03/03/2024,176
user5,04/03/2024,81
user5,05/03/2024,221
user5,06/03/2024,210
user5,07/03/2024,248
user5,08/03/2024,285
user5,09/03/2024,350
user5,10/03/2024,242
user5,11/03/2024,250
user5,12/03/2024,171
user5,13/03/2024,58
user5,14/03/2024,139
user5,15/03/2024,332
user5,16/03/2024,243
user5,17/03/2024,249
user5,18/03/2024,319
user5,19/03/2024,316
user5,20/03/2024,115
user5,21/03/2024,198
user5,22/03/2024,147
user5,23/03/2024,162
user5,24/03/2024,173
user5,25/03/2024,150
user5,26/03/2024,108
user5,27/03/2024,234
user5,28/03/2024,278
user5,29/03/2024,150
user5,30/03/2024,227
user5,31/03/2024,266
user5,01/04/2024,316
user5,02/04/2024,365
user5,03/04/2024,230
user5,04/04/2024,400
user5,05/04/2024,323
user5,06/04/2024,292
user5,07/04/2024,276
user5,08/04/2024,230
user5,09/04/2024,56
user5,10/04/2024,260
user5,11/04/2024,56
user5,12/04/2024,189
user5,13/04/2024,76
user5,14/04/2024,118
user5,15/04/2024,197
user5,16/04/2024,317
user5,17/04/2024,162
user5,18/04/2024,240
user5,19/04/2024,246
user5,20/04/2024,147
user5,21/04/2024,376
user5,22/04/2024,262
user5,23/04/2024,161
user5,24/04/2024,261
user5,25/04/2024,256
user5,26/04/2024,293
user5,27/04/2024,241
user5,28/04/2024,192
user5,29/04/2024,198
user5,30/04/2024,292
user5,01/05/2024,193
user5,02/05/2024,272
user5,03/05/2024,423
user5,04/05/2024,305
user5,05/05/2024,234
user5,06/05/2024,106
user5,07/05/2024,95
user5,08/05/2024,205
user5,09/05/2024,31
user5,10/05/2024,284
user5,11/05/2024,278
user5,12/05/2024,263
user5,13/05/2024,337
user5,14/05/2024,266
user5,15/05/2024,295
user5,16/05/2024,215
user5,17/05/2024,212
user5,18/05/2024,364
user5,19/05/2024,115
user5,20/05/2024,339
user5,21/05/2024,245
user5,22/05/2024,285
user5,23/05/2024,241
user5,24/05/2024,117
user5,25/05/2024,157
user5,26/05/2024,269
user5,27/05/2024,156
user5,28/05/2024,188
user5,29/05/2024,163
user5,30/05/2024,278
user5,31/05/2024,209
user5,01/06/2024,289
user5,02/06/2024,329
user5,03/06/2024,192
user5,04/06/2024,241
user5,05/06/2024,247
user5,06/06/2024,315
user5,07/06/2024,167
user5,08/06/2024,222
user5,09/06/2024,351
user5,10/06/2024,313
user5,11/06/2024,211
user5,12/06/2024,126
user5,13/06/2024,318
user5,14/06/2024,248
user5,15/06/2024,114
user5,16/06/2024,189
user5,17/06/2024,198
user5,18/06/2024,243
user5,19/06/2024,314
user5,20/06/2024,291
user5,21/06/2024,225
user5,22/06/2024,257
user5,23/06/2024,310
user5,24/06/2024,309
user5,25/06/2024,214
user5,26/06/2024,334
user5,27/06/2024,202
user5,28/06/2024,423
user5,29/06/2024,343
user5,30/06/2024,185
user5,01/07/2024,264
user5,02/07/2024,182
user5,03/07/2024,308
user5,04/07/2024,252
user5,05/07/2024,348
user5,06/07/2024,333
user5,07/07/2024,251
user5,08/07/2024,401
user5,09/07/2024,241
user5,10/07/2024,131
user5,11/07/2024,129
user5,12/07/2024,163
user5,13/07/2024,249
user5,14/07/2024,299
user5,15/07/2024,253
user5,16/07/2024,95
user5,17/07/2024,163
user5,18/07/2024,247
user5,19/07/2024,426
user5,20/07/2024,348
user5,21/07/2024,163
user5,22/07/2024,177
user5,23/07/2024,164
user5,24/07/2024,140
user5,25/07/2024,108
user5,26/07/2024,307
user5,27/07/2024,327
user5,28/07/2024,97
user5,29/07/2024,271
user5,30/07/2024,243
user5,31/07/2024,271
user5,01/08/2024,298
user5,02/08/2024,270
user5,03/08/2024,381
user5,04/08/2024,287
user5,05/08/2024,189
user5,06/08/2024,190
user5,07/08/2024,280
user5,08/08/2024,302
user5,09/08/2024,165
user5,10/08/2024,130
user5,11/08/2024,372
user5,12/08/2024,137
user5,13/08/2024,272
user5,14/08/2024,208
user5,15/08/2024,314
user5,16/08/2024,164
user5,17/08/2024,161
user5,18/08/2024,178
user5,19/08/2024,247
user5,20/08/2024,194
user5,21/08/2024,257
user5,22/08/2024,93
user5,23/08/2024,276
user5,24/08/2024,188
user5,25/08/2024,177
user5,26/08/2024,308
user5,27/08/2024,318
user5,28/08/2024,326
user5,29/08/2024,284
user5,30/08/2024,244
user5,31/08/2024,246
user5,01/09/2024,260
user5,02/09/2024,313
user5,03/09/2024,187
user5,04/09/2024,177
user5,05/09/2024,155
user5,06/09/2024,290
user5,07/09/2024,214
user5,08/09/2024,229
user5,09/09/2024,353
user5,10/09/2024,253
user5,11/09/2024,289
user5,12/09/2024,277
user5,13/09/2024,279
user5,14/09/2024,175
user5,15/09/2024,251
user5,16/09/2024,248
user5,17/09/2024,301
user5,18/09/2024,341
user5,19/09/2024,242
user5,20/09/2024,264
user5,21/09/2024,265
user5,22/09/2024,267
user5,23/09/2024,363
user5,24/09/2024,283
user5,25/09/2024,283
user5,26/09/2024,356
user5,27/09/2024,203
user5,28/09/2024,180
user5,29/09/2024,90
user5,30/09/2024,305
user5,01/10/2024,273
user5,02/10/2024,302
user5,03/10/2024,202
user5,04/10/2024,313
user5,05/10/2024,277
user5,06/10/2024,266
user5,07/10/2024,324
user5,08/10/2024,281
user5,09/10/2024,118
user5,10/10/2024,365
user5,11/10/2024,372
user5,12/10/2024,202
user5,13/10/2024,259
user5,14/10/2024,313
user5,15/10/2024,268
user5,16/10/2024,296
user5,17/10/2024,215
user5,18/10/2024,388
user5,19/10/2024,229
user5,20/10/2024,148
user5,21/10/2024,100
user5,22/10/2024,154
user5,23/10/2024,272
user5,24/10/2024,262
user5,25/10/2024,269
user5,26/10/2024,203
user5,27/10/2024,95
user5,28/10/2024,254
user5,29/10/2024,272
user5,30/10/2024,253
user5,31/10/2024,124
user5,01/11/2024,292
user5,02/11/2024,208
user5,03/11/2024,200
user5,04/11/2024,186
user5,05/11/2024,62
user5,06/11/2024,374
user5,07/11/2024,233
user5,08/11/2024,339
user5,09/11/2024,191
user5,10/11/2024,315
user5,11/11/2024,239
user5,12/11/2024,199
user5,13/11/2024,368
user5,14/11/2024,0
user5,15/11/2024,124
user5,16/11/2024,304
user5,17/11/2024,339
user5,18/11/2024,387
user5,19/11/2024,303
user5,20/11/2024,158
user5,21/11/2024,190
user5,22/11/2024,258
user5,23/11/2024,162
user5,24/11/2024,104
user5,25/11/2024,208
user5,26/11/2024,322
user5,27/11/2024,273
user5,28/11/2024,161
user5,29/11/2024,209
user5,30/11/2024,32
user5,01/12/2024,214
user5,02/12/2024,177
user5,03/12/2024,34
user5,04/12/2024,116
user5,05/12/2024,144
user5,06/12/2024,370
user5,07/12/2024,302
user5,08/12/2024,310
user5,09/12/2024,295
user5,10/12/2024,291
user5,11/12/2024,200
user5,12/12/2024,257
user5,13/12/2024,267
user5,14/12/2024,49
user5,15/12/2024,175
user5,16/12/2024,81
user5,17/12/2024,232
user5,18/12/2024,174
user5,19/12/2024,295
user5,20/12/2024,287
user5,21/12/2024,303
user5,22/12/2024,208
user5,23/12/2024,313
user5,24/12/2024,172
user5,25/12/2024,291
user5,26/12/2024,139
user5,27/12/2024,325
user5,28/12/2024,303
user5,29/12/2024,386
user5,30/12/2024,217
user6,01/01/2024,334
user6,02/01/2024,305
user6,03/01/2024,278
user6,04/01/2024,253
user6,05/01/2024,324
user6,06/01/2024,314
user6,07/01/2024,224
user6,08/01/2024,311
user6,09/01/2024,252
user6,10/01/2024,275
user6,11/01/2024,155
user6,12/01/2024,210
user6,13/01/2024,188
user6,14/01/2024,255
user6,15/01/2024,232
user6,16/01/2024,295
user6,17/01/2024,239
user6,18/01/2024,310
user6,19/01/2024,362
user6,20/01/2024,355
user6,21/01/2024,183
user6,22/01/2024,300
user6,23/01/2024,371
user6,24/01/2024,386
user6,25/01/2024,146
user6,26/01/2024,332
user6,27/01/2024,324
user6,28/01/2024,400
user6,29/01/2024,256
user6,30/01/2024,277
user6,31/01/2024,318
user6,01/02/2024,346
user6,02/02/2024,232
user6,03/02/2024,233
user6,04/02/2024,246
user6,05/02/2024,371
user6,06/02/2024,490
user6,07/02/2024,261
user6,08/02/2024,280
user6,09/02/2024,249
user6,10/02/2024,275
user6,11/02/2024,86
user6,12/02/2024,327
user6,13/02/2024,345
user6,14/02/2024,321
user6,15/02/2024,277
user6,16/02/2024,394
user6,17/02/2024,273
user6,18/02/2024,277
user6,19/02/2024,343
user6,20/02/2024,200
user6,21/02/2024,279
user6,22/02/2024,155
user6,23/02/2024,338
user6,24/02/2024,265
user6,25/02/2024,247
user6,26/02/2024,186
user6,27/02/2024,362
user6,28/02/2024,238
user6,29/02/2024,246
user6,01/03/2024,291
user6,02/03/2024,240
user6,03/03/2024,235
user6,04/03/2024,319
user6,05/03/2024,311
user6,06/03/2024,403
user6,07/03/2024,337
user6,08/03/2024,286
user6,09/03/2024,372
user6,10/03/2024,222
user6,11/03/2024,130
user6,12/03/2024,184
user6,13/03/2024,219
user6,14/03/2024,297
user6,15/03/2024,185
user6,16/03/2024,276
user6,17/03/2024,305
user6,18/03/2024,183
user6,19/03/2024,258
user6,20/03/2024,323
user6,21/03/2024,254
user6,22/03/2024,261
user6,23/03/2024,305
user6,24/03/2024,262
user6,25/03/2024,299
user6,26/03/2024,210
user6,27/03/2024,384
user6,28/03/2024,321
user6,29/03/2024,350
user6,30/03/2024,317
user6,31/03/2024,260
user6,01/04/2024,309
user6,02/04/2024,226
user6,03/04/2024,282
user6,04/04/2024,260
user6,05/04/2024,274
user6,06/04/2024,286
user6,07/04/2024,329
user6,08/04/2024,289
user6,09/04/2024,69
user6,10/04/2024,382
user6,11/04/2024,281
user6,12/04/2024,267
user6,13/04/2024,234
user6,14/04/2024,260
user6,15/04/2024,298
user6,16/04/2024,360
user6,17/04/2024,331
user6,18/04/2024,298
user6,19/04/2024,246
user6,20/04/2024,360
user6,21/04/2024,281
user6,22/04/2024,205
user6,23/04/2024,299
user6,24/04/2024,293
user6,25/04/2024,328
user6,26/04/2024,191
user6,27/04/2024,435
user6,28/04/2024,214
user6,29/04/2024,293
user6,30/04/2024,196
user6,01/05/2024,307
user6,02/05/2024,183
user6,03/05/2024,273
user6,04/05/2024,269
user6,05/05/2024,352
user6,06/05/2024,347
user6,07/05/2024,248
user6,08/05/2024,395
user6,09/05/2024,237
user6,10/05/2024,277
user6,11/05/2024,141
user6,12/05/2024,207
user6,13/05/2024,283
user6,14/05/2024,362
user6,15/05/2024,276
user6,16/05/2024,301
user6,17/05/2024,318
user6,18/05/2024,224
user6,19/05/2024,148
user6,20/05/2024,263
user6,21/05/2024,284
user6,22/05/2024,316
user6,23/05/2024,335
user6,24/05/2024,295
user6,25/05/2024,241
user6,26/05/2024,329
user6,27/05/2024,393
user6,28/05/2024,251
user6,29/05/2024,435
user6,30/05/2024,222
user6,31/05/2024,211
user6,01/06/2024,275
user6,02/06/2024,339
user6,03/06/2024,207
user6,04/06/2024,160
user6,05/06/2024,317
user6,06/06/2024,253
user6,07/06/2024,180
user6,08/06/2024,204
user6,09/06/2024,203
user6,10/06/2024,190
user6,11/06/2024,275
user6,12/06/2024,344
user6,13/06/2024,249
user6,14/06/2024,441
user6,15/06/2024,324
user6,16/06/2024,295
user6,17/06/2024,408
user6,18/06/2024,301
user6,19/06/2024,238
user6,20/06/2024,199
user6,21/06/2024,312
user6,22/06/2024,138
user6,23/06/2024,414
user6,24/06/2024,281
user6,25/06/2024,415
user6,26/06/2024,301
user6,27/06/2024,341
user6,28/06/2024,328
user6,29/06/2024,429
user6,30/06/2024,396
user6,01/07/2024,321
user6,02/07/2024,426
user6,03/07/2024,281
user6,04/07/2024,309
user6,05/07/2024,238
user6,06/07/2024,280
user6,07/07/2024,273
user6,08/07/2024,351
user6,09/07/2024,299
user6,10/07/2024,315
user6,11/07/2024,213
user6,12/07/2024,294
user6,13/07/2024,278
user6,14/07/2024,386
user6,15/07/2024,136
user6,16/07/2024,321
user6,17/07/2024,227
user6,18/07/2024,344
user6,19/07/2024,259
user6,20/07/2024,318
user6,21/07/2024,277
user6,22/07/2024,409
user6,23/07/2024,231
user6,24/07/2024,420
user6,25/07/2024,255
user6,26/07/2024,312
user6,27/07/2024,358
user6,28/07/2024,256
user6,29/07/2024,261
user6,30/07/2024,224
user6,31/07/2024,175
user6,01/08/2024,375
user6,02/08/2024,242
user6,03/08/2024,345
user6,04/08/2024,242
user6,05/08/2024,305
user6,06/08/2024,342
user6,07/08/2024,167
user6,08/08/2024,305
user6,09/08/2024,411
user6,10/08/2024,354
user6,11/08/2024,370
user6,12/08/2024,313
user6,13/08/2024,270
user6,14/08/2024,307
user6,15/08/2024,277
user6,16/08/2024,315
user6,17/08/2024,358
user6,18/08/2024,449
user6,19/08/2024,114
user6,20/08/2024,210
user6,21/08/2024,466
user6,22/08/2024,405
user6,23/08/2024,397
user6,24/08/2024,255
user6,25/08/2024,215
user6,26/08/2024,467
user6,27/08/2024,368
user6,28/08/2024,178
user6,29/08/2024,292
user6,30/08/2024,293
user6,31/08/2024,199
user6,01/09/2024,282
user6,02/09/2024,326
user6,03/09/2024,156
user6,04/09/2024,407
user6,05/09/2024,184
user6,06/09/2024,169
user6,07/09/2024,314
user6,08/09/2024,167
user6,09/09/2024,231
user6,10/09/2024,375
user6,11/09/2024,283
user6,12/09/2024,383
user6,13/09/2024,408
user6,14/09/2024,304
user6,15/09/2024,168
user6,16/09/2024,214
user6,17/09/2024,426
user6,18/09/2024,341
user6,19/09/2024,311
user6,20/09/2024,437
user6,21/09/2024,325
user6,22/09/2024,288
user6,23/09/2024,295
user6,24/09/2024,318
user6,25/09/2024,383
user6,26/09/2024,292
user6,27/09/2024,327
user6,28/09/2024,376
user6,29/09/2024,242
user6,30/09/2024,300
user6,01/10/2024,365
user6,02/10/2024,455
user6,03/10/2024,298
user6,04/10/2024,399
user6,05/10/2024,320
user6,06/10/2024,247
user6,07/10/2024,305
user6,08/10/2024,105
user6,09/10/2024,286
user6,10/10/2024,266
user6,11/10/2024,298
user6,12/10/2024,335
user6,13/10/2024,368
user6,14/10/2024,286
user6,15/10/2024,361
user6,16/10/2024,296
user6,17/10/2024,313
user6,18/10/2024,359
user6,19/10/2024,379
user6,20/10/2024,329
user6,21/10/2024,298
user6,22/10/2024,382
user6,23/10/2024,256
user6,24/10/2024,228
user6,25/10/2024,125
user6,26/10/2024,196
user6,27/10/2024,385
user6,28/10/2024,235
user6,29/10/2024,357
user6,30/10/2024,397
user6,31/10/2024,308
user6,01/11/2024,294
user6,02/11/2024,349
user6,03/11/2024,345
user6,04/11/2024,234
user6,05/11/2024,303
user6,06/11/2024,233
user6,07/11/2024,241
user6,08/11/2024,215
user6,09/11/2024,288
user6,10/11/2024,273
user6,11/11/2024,234
user6,12/11/2024,409
user6,13/11/2024,276
user6,14/11/2024,201
user6,15/11/2024,380
user6,16/11/2024,400
user6,17/11/2024,241
user6,18/11/2024,212
user6,19/11/2024,307
user6,20/11/2024,323
user6,21/11/2024,274
user6,22/11/2024,255
user6,23/11/2024,388
user6,24/11/2024,231
user6,25/11/2024,314
user6,26/11/2024,208
user6,27/11/2024,239
user6,28/11/2024,325
user6,29/11/2024,225
user6,30/11/2024,245
user6,01/12/2024,202
user6,02/12/2024,269
user6,03/12/2024,118
user6,04/12/2024,196
user6,05/12/2024,448
user6,06/12/2024,281
user6,07/12/2024,303
user6,08/12/2024,253
user6,09/12/2024,409
user6,10/12/2024,352
user6,11/12/2024,234
user6,12/12/2024,267
user6,13/12/2024,312
user6,14/12/2024,380
user6,15/12/2024,314
user6,16/12/2024,264
user6,17/12/2024,290
user6,18/12/2024,345
user6,19/12/2024,193
user6,20/12/2024,472
user6,21/12/2024,280
user6,22/12/2024,391
user6,23/12/2024,245
user6,24/12/2024,402
user6,25/12/2024,352
user6,26/12/2024,264
user6,27/12/2024,335
user6,28/12/2024,197
user6,29/12/2024,239
user6,30/12/2024,332
user7,01/01/2024,255
user7,02/01/2024,161
user7,03/01/2024,14
user7,04/01/2024,104
user7,05/01/2024,48
user7,06/01/2024,198
user7,07/01/2024,83
user7,08/01/2024,108
user7,09/01/2024,230
user7,10/01/2024,175
user7,11/01/2024,0
user7,12/01/2024,90
user7,13/01/2024,83
user7,14/01/2024,59
user7,15/01/2024,94
user7,16/01/2024,57
user7,17/01/2024,44
user7,18/01/2024,125
user7,19/01/2024,25
user7,20/01/2024,153
user7,21/01/2024,103
user7,22/01/2024,213
user7,23/01/2024,190
user7,24/01/2024,209
user7,25/01/2024,194
user7,26/01/2024,163
user7,27/01/2024,55
user7,28/01/2024,65
user7,29/01/2024,300
user7,30/01/2024,53
user7,31/01/2024,230
user7,01/02/2024,155
user7,02/02/2024,156
user7,03/02/2024,27
user7,04/02/2024,301
user7,05/02/2024,213
user7,06/02/2024,165
user7,07/02/2024,41
user7,08/02/2024,63
user7,09/02/2024,92
user7,10/02/2024,147
user7,11/02/2024,221
user7,12/02/2024,165
user7,13/02/2024,189
user7,14/02/2024,0
user7,15/02/2024,306
user7,16/02/2024,146
user7,17/02/2024,157
user7,18/02/2024,0
user7,19/02/2024,235
user7,20/02/2024,0
user7,21/02/2024,125
user7,22/02/2024,0
user7,23/02/2024,0
user7,24/02/2024,135
user7,25/02/2024,218
user7,26/02/2024,312
user7,27/02/2024,22
user7,28/02/2024,47
user7,29/02/2024,77
user7,01/03/2024,150
user7,02/03/2024,100
user7,03/03/2024,0
user7,04/03/2024,14
user7,05/03/2024,188
user7,06/03/2024,22
user7,07/03/2024,11
user7,08/03/2024,186
user7,09/03/2024,16
user7,10/03/2024,118
user7,11/03/2024,84
user7,12/03/2024,134
user7,13/03/2024,126
user7,14/03/2024,283
user7,15/03/2024,90
user7,16/03/2024,128
user7,17/03/2024,232
user7,18/03/2024,68
user7,19/03/2024,108
user7,20/03/2024,0
user7,21/03/2024,86
user7,22/03/2024,165
user7,23/03/2024,129
user7,24/03/2024,185
user7,25/03/2024,92
user7,26/03/2024,142
user7,27/03/2024,0
user7,28/03/2024,0
user7,29/03/2024,125
user7,30/03/2024,148
user7,31/03/2024,281
user7,01/04/2024,58
user7,02/04/2024,157
user7,03/04/2024,91
user7,04/04/2024,213
user7,05/04/2024,70
user7,06/04/2024,156
user7,07/04/2024,30
user7,08/04/2024,98
user7,09/04/2024,294
user7,10/04/2024,0
user7,11/04/2024,224
user7,12/04/2024,25
user7,13/04/2024,176
user7,14/04/2024,87
user7,15/04/2024,85
user7,16/04/2024,212
user7,17/04/2024,68
user7,18/04/2024,0
user7,19/04/2024,226
user7,20/04/2024,102
user7,21/04/2024,192
user7,22/04/2024,230
user7,23/04/2024,241
user7,24/04/2024,0
user7,25/04/2024,0
user7,26/04/2024,38
user7,27/04/2024,200
user7,28/04/2024,217
user7,29/04/2024,9
user7,30/04/2024,0
user7,01/05/2024,98
user7,02/05/2024,53
user7,03/05/2024,92
user7,04/05/2024,61
user7,05/05/2024,194
user7,06/05/2024,201
user7,07/05/2024,37
user7,08/05/2024,251
user7,09/05/2024,165
user7,10/05/2024,238
user7,11/05/2024,27
user7,12/05/2024,157
user7,13/05/2024,16
user7,14/05/2024,5
user7,15/05/2024,200
user7,16/05/2024,171
user7,17/05/2024,119
user7,18/05/2024,105
user7,19/05/2024,114
user7,20/05/2024,78
user7,21/05/2024,47
user7,22/05/2024,113
user7,23/05/2024,95
user7,24/05/2024,172
user7,25/05/2024,175
user7,26/05/2024,97
user7,27/05/2024,99
user7,28/05/2024,150
user7,29/05/2024,22
user7,30/05/2024,237
user7,31/05/2024,42
user7,01/06/2024,89
user7,02/06/2024,154
user7,03/06/2024,9
user7,04/06/2024,240
user7,05/06/2024,74
user7,06/06/2024,84
user7,07/06/2024,132
user7,08/06/2024,146
user7,09/06/2024,9
user7,10/06/2024,144
user7,11/06/2024,62
user7,12/06/2024,162
user7,13/06/2024,158
user7,14/06/2024,154
user7,15/06/2024,186
user7,16/06/2024,190
user7,17/06/2024,94
user7,18/06/2024,84
user7,19/06/2024,86
user7,20/06/2024,155
user7,21/06/2024,21
user7,22/06/2024,95
user7,23/06/2024,88
user7,24/06/2024,110
user7,25/06/2024,28
user7,26/06/2024,165
user7,27/06/2024,46
user7,28/06/2024,5
user7,29/06/2024,92
user7,30/06/2024,114
user7,01/07/2024,55
user7,02/07/2024,154
user7,03/07/2024,124
user7,04/07/2024,5
user7,05/07/2024,126
user7,06/07/2024,107
user7,07/07/2024,224
user7,08/07/2024,152
user7,09/07/2024,118
user7,10/07/2024,214
user7,11/07/2024,23
user7,12/07/2024,225
user7,13/07/2024,0
user7,14/07/2024,20
user7,15/07/2024,98
user7,16/07/2024,195
user7,17/07/2024,209
user7,18/07/2024,78
user7,19/07/2024,109
user7,20/07/2024,166
user7,21/07/2024,219
user7,22/07/2024,110
user7,23/07/2024,290
user7,24/07/2024,104
user7,25/07/2024,29
user7,26/07/2024,172
user7,27/07/2024,0
user7,28/07/2024,134
user7,29/07/2024,217
user7,30/07/2024,304
user7,31/07/2024,178
user7,01/08/2024,184
user7,02/08/2024,214
user7,03/08/2024,189
user7,04/08/2024,244
user7,05/08/2024,107
user7,06/08/2024,133
user7,07/08/2024,42
user7,08/08/2024,195
user7,09/08/2024,105
user7,10/08/2024,227
user7,11/08/2024,107
user7,12/08/2024,214
user7,13/08/2024,135
user7,14/08/2024,159
user7,15/08/2024,207
user7,16/08/2024,121
user7,17/08/2024,198
user7,18/08/2024,73
user7,19/08/2024,103
user7,20/08/2024,220
user7,21/08/2024,114
user7,22/08/2024,71
user7,23/08/2024,104
user7,24/08/2024,141
user7,25/08/2024,151
user7,26/08/2024,123
user7,27/08/2024,85
user7,28/08/2024,73
user7,29/08/2024,81
user7,30/08/2024,61
user7,31/08/2024,47
user7,01/09/2024,29
user7,02/09/2024,212
user7,03/09/2024,167
user7,04/09/2024,82
user7,05/09/2024,232
user7,06/09/2024,123
user7,07/09/2024,212
user7,08/09/2024,120
user7,09/09/2024,78
user7,10/09/2024,165
user7,11/09/2024,183
user7,12/09/2024,227
user7,13/09/2024,36
user7,14/09/2024,266
user7,15/09/2024,71
user7,16/09/2024,32
user7,17/09/2024,9
user7,18/09/2024,255
user7,19/09/2024,165
user7,20/09/2024,0
user7,21/09/2024,169
user7,22/09/2024,24
user7,23/09/2024,90
user7,24/09/2024,66
user7,25/09/2024,73
user7,26/09/2024,154
user7,27/09/2024,63
user7,28/09/2024,28
user7,29/09/2024,76
user7,30/09/2024,124
user7,01/10/2024,0
user7,02/10/2024,94
user7,03/10/2024,55
user7,04/10/2024,50
user7,05/10/2024,184
user7,06/10/2024,213
user7,07/10/2024,174
user7,08/10/2024,91
user7,09/10/2024,145
user7,10/10/2024,59
user7,11/10/2024,225
user7,12/10/2024,67
user7,13/10/2024,118
user7,14/10/2024,83
user7,15/10/2024,22
user7,16/10/2024,91
user7,17/10/2024,68
user7,18/10/2024,202
user7,19/10/2024,181
user7,20/10/2024,120
user7,21/10/2024,137
user7,22/10/2024,11
user7,23/10/2024,234
user7,24/10/2024,314
user7,25/10/2024,6
user7,26/10/2024,0
user7,27/10/2024,190
user7,28/10/2024,154
user7,29/10/2024,188
user7,30/10/2024,265
user7,31/10/2024,90
user7,01/11/2024,38
user7,02/11/2024,203
user7,03/11/2024,166
user7,04/11/2024,74
user7,05/11/2024,131
user7,06/11/2024,3
user7,07/11/2024,86
user7,08/11/2024,92
user7,09/11/2024,138
user7,10/11/2024,115
user7,11/11/2024,113
user7,12/11/2024,85
user7,13/11/2024,13
user7,14/11/2024,267
user7,15/11/2024,247
user7,16/11/2024,126
user7,17/11/2024,162
user7,18/11/2024,330
user7,19/11/2024,115
user7,20/11/2024,127
user7,21/11/2024,81
user7,22/11/2024,71
user7,23/11/2024,87
user7,24/11/2024,61
user7,25/11/2024,136
user7,26/11/2024,165
user7,27/11/2024,254
user7,28/11/2024,115
user7,29/11/2024,0
user7,30/11/2024,140
user7,01/12/2024,0
user7,02/12/2024,101
user7,03/12/2024,163
user7,04/12/2024,0
user7,05/12/2024,99
user7,06/12/2024,219
user7,07/12/2024,104
user7,08/12/2024,58
user7,09/12/2024,6
user7,10/12/2024,93
user7,11/12/2024,59
user7,12/12/2024,47
user7,13/12/2024,111
user7,14/12/2024,157
user7,15/12/2024,18
user7,16/12/2024,75
user7,17/12/2024,139
user7,18/12/2024,146
user7,19/12/2024,205
user7,20/12/2024,208
user7,21/12/2024,0
user7,22/12/2024,125
user7,23/12/2024,107
user7,24/12/2024,92
user7,25/12/2024,184
user7,26/12/2024,64
user7,27/12/2024,139
user7,28/12/2024,91
user7,29/12/2024,158
user7,30/12/2024,164
user8,01/01/2024,88
user8,02/01/2024,160
user8,03/01/2024,179
user8,04/01/2024,126
user8,05/01/2024,208
user8,06/01/2024,90
user8,07/01/2024,127
user8,08/01/2024,142
user8,09/01/2024,193
user8,10/01/2024,210
user8,11/01/2024,142
user8,12/01/2024,212
user8,13/01/2024,142
user8,14/01/2024,14
user8,15/01/2024,206
user8,16/01/2024,56
user8,17/01/2024,64
user8,18/01/2024,44
user8,19/01/2024,85
user8,20/01/2024,0
user8,21/01/2024,175
user8,22/01/2024,66
user8,23/01/2024,2
user8,24/01/2024,140
user8,25/01/2024,277
user8,26/01/2024,76
user8,27/01/2024,46
user8,28/01/2024,0
user8,29/01/2024,23
user8,30/01/2024,163
user8,31/01/2024,194
user8,01/02/2024,164
user8,02/02/2024,45
user8,03/02/2024,183
user8,04/02/2024,30
user8,05/02/2024,116
user8,06/02/2024,114
user8,07/02/2024,87
user8,08/02/2024,152
user8,09/02/2024,107
user8,10/02/2024,127
user8,11/02/2024,117
user8,12/02/2024,103
user8,13/02/2024,142
user8,14/02/2024,72
user8,15/02/2024,136
user8,16/02/2024,114
user8,17/02/2024,55
user8,18/02/2024,30
user8,19/02/2024,75
user8,20/02/2024,206
user8,21/02/2024,89
user8,22/02/2024,75
user8,23/02/2024,186
user8,24/02/2024,75
user8,25/02/2024,294
user8,26/02/2024,85
user8,27/02/2024,89
user8,28/02/2024,228
user8,29/02/2024,153
user8,01/03/2024,131
user8,02/03/2024,121
user8,03/03/2024,112
user8,04/03/2024,157
user8,05/03/2024,161
user8,06/03/2024,239
user8,07/03/2024,0
user8,08/03/2024,25
user8,09/03/2024,343
user8,10/03/2024,31
user8,11/03/2024,60
user8,12/03/2024,120
user8,13/03/2024,56
user8,14/03/2024,102
user8,15/03/2024,111
user8,16/03/2024,229
user8,17/03/2024,150
user8,18/03/2024,276
user8,19/03/2024,34
user8,20/03/2024,165
user8,21/03/2024,142
user8,22/03/2024,183
user8,23/03/2024,99
user8,24/03/2024,224
user8,25/03/2024,143
user8,26/03/2024,0
user8,27/03/2024,135
user8,28/03/2024,229
user8,29/03/2024,214
user8,30/03/2024,148
user8,31/03/2024,193
user8,01/04/2024,167
user8,02/04/2024,0
user8,03/04/2024,187
user8,04/04/2024,208
user8,05/04/2024,297
user8,06/04/2024,215
user8,07/04/2024,137
user8,08/04/2024,189
user8,09/04/2024,123
user8,10/04/2024,176
user8,11/04/2024,140
user8,12/04/2024,140
user8,13/04/2024,249
user8,14/04/2024,179
user8,15/04/2024,188
user8,16/04/2024,166
user8,17/04/2024,156
user8,18/04/2024,192
user8,19/04/2024,211
user8,20/04/2024,129
user8,21/04/2024,68
user8,22/04/2024,184
user8,23/04/2024,201
user8,24/04/2024,60
user8,25/04/2024,91
user8,26/04/2024,150
user8,27/04/2024,152
user8,28/04/2024,141
user8,29/04/2024,123
user8,30/04/2024,147
user8,01/05/2024,257
user8,02/05/2024,142
user8,03/05/2024,223
user8,04/05/2024,187
user8,05/05/2024,111
user8,06/05/2024,36
user8,07/05/2024,143
user8,08/05/2024,107
user8,09/05/2024,59
user8,10/05/2024,139
user8,11/05/2024,90
user8,12/05/2024,94
user8,13/05/2024,28
user8,14/05/2024,138
user8,15/05/2024,218
user8,16/05/2024,93
user8,17/05/2024,47
user8,18/05/2024,199
user8,19/05/2024,23
user8,20/05/2024,121
user8,21/05/2024,215
user8,22/05/2024,192
user8,23/05/2024,265
user8,24/05/2024,139
user8,25/05/2024,0
user8,26/05/2024,229
user8,27/05/2024,148
user8,28/05/2024,166
user8,29/05/2024,167
user8,30/05/2024,163
user8,31/05/2024,0
user8,01/06/2024,212
user8,02/06/2024,197
user8,03/06/2024,94
user8,04/06/2024,82
user8,05/06/2024,87
user8,06/06/2024,251
user8,07/06/2024,72
user8,08/06/2024,263
user8,09/06/2024,102
user8,10/06/2024,123
user8,11/06/2024,70
user8,12/06/2024,272
user8,13/06/2024,48
user8,14/06/2024,25
user8,15/06/2024,30
user8,16/06/2024,200
user8,17/06/2024,263
user8,18/06/2024,144
user8,19/06/2024,159
user8,20/06/2024,185
user8,21/06/2024,127
user8,22/06/2024,231
user8,23/06/2024,338
user8,24/06/2024,37
user8,25/06/2024,263
user8,26/06/2024,87
user8,27/06/2024,100
user8,28/06/2024,191
user8,29/06/2024,314
user8,30/06/2024,68
user8,01/07/2024,220
user8,02/07/2024,153
user8,03/07/2024,272
user8,04/07/2024,105
user8,05/07/2024,243
user8,06/07/2024,123
user8,07/07/2024,138
user8,08/07/2024,75
user8,09/07/2024,141
user8,10/07/2024,173
user8,11/07/2024,226
user8,12/07/2024,163
user8,13/07/2024,122
user8,14/07/2024,164
user8,15/07/2024,91
user8,16/07/2024,87
user8,17/07/2024,174
user8,18/07/2024,127
user8,19/07/2024,20
user8,20/07/2024,0
user8,21/07/2024,154
user8,22/07/2024,229
user8,23/07/2024,0
user8,24/07/2024,206
user8,25/07/2024,202
user8,26/07/2024,122
user8,27/07/2024,288
user8,28/07/2024,30
user8,29/07/2024,0
user8,30/07/2024,181
user8,31/07/2024,90
user8,01/08/2024,151
user8,02/08/2024,199
user8,03/08/2024,94
user8,04/08/2024,121
user8,05/08/2024,81
user8,06/08/2024,201
user8,07/08/2024,240
user8,08/08/2024,19
user8,09/08/2024,106
user8,10/08/2024,168
user8,11/08/2024,227
user8,12/08/2024,212
user8,13/08/2024,157
user8,14/08/2024,131
user8,15/08/2024,1
user8,16/08/2024,318
user8,17/08/2024,113
user8,18/08/2024,12
user8,19/08/2024,343
user8,20/08/2024,151
user8,21/08/2024,50
user8,22/08/2024,53
user8,23/08/2024,333
user8,24/08/2024,43
user8,25/08/2024,57
user8,26/08/2024,193
user8,27/08/2024,152
user8,28/08/2024,100
user8,29/08/2024,12
user8,30/08/2024,90
user8,31/08/2024,180
user8,01/09/2024,80
user8,02/09/2024,140
user8,03/09/2024,125
user8,04/09/2024,54
user8,05/09/2024,46
user8,06/09/2024,203
user8,07/09/2024,153
user8,08/09/2024,113
user8,09/09/2024,79
user8,10/09/2024,8
user8,11/09/2024,0
user8,12/09/2024,26
user8,13/09/2024,244
user8,14/09/2024,265
user8,15/09/2024,157
user8,16/09/2024,216
user8,17/09/2024,205
user8,18/09/2024,239
user8,19/09/2024,152
user8,20/09/2024,120
user8,21/09/2024,58
user8,22/09/2024,101
user8,23/09/2024,39
user8,24/09/2024,17
user8,25/09/2024,120
user8,26/09/2024,29
user8,27/09/2024,80
user8,28/09/2024,42
user8,29/09/2024,79
user8,30/09/2024,183
user8,01/10/2024,114
user8,02/10/2024,161
user8,03/10/2024,184
user8,04/10/2024,92
user8,05/10/2024,98
user8,06/10/2024,214
user8,07/10/2024,120
user8,08/10/2024,84
user8,09/10/2024,228
user8,10/10/2024,122
user8,11/10/2024,275
user8,12/10/2024,112
user8,13/10/2024,198
user8,14/10/2024,169
user8,15/10/2024,92
user8,16/10/2024,104
user8,17/10/2024,244
user8,18/10/2024,268
user8,19/10/2024,219
user8,20/10/2024,162
user8,21/10/2024,122
user8,22/10/2024,117
user8,23/10/2024,0
user8,24/10/2024,113
user8,25/10/2024,79
user8,26/10/2024,75
user8,27/10/2024,231
user8,28/10/2024,280
user8,29/10/2024,176
user8,30/10/2024,327
user8,31/10/2024,119
user8,01/11/2024,188
user8,02/11/2024,88
user8,03/11/2024,263
user8,04/11/2024,54
user8,05/11/2024,160
user8,06/11/2024,239
user8,07/11/2024,40
user8,08/11/2024,253
user8,09/11/2024,167
user8,10/11/2024,204
user8,11/11/2024,205
user8,12/11/2024,228
user8,13/11/2024,66
user8,14/11/2024,11
user8,15/11/2024,23
user8,16/11/2024,0
user8,17/11/2024,213
user8,18/11/2024,336
user8,19/11/2024,64
user8,20/11/2024,21
user8,21/11/2024,27
user8,22/11/2024,3
user8,23/11/2024,211
user8,24/11/2024,131
user8,25/11/2024,0
user8,26/11/2024,175
user8,27/11/2024,131
user8,28/11/2024,143
user8,29/11/2024,114
user8,30/11/2024,91
user8,01/12/2024,119
user8,02/12/2024,201
user8,03/12/2024,173
user8,04/12/2024,68
user8,05/12/2024,213
user8,06/12/2024,46
user8,07/12/2024,2
user8,08/12/2024,94
user8,09/12/2024,125
user8,10/12/2024,222
user8,11/12/2024,254
user8,12/12/2024,159
user8,13/12/2024,0
user8,14/12/2024,50
user8,15/12/2024,232
user8,16/12/2024,172
user8,17/12/2024,290
user8,18/12/2024,38
user8,19/12/2024,243
user8,20/12/2024,84
user8,21/12/2024,26
user8,22/12/2024,182
user8,23/12/2024,90
user8,24/12/2024,214
user8,25/12/2024,50
user8,26/12/2024,111
user8,27/12/2024,0
user8,28/12/2024,87
user8,29/12/2024,212
user8,30/12/2024,85
user9,01/01/2024,216
user9,02/01/2024,282
user9,03/01/2024,254
user9,04/01/2024,297
user9,05/01/2024,355
user9,06/01/2024,177
user9,07/01/2024,283
user9,08/01/2024,443
user9,09/01/2024,219
user9,10/01/2024,388
user9,11/01/2024,344
user9,12/01/2024,184
user9,13/01/2024,376
user9,14/01/2024,113
user9,15/01/2024,254
user9,16/01/2024,205
user9,17/01/2024,377
user9,18/01/2024,263
user9,19/01/2024,202
user9,20/01/2024,250
user9,21/01/2024,285
user9,22/01/2024,308
user9,23/01/2024,301
user9,24/01/2024,262
user9,25/01/2024,299
user9,26/01/2024,359
user9,27/01/2024,236
user9,28/01/2024,230
user9,29/01/2024,383
user9,30/01/2024,427
user9,31/01/2024,290
user9,01/02/2024,242
user9,02/02/2024,181
user9,03/02/2024,307
user9,04/02/2024,231
user9,05/02/2024,260
user9,06/02/2024,228
user9,07/02/2024,255
user9,08/02/2024,188
user9,09/02/2024,232
user9,10/02/2024,259
user9,11/02/2024,403
user9,12/02/2024,241
user9,13/02/2024,234
user9,14/02/2024,373
user9,15/02/2024,439
user9,16/02/2024,139
user9,17/02/2024,226
user9,18/02/2024,174
user9,19/02/2024,314
user9,20/02/2024,335
user9,21/02/2024,209
user9,22/02/2024,148
user9,23/02/2024,241
user9,24/02/2024,323
user9,25/02/2024,307
user9,26/02/2024,231
user9,27/02/2024,231
user9,28/02/2024,331
user9,29/02/2024,317
user9,01/03/2024,244
user9,02/03/2024,370
user9,03/03/2024,278
user9,04/03/2024,164
user9,05/03/2024,280
user9,06/03/2024,370
user9,07/03/2024,348
user9,08/03/2024,208
user9,09/03/2024,239
user9,10/03/2024,325
user9,11/03/2024,299
user9,12/03/2024,250
user9,13/03/2024,263
user9,14/03/2024,154
user9,15/03/2024,57
user9,16/03/2024,405
user9,17/03/2024,113
user9,18/03/2024,273
user9,19/03/2024,495
user9,20/03/2024,237
user9,21/03/2024,255
user9,22/03/2024,263
user9,23/03/2024,220
user9,24/03/2024,306
user9,25/03/2024,158
user9,26/03/2024,414
user9,27/03/2024,220
user9,28/03/2024,454
user9,29/03/2024,290
user9,30/03/2024,220
user9,31/03/2024,367
user9,01/04/2024,276
user9,02/04/2024,257
user9,03/04/2024,126
user9,04/04/2024,406
user9,05/04/2024,202
user9,06/04/2024,231
user9,07/04/2024,300
user9,08/04/2024,292
user9,09/04/2024,323
user9,10/04/2024,240
user9,11/04/2024,218
user9,12/04/2024,256
user9,13/04/2024,341
user9,14/04/2024,283
user9,15/04/2024,252
user9,16/04/2024,453
user9,17/04/2024,369
user9,18/04/2024,96
user9,19/04/2024,243
user9,20/04/2024,210
user9,21/04/2024,394
user9,22/04/2024,306
user9,23/04/2024,357
user9,24/04/2024,292
user9,25/04/2024,207
user9,26/04/2024,336
user9,27/04/2024,255
user9,28/04/2024,285
user9,29/04/2024,250
user9,30/04/2024,115
user9,01/05/2024,229
user9,02/05/2024,167
user9,03/05/2024,289
user9,04/05/2024,231
user9,05/05/2024,228
user9,06/05/2024,325
user9,07/05/2024,204
user9,08/05/2024,480
user9,09/05/2024,251
user9,10/05/2024,405
user9,11/05/2024,374
user9,12/05/2024,253
user9,13/05/2024,237
user9,14/05/2024,88
user9,15/05/2024,365
user9,16/05/2024,184
user9,17/05/2024,253
user9,18/05/2024,167
user9,19/05/2024,318
user9,20/05/2024,302
user9,21/05/2024,357
user9,22/05/2024,235
user9,23/05/2024,226
user9,24/05/2024,335
user9,25/05/2024,327
user9,26/05/2024,220
user9,27/05/2024,202
user9,28/05/2024,295
user9,29/05/2024,292
user9,30/05/2024,241
user9,31/05/2024,400
user9,01/06/2024,319
user9,02/06/2024,348
user9,03/06/2024,249
user9,04/06/2024,245
user9,05/06/2024,518
user9,06/06/2024,196
user9,07/06/2024,277
user9,08/06/2024,303
user9,09/06/2024,400
user9,10/06/2024,232
user9,11/06/2024,357
user9,12/06/2024,244
user9,13/06/2024,129
user9,14/06/2024,288
user9,15/06/2024,330
user9,16/06/2024,379
user9,17/06/2024,264
user9,18/06/2024,287
user9,19/06/2024,242
user9,20/06/2024,247
user9,21/06/2024,185
user9,22/06/2024,274
user9,23/06/2024,307
user9,24/06/2024,163
user9,25/06/2024,235
user9,26/06/2024,240
user9,27/06/2024,358
user9,28/06/2024,383
user9,29/06/2024,297
user9,30/06/2024,334
user9,01/07/2024,347
user9,02/07/2024,229
user9,03/07/2024,329
user9,04/07/2024,280
user9,05/07/2024,248
user9,06/07/2024,289
user9,07/07/2024,267
user9,08/07/2024,349
user9,09/07/2024,311
user9,10/07/2024,283
user9,11/07/2024,346
user9,12/07/2024,364
user9,13/07/2024,270
user9,14/07/2024,202
user9,15/07/2024,478
user9,16/07/2024,438
user9,17/07/2024,182
user9,18/07/2024,250
user9,19/07/2024,336
user9,20/07/2024,332
user9,21/07/2024,329
user9,22/07/2024,325
user9,23/07/2024,254
user9,24/07/2024,281
user9,25/07/2024,275
user9,26/07/2024,307
user9,27/07/2024,266
user9,28/07/2024,350
user9,29/07/2024,323
user9,30/07/2024,172
user9,31/07/2024,271
user9,01/08/2024,124
user9,02/08/2024,272
user9,03/08/2024,301
user9,04/08/2024,162
user9,05/08/2024,197
user9,06/08/2024,178
user9,07/08/2024,240
user9,08/08/2024,186
user9,09/08/2024,359
user9,10/08/2024,395
user9,11/08/2024,344
user9,12/08/2024,353
user9,13/08/2024,176
user9,14/08/2024,196
user9,15/08/2024,171
user9,16/08/2024,229
user9,17/08/2024,301
user9,18/08/2024,257
user9,19/08/2024,189
user9,20/08/2024,330
user9,21/08/2024,142
user9,22/08/2024,274
user9,23/08/2024,302
user9,24/08/2024,257
user9,25/08/2024,265
user9,26/08/2024,399
user9,27/08/2024,255
user9,28/08/2024,378
user9,29/08/2024,299
user9,30/08/2024,201
user9,31/08/2024,233
user9,01/09/2024,185
user9,02/09/2024,181
user9,03/09/2024,173
user9,04/09/2024,222
user9,05/09/2024,351
user9,06/09/2024,171
user9,07/09/2024,342
user9,08/09/2024,328
user9,09/09/2024,359
user9,10/09/2024,343
user9,11/09/2024,322
user9,12/09/2024,256
user9,13/09/2024,245
user9,14/09/2024,232
user9,15/09/2024,305
user9,16/09/2024,282
user9,17/09/2024,418
user9,18/09/2024,253
user9,19/09/2024,193
user9,20/09/2024,185
user9,21/09/2024,233
user9,22/09/2024,446
user9,23/09/2024,312
user9,24/09/2024,260
user9,25/09/2024,260
user9,26/09/2024,350
user9,27/09/2024,214
user9,28/09/2024,248
user9,29/09/2024,168
user9,30/09/2024,256
user9,01/10/2024,325
user9,02/10/2024,223
user9,03/10/2024,226
user9,04/10/2024,107
user9,05/10/2024,322
user9,06/10/2024,308
user9,07/10/2024,258
user9,08/10/2024,354
user9,09/10/2024,158
user9,10/10/2024,183
user9,11/10/2024,332
user9,12/10/2024,332
user9,13/10/2024,234
user9,14/10/2024,353
user9,15/10/2024,251
user9,16/10/2024,338
user9,17/10/2024,371
user9,18/10/2024,228
user9,19/10/2024,344
user9,20/10/2024,244
user9,21/10/2024,302
user9,22/10/2024,221
user9,23/10/2024,272
user9,24/10/2024,396
user9,25/10/2024,307
user9,26/10/2024,228
user9,27/10/2024,360
user9,28/10/2024,130
user9,29/10/2024,224
user9,30/10/2024,209
user9,31/10/2024,284
user9,01/11/2024,213
user9,02/11/2024,300
user9,03/11/2024,283
user9,04/11/2024,239
user9,05/11/2024,292
user9,06/11/2024,466
user9,07/11/2024,216
user9,08/11/2024,341
user9,09/11/2024,382
user9,10/11/2024,133
user9,11/11/2024,304
user9,12/11/2024,436
user9,13/11/2024,347
user9,14/11/2024,268
user9,15/11/2024,327
user9,16/11/2024,300
user9,17/11/2024,346
user9,18/11/2024,270
user9,19/11/2024,284
user9,20/11/2024,284
user9,21/11/2024,336
user9,22/11/2024,260
user9,23/11/2024,211
user9,24/11/2024,324
user9,25/11/2024,331
user9,26/11/2024,308
user9,27/11/2024,253
user9,28/11/2024,319
user9,29/11/2024,334
user9,30/11/2024,319
user9,01/12/2024,242
user9,02/12/2024,416
user9,03/12/2024,342
user9,04/12/2024,319
user9,05/12/2024,250
user9,06/12/2024,193
user9,07/12/2024,217
user9,08/12/2024,277
user9,09/12/2024,250
user9,10/12/2024,200
user9,11/12/2024,210
user9,12/12/2024,408
user9,13/12/2024,277
user9,14/12/2024,298
user9,15/12/2024,334
user9,16/12/2024,427
user9,17/12/2024,272
user9,18/12/2024,386
user9,19/12/2024,275
user9,20/12/2024,353
user9,21/12/2024,254
user9,22/12/2024,257
user9,23/12/2024,211
user9,24/12/2024,185
user9,25/12/2024,343
user9,26/12/2024,202
user9,27/12/2024,268
user9,28/12/2024,244
user9,29/12/2024,260
user9,30/12/2024,243
user10,01/01/2024,78
user10,02/01/2024,207
user10,03/01/2024,202
user10,04/01/2024,284
user10,05/01/2024,230
user10,06/01/2024,232
user10,07/01/2024,157
user10,08/01/2024,121
user10,09/01/2024,139
user10,10/01/2024,77
user10,11/01/2024,210
user10,12/01/2024,5
user10,13/01/2024,86
user10,14/01/2024,89
user10,15/01/2024,0
user10,16/01/2024,122
user10,17/01/2024,145
user10,18/01/2024,134
user10,19/01/2024,131
user10,20/01/2024,147
user10,21/01/2024,226
user10,22/01/2024,112
user10,23/01/2024,103
user10,24/01/2024,64
user10,25/01/2024,228
user10,26/01/2024,253
user10,27/01/2024,294
user10,28/01/2024,123
user10,29/01/2024,0
user10,30/01/2024,230
user10,31/01/2024,136
user10,01/02/2024,223
user10,02/02/2024,93
user10,03/02/2024,11
user10,04/02/2024,57
user10,05/02/2024,95
user10,06/02/2024,174
user10,07/02/2024,62
user10,08/02/2024,160
user10,09/02/2024,161
user10,10/02/2024,170
user10,11/02/2024,238
user10,12/02/2024,270
user10,13/02/2024,165
user10,14/02/2024,139
user10,15/02/2024,282
user10,16/02/2024,138
user10,17/02/2024,158
user10,18/02/2024,65
user10,19/02/2024,227
user10,20/02/2024,50
user10,21/02/2024,0
user10,22/02/2024,126
user10,23/02/2024,100
user10,24/02/2024,194
user10,25/02/2024,209
user10,26/02/2024,149
user10,27/02/2024,188
user10,28/02/2024,198
user10,29/02/2024,25
user10,01/03/2024,245
user10,02/03/2024,174
user10,03/03/2024,75
user10,04/03/2024,92
user10,05/03/2024,0
user10,06/03/2024,89
user10,07/03/2024,0
user10,08/03/2024,98
user10,09/03/2024,171
user10,10/03/2024,181
user10,11/03/2024,83
user10,12/03/2024,293
user10,13/03/2024,207
user10,14/03/2024,0
user10,15/03/2024,283
user10,16/03/2024,0
user10,17/03/2024,70
user10,18/03/2024,205
user10,19/03/2024,253
user10,20/03/2024,289
user10,21/03/2024,74
user10,22/03/2024,251
user10,23/03/2024,42
user10,24/03/2024,176
user10,25/03/2024,125
user10,26/03/2024,315
user10,27/03/2024,156
user10,28/03/2024,51
user10,29/03/2024,132
user10,30/03/2024,217
user10,31/03/2024,19
user10,01/04/2024,215
user10,02/04/2024,218
user10,03/04/2024,261
user10,04/04/2024,169
user10,05/04/2024,131
user10,06/04/2024,100
user10,07/04/2024,50
user10,08/04/2024,95
user10,09/04/2024,81
user10,10/04/2024,190
user10,11/04/2024,235
user10,12/04/2024,124
user10,13/04/2024,194
user10,14/04/2024,165
user10,15/04/2024,133
user10,16/04/2024,399
user10,17/04/2024,129
user10,18/04/2024,164
user10,19/04/2024,136
user10,20/04/2024,110
user10,21/04/2024,99
user10,22/04/2024,289
user10,23/04/2024,229
user10,24/04/2024,35
user10,25/04/2024,248
user10,26/04/2024,98
user10,27/04/2024,144
user10,28/04/2024,360
user10,29/04/2024,199
user10,30/04/2024,205
user10,01/05/2024,72
user10,02/05/2024,76
user10,03/05/2024,238
user10,04/05/2024,200
user10,05/05/2024,164
user10,06/05/2024,131
user10,07/05/2024,153
user10,08/05/2024,260
user10,09/05/2024,226
user10,10/05/2024,208
user10,11/05/2024,223
user10,12/05/2024,259
user10,13/05/2024,37
user10,14/05/2024,238
user10,15/05/2024,188
user10,16/05/2024,31
user10,17/05/2024,203
user10,18/05/2024,204
user10,19/05/2024,107
user10,20/05/2024,111
user10,21/05/2024,145
user10,22/05/2024,103
user10,23/05/2024,72
user10,24/05/2024,67
user10,25/05/2024,194
user10,26/05/2024,183
user10,27/05/2024,175
user10,28/05/2024,178
user10,29/05/2024,303
user10,30/05/2024,3
user10,31/05/2024,281
user10,01/06/2024,76
user10,02/06/2024,276
user10,03/06/2024,75
user10,04/06/2024,202
user10,05/06/2024,238
user10,06/06/2024,147
user10,07/06/2024,106
user10,08/06/2024,177
user10,09/06/2024,107
user10,10/06/2024,131
user10,11/06/2024,8
user10,12/06/2024,172
user10,13/06/2024,98
user10,14/06/2024,13
user10,15/06/2024,270
user10,16/06/2024,355
user10,17/06/2024,226
user10,18/06/2024,198
user10,19/06/2024,363
user10,20/06/2024,80
user10,21/06/2024,137
user10,22/06/2024,125
user10,23/06/2024,63
user10,24/06/2024,218
user10,25/06/2024,352
user10,26/06/2024,144
user10,27/06/2024,239
user10,28/06/2024,243
user10,29/06/2024,4
user10,30/06/2024,137
user10,01/07/2024,297
user10,02/07/2024,146
user10,03/07/2024,177
user10,04/07/2024,282
user10,05/07/2024,228
user10,06/07/2024,59
user10,07/07/2024,132
user10,08/07/2024,310
user10,09/07/2024,190
user10,10/07/2024,240
user10,11/07/2024,151
user10,12/07/2024,126
user10,13/07/2024,176
user10,14/07/2024,119
user10,15/07/2024,276
user10,16/07/2024,176
user10,17/07/2024,147
user10,18/07/2024,30
user10,19/07/2024,237
user10,20/07/2024,298
user10,21/07/2024,82
user10,22/07/2024,163
user10,23/07/2024,210
user10,24/07/2024,38
user10,25/07/2024,202
user10,26/07/2024,421
user10,27/07/2024,352
user10,28/07/2024,73
user10,29/07/2024,188
user10,30/07/2024,216
user10,31/07/2024,179
user10,01/08/2024,18
user10,02/08/2024,256
user10,03/08/2024,199
user10,04/08/2024,175
user10,05/08/2024,240
user10,06/08/2024,55
user10,07/08/2024,57
user10,08/08/2024,130
user10,09/08/2024,150
user10,10/08/2024,118
user10,11/08/2024,136
user10,12/08/2024,174
user10,13/08/2024,247
user10,14/08/2024,154
user10,15/08/2024,218
user10,16/08/2024,141
user10,17/08/2024,175
user10,18/08/2024,312
user10,19/08/2024,360
user10,20/08/2024,98
user10,21/08/2024,228
user10,22/08/2024,102
user10,23/08/2024,208
user10,24/08/2024,223
user10,25/08/2024,82
user10,26/08/2024,100
user10,27/08/2024,85
user10,28/08/2024,34
user10,29/08/2024,192
user10,30/08/2024,107
user10,31/08/2024,184
user10,01/09/2024,95
user10,02/09/2024,57
user10,03/09/2024,179
user10,04/09/2024,239
user10,05/09/2024,152
user10,06/09/2024,124
user10,07/09/2024,0
user10,08/09/2024,0
user10,09/09/2024,59
user10,10/09/2024,183
user10,11/09/2024,120
user10,12/09/2024,201
user10,13/09/2024,306
user10,14/09/2024,62
user10,15/09/2024,24
user10,16/09/2024,255
user10,17/09/2024,127
user10,18/09/2024,288
user10,19/09/2024,117
user10,20/09/2024,191
user10,21/09/2024,153
user10,22/09/2024,110
user10,23/09/2024,104
user10,24/09/2024,144
user10,25/09/2024,216
user10,26/09/2024,215
user10,27/09/2024,216
user10,28/09/2024,138
user10,29/09/2024,234
user10,30/09/2024,167
user10,01/10/2024,0
user10,02/10/2024,183
user10,03/10/2024,235
user10,04/10/2024,185
user10,05/10/2024,81
user10,06/10/2024,228
user10,07/10/2024,138
user10,08/10/2024,283
user10,09/10/2024,105
user10,10/10/2024,138
user10,11/10/2024,167
user10,12/10/2024,256
user10,13/10/2024,270
user10,14/10/2024,138
user10,15/10/2024,107
user10,16/10/2024,189
user10,17/10/2024,109
user10,18/10/2024,57
user10,19/10/2024,169
user10,20/10/2024,182
user10,21/10/2024,79
user10,22/10/2024,111
user10,23/10/2024,48
user10,24/10/2024,264
user10,25/10/2024,208
user10,26/10/2024,222
user10,27/10/2024,146
user10,28/10/2024,306
user10,29/10/2024,130
user10,30/10/2024,135
user10,31/10/2024,219
user10,01/11/2024,198
user10,02/11/2024,48
user10,03/11/2024,200
user10,04/11/2024,243
user10,05/11/2024,0
user10,06/11/2024,56
user10,07/11/2024,170
user10,08/11/2024,151
user10,09/11/2024,213
user10,10/11/2024,128
user10,11/11/2024,280
user10,12/11/2024,97
user10,13/11/2024,196
user10,14/11/2024,176
user10,15/11/2024,175
user10,16/11/2024,38
user10,17/11/2024,119
user10,18/11/2024,250
user10,19/11/2024,182
user10,20/11/2024,30
user10,21/11/2024,214
user10,22/11/2024,181
user10,23/11/2024,194
user10,24/11/2024,84
user10,25/11/2024,13
user10,26/11/2024,203
user10,27/11/2024,147
user10,28/11/2024,68
user10,29/11/2024,253
user10,30/11/2024,237
user10,01/12/2024,0
user10,02/12/2024,105
user10,03/12/2024,0
user10,04/12/2024,163
user10,05/12/2024,153
user10,06/12/2024,195
user10,07/12/2024,107
user10,08/12/2024,242
user10,09/12/2024,159
user10,10/12/2024,62
user10,11/12/2024,222
user10,12/12/2024,223
user10,13/12/2024,160
user10,14/12/2024,228
user10,15/12/2024,238
user10,16/12/2024,232
user10,17/12/2024,289
user10,18/12/2024,203
user10,19/12/2024,233
user10,20/12/2024,212
user10,21/12/2024,161
user10,22/12/2024,248
user10,23/12/2024,207
user10,24/12/2024,148
user10,25/12/2024,177
user10,26/12/2024,142
user10,27/12/2024,26
user10,28/12/2024,112
user10,29/12/2024,60
user10,30/12/2024,213
user11,01/01/2024,345
user11,02/01/2024,294
user11,03/01/2024,379
user11,04/01/2024,360
user11,05/01/2024,235
user11,06/01/2024,330
user11,07/01/2024,205
user11,08/01/2024,460
user11,09/01/2024,162
user11,10/01/2024,479
user11,11/01/2024,296
user11,12/01/2024,235
user11,13/01/2024,478
user11,14/01/2024,416
user11,15/01/2024,220
user11,16/01/2024,275
user11,17/01/2024,199
user11,18/01/2024,349
user11,19/01/2024,291
user11,20/01/2024,486
user11,21/01/2024,273
user11,22/01/2024,334
user11,23/01/2024,274
user11,24/01/2024,255
user11,25/01/2024,475
user11,26/01/2024,173
user11,27/01/2024,190
user11,28/01/2024,355
user11,29/01/2024,257
user11,30/01/2024,187
user11,31/01/2024,229
user11,01/02/2024,240
user11,02/02/2024,288
user11,03/02/2024,234
user11,04/02/2024,335
user11,05/02/2024,264
user11,06/02/2024,408
user11,07/02/2024,263
user11,08/02/2024,424
user11,09/02/2024,360
user11,10/02/2024,452
user11,11/02/2024,211
user11,12/02/2024,251
user11,13/02/2024,328
user11,14/02/2024,286
user11,15/02/2024,241
user11,16/02/2024,309
user11,17/02/2024,300
user11,18/02/2024,189
user11,19/02/2024,319
user11,20/02/2024,299
user11,21/02/2024,275
user11,22/02/2024,136
user11,23/02/2024,319
user11,24/02/2024,289
user11,25/02/2024,427
user11,26/02/2024,379
user11,27/02/2024,230
user11,28/02/2024,350
user11,29/02/2024,461
user11,01/03/2024,377
user11,02/03/2024,406
user11,03/03/2024,141
user11,04/03/2024,368
user11,05/03/2024,426
user11,06/03/2024,322
user11,07/03/2024,326
user11,08/03/2024,209
user11,09/03/2024,339
user11,10/03/2024,253
user11,11/03/2024,339
user11,12/03/2024,459
user11,13/03/2024,300
user11,14/03/2024,299
user11,15/03/2024,212
user11,16/03/2024,283
user11,17/03/2024,305
user11,18/03/2024,285
user11,19/03/2024,271
user11,20/03/2024,135
user11,21/03/2024,189
user11,22/03/2024,269
user11,23/03/2024,297
user11,24/03/2024,191
user11,25/03/2024,252
user11,26/03/2024,204
user11,27/03/2024,326
user11,28/03/2024,379
user11,29/03/2024,382
user11,30/03/2024,230
user11,31/03/2024,138
user11,01/04/2024,319
user11,02/04/2024,266
user11,03/04/2024,317
user11,04/04/2024,206
user11,05/04/2024,431
user11,06/04/2024,325
user11,07/04/2024,333
user11,08/04/2024,390
user11,09/04/2024,234
user11,10/04/2024,373
user11,11/04/2024,400
user11,12/04/2024,243
user11,13/04/2024,343
user11,14/04/2024,280
user11,15/04/2024,152
user11,16/04/2024,291
user11,17/04/2024,283
user11,18/04/2024,434
user11,19/04/2024,438
user11,20/04/2024,149
user11,21/04/2024,188
user11,22/04/2024,257
user11,23/04/2024,257
user11,24/04/2024,297
user11,25/04/2024,245
user11,26/04/2024,355
user11,27/04/2024,207
user11,28/04/2024,342
user11,29/04/2024,248
user11,30/04/2024,349
user11,01/05/2024,153
user11,02/05/2024,341
user11,03/05/2024,331
user11,04/05/2024,383
user11,05/05/2024,241
user11,06/05/2024,272
user11,07/05/2024,356
user11,08/05/2024,314
user11,09/05/2024,485
user11,10/05/2024,210
user11,11/05/2024,375
user11,12/05/2024,257
user11,13/05/2024,311
user11,14/05/2024,272
user11,15/05/2024,488
user11,16/05/2024,299
user11,17/05/2024,381
user11,18/05/2024,206
user11,19/05/2024,377
user11,20/05/2024,242
user11,21/05/2024,343
user11,22/05/2024,554
user11,23/05/2024,154
user11,24/05/2024,354
user11,25/05/2024,384
user11,26/05/2024,177
user11,27/05/2024,256
user11,28/05/2024,234
user11,29/05/2024,300
user11,30/05/2024,353
user11,31/05/2024,383
user11,01/06/2024,295
user11,02/06/2024,326
user11,03/06/2024,328
user11,04/06/2024,271
user11,05/06/2024,285
user11,06/06/2024,333
user11,07/06/2024,261
user11,08/06/2024,286
user11,09/06/2024,262
user11,10/06/2024,326
user11,11/06/2024,278
user11,12/06/2024,467
user11,13/06/2024,339
user11,14/06/2024,344
user11,15/06/2024,219
user11,16/06/2024,93
user11,17/06/2024,317
user11,18/06/2024,381
user11,19/06/2024,141
user11,20/06/2024,215
user11,21/06/2024,474
user11,22/06/2024,343
user11,23/06/2024,215
user11,24/06/2024,212
user11,25/06/2024,324
user11,26/06/2024,370
user11,27/06/2024,215
user11,28/06/2024,228
user11,29/06/2024,328
user11,30/06/2024,261
user11,01/07/2024,228
user11,02/07/2024,128
user11,03/07/2024,343
user11,04/07/2024,323
user11,05/07/2024,302
user11,06/07/2024,294
user11,07/07/2024,307
user11,08/07/2024,181
user11,09/07/2024,329
user11,10/07/2024,263
user11,11/07/2024,381
user11,12/07/2024,311
user11,13/07/2024,197
user11,14/07/2024,203
user11,15/07/2024,403
user11,16/07/2024,127
user11,17/07/2024,384
user11,18/07/2024,202
user11,19/07/2024,324
user11,20/07/2024,216
user11,21/07/2024,279
user11,22/07/2024,196
user11,23/07/2024,314
user11,24/07/2024,242
user11,25/07/2024,175
user11,26/07/2024,132
user11,27/07/2024,472
user11,28/07/2024,310
user11,29/07/2024,484
user11,30/07/2024,265
user11,31/07/2024,207
user11,01/08/2024,318
user11,02/08/2024,348
user11,03/08/2024,343
user11,04/08/2024,154
user11,05/08/2024,231
user11,06/08/2024,334
user11,07/08/2024,297
user11,08/08/2024,298
user11,09/08/2024,384
user11,10/08/2024,261
user11,11/08/2024,328
user11,12/08/2024,231
user11,13/08/2024,269
user11,14/08/2024,297
user11,15/08/2024,480
user11,16/08/2024,298
user11,17/08/2024,328
user11,18/08/2024,209
user11,19/08/2024,296
user11,20/08/2024,228
user11,21/08/2024,279
user11,22/08/2024,327
user11,23/08/2024,358
user11,24/08/2024,331
user11,25/08/2024,352
user11,26/08/2024,348
user11,27/08/2024,240
user11,28/08/2024,233
user11,29/08/2024,77
user11,30/08/2024,260
user11,31/08/2024,125
user11,01/09/2024,259
user11,02/09/2024,349
user11,03/09/2024,265
user11,04/09/2024,219
user11,05/09/2024,322
user11,06/09/2024,314
user11,07/09/2024,323
user11,08/09/2024,396
user11,09/09/2024,259
user11,10/09/2024,405
user11,11/09/2024,281
user11,12/09/2024,344
user11,13/09/2024,201
user11,14/09/2024,332
user11,15/09/2024,278
user11,16/09/2024,262
user11,17/09/2024,294
user11,18/09/2024,324
user11,19/09/2024,351
user11,20/09/2024,335
user11,21/09/2024,352
user11,22/09/2024,252
user11,23/09/2024,248
user11,24/09/2024,177
user11,25/09/2024,408
user11,26/09/2024,306
user11,27/09/2024,378
user11,28/09/2024,257
user11,29/09/2024,479
user11,30/09/2024,401
user11,01/10/2024,289
user11,02/10/2024,262
user11,03/10/2024,137
user11,04/10/2024,335
user11,05/10/2024,300
user11,06/10/2024,326
user11,07/10/2024,242
user11,08/10/2024,298
user11,09/10/2024,355
user11,10/10/2024,183
user11,11/10/2024,406
user11,12/10/2024,306
user11,13/10/2024,203
user11,14/10/2024,361
user11,15/10/2024,239
user11,16/10/2024,252
user11,17/10/2024,473
user11,18/10/2024,311
user11,19/10/2024,464
user11,20/10/2024,347
user11,21/10/2024,326
user11,22/10/2024,277
user11,23/10/2024,290
user11,24/10/2024,192
user11,25/10/2024,208
user11,26/10/2024,413
user11,27/10/2024,326
user11,28/10/2024,341
user11,29/10/2024,225
user11,30/10/2024,372
user11,31/10/2024,243
user11,01/11/2024,189
user11,02/11/2024,393
user11,03/11/2024,565
user11,04/11/2024,314
user11,05/11/2024,166
user11,06/11/2024,183
user11,07/11/2024,297
user11,08/11/2024,360
user11,09/11/2024,619
user11,10/11/2024,435
user11,11/11/2024,408
user11,12/11/2024,288
user11,13/11/2024,292
user11,14/11/2024,201
user11,15/11/2024,369
user11,16/11/2024,220
user11,17/11/2024,355
user11,18/11/2024,284
user11,19/11/2024,284
user11,20/11/2024,253
user11,21/11/2024,273
user11,22/11/2024,212
user11,23/11/2024,197
user11,24/11/2024,218
user11,25/11/2024,427
user11,26/11/2024,347
user11,27/11/2024,324
user11,28/11/2024,365
user11,29/11/2024,310
user11,30/11/2024,339
user11,01/12/2024,231
user11,02/12/2024,302
user11,03/12/2024,95
user11,04/12/2024,203
user11,05/12/2024,280
user11,06/12/2024,390
user11,07/12/2024,376
user11,08/12/2024,320
user11,09/12/2024,418
user11,10/12/2024,225
user11,11/12/2024,320
user11,12/12/2024,165
user11,13/12/2024,329
user11,14/12/2024,254
user11,15/12/2024,337
user11,16/12/2024,236
user11,17/12/2024,257
user11,18/12/2024,294
user11,19/12/2024,375
user11,20/12/2024,294
user11,21/12/2024,327
user11,22/12/2024,292
user11,23/12/2024,304
user11,24/12/2024,296
user11,25/12/2024,167
user11,26/12/2024,182
user11,27/12/2024,182
user11,28/12/2024,256
user11,29/12/2024,179
user11,30/12/2024,335
user12,01/01/2024,165
user12,02/01/2024,210
user12,03/01/2024,405
user12,04/01/2024,165
user12,05/01/2024,244
user12,06/01/2024,236
user12,07/01/2024,75
user12,08/01/2024,234
user12,09/01/2024,303
user12,10/01/2024,241
user12,11/01/2024,214
user12,12/01/2024,391
user12,13/01/2024,298
user12,14/01/2024,282
user12,15/01/2024,239
user12,16/01/2024,202
user12,17/01/2024,304
user12,18/01/2024,148
user12,19/01/2024,155
user12,20/01/2024,237
user12,21/01/2024,261
user12,22/01/2024,262
user12,23/01/2024,377
user12,24/01/2024,375
user12,25/01/2024,167
user12,26/01/2024,441
user12,27/01/2024,118
user12,28/01/2024,166
user12,29/01/2024,236
user12,30/01/2024,170
user12,31/01/2024,259
user12,01/02/2024,329
user12,02/02/2024,265
user12,03/02/2024,151
user12,04/02/2024,278
user12,05/02/2024,427
user12,06/02/2024,238
user12,07/02/2024,189
user12,08/02/2024,283
user12,09/02/2024,265
user12,10/02/2024,300
user12,11/02/2024,213
user12,12/02/2024,194
user12,13/02/2024,224
user12,14/02/2024,182
user12,15/02/2024,270
user12,16/02/2024,129
user12,17/02/2024,233
user12,18/02/2024,126
user12,19/02/2024,163
user12,20/02/2024,151
user12,21/02/2024,253
user12,22/02/2024,376
user12,23/02/2024,73
user12,24/02/2024,41
user12,25/02/2024,236
user12,26/02/2024,342
user12,27/02/2024,209
user12,28/02/2024,122
user12,29/02/2024,100
user12,01/03/2024,233
user12,02/03/2024,175
user12,03/03/2024,193
user12,04/03/2024,293
user12,05/03/2024,390
user12,06/03/2024,307
user12,07/03/2024,148
user12,08/03/2024,253
user12,09/03/2024,253
user12,10/03/2024,169
user12,11/03/2024,158
user12,12/03/2024,271
user12,13/03/2024,176
user12,14/03/2024,136
user12,15/03/2024,326
user12,16/03/2024,249
user12,17/03/2024,283
user12,18/03/2024,330
user12,19/03/2024,319
user12,20/03/2024,217
user12,21/03/2024,343
user12,22/03/2024,76
user12,23/03/2024,381
user12,24/03/2024,272
user12,25/03/2024,213
user12,26/03/2024,238
user12,27/03/2024,192
user12,28/03/2024,224
user12,29/03/2024,141
user12,30/03/2024,335
user12,31/03/2024,196
user12,01/04/2024,361
user12,02/04/2024,179
user12,03/04/2024,252
user12,04/04/2024,285
user12,05/04/2024,215
user12,06/04/2024,102
user12,07/04/2024,333
user12,08/04/2024,148
user12,09/04/2024,139
user12,10/04/2024,180
user12,11/04/2024,259
user12,12/04/2024,180
user12,13/04/2024,304
user12,14/04/2024,400
user12,15/04/2024,203
user12,16/04/2024,108
user12,17/04/2024,284
user12,18/04/2024,368
user12,19/04/2024,431
user12,20/04/2024,190
user12,21/04/2024,263
user12,22/04/2024,301
user12,23/04/2024,252
user12,24/04/2024,329
user12,25/04/2024,210
user12,26/04/2024,193
user12,27/04/2024,317
user12,28/04/2024,291
user12,29/04/2024,270
user12,30/04/2024,386
user12,01/05/2024,286
user12,02/05/2024,199
user12,03/05/2024,210
user12,04/05/2024,349
user12,05/05/2024,238
user12,06/05/2024,279
user12,07/05/2024,219
user12,08/05/2024,175
user12,09/05/2024,421
user12,10/05/2024,359
user12,11/05/2024,191
user12,12/05/2024,256
user12,13/05/2024,319
user12,14/05/2024,228
user12,15/05/2024,321
user12,16/05/2024,371
user12,17/05/2024,115
user12,18/05/2024,182
user12,19/05/2024,256
user12,20/05/2024,210
user12,21/05/2024,338
user12,22/05/2024,223
user12,23/05/2024,267
user12,24/05/2024,231
user12,25/05/2024,225
user12,26/05/2024,155
user12,27/05/2024,224
user12,28/05/2024,224
user12,29/05/2024,174
user12,30/05/2024,397
user12,31/05/2024,291
user12,01/06/2024,392
user12,02/06/2024,242
user12,03/06/2024,215
user12,04/06/2024,275
user12,05/06/2024,158
user12,06/06/2024,291
user12,07/06/2024,303
user12,08/06/2024,374
user12,09/06/2024,207
user12,10/06/2024,168
user12,11/06/2024,259
user12,12/06/2024,114
user12,13/06/2024,277
user12,14/06/2024,220
user12,15/06/2024,432
user12,16/06/2024,236
user12,17/06/2024,257
user12,18/06/2024,256
user12,19/06/2024,175
user12,20/06/2024,199
user12,21/06/2024,325
user12,22/06/2024,98
user12,23/06/2024,233
user12,24/06/2024,233
user12,25/06/2024,121
user12,26/06/2024,132
user12,27/06/2024,132
user12,28/06/2024,90
user12,29/06/2024,228
user12,30/06/2024,358
user12,01/07/2024,389
user12,02/07/2024,128
user12,03/07/2024,288
user12,04/07/2024,269
user12,05/07/2024,391
user12,06/07/2024,170
user12,07/07/2024,285
user12,08/07/2024,264
user12,09/07/2024,173
user12,10/07/2024,181
user12,11/07/2024,438
user12,12/07/2024,126
user12,13/07/2024,229
user12,14/07/2024,318
user12,15/07/2024,258
user12,16/07/2024,198
user12,17/07/2024,267
user12,18/07/2024,183
user12,19/07/2024,231
user12,20/07/2024,161
user12,21/07/2024,268
user12,22/07/2024,87
user12,23/07/2024,183
user12,24/07/2024,198
user12,25/07/2024,273
user12,26/07/2024,106
user12,27/07/2024,240
user12,28/07/2024,231
user12,29/07/2024,207
user12,30/07/2024,292
user12,31/07/2024,379
user12,01/08/2024,162
user12,02/08/2024,232
user12,03/08/2024,259
user12,04/08/2024,218
user12,05/08/2024,71
user12,06/08/2024,302
user12,07/08/2024,178
user12,08/08/2024,346
user12,09/08/2024,152
user12,10/08/2024,259
user12,11/08/2024,309
user12,12/08/2024,428
user12,13/08/2024,182
user12,14/08/2024,208
user12,15/08/2024,264
user12,16/08/2024,93
user12,17/08/2024,155
user12,18/08/2024,120
user12,19/08/2024,310
user12,20/08/2024,331
user12,21/08/2024,182
user12,22/08/2024,349
user12,23/08/2024,252
user12,24/08/2024,462
user12,25/08/2024,322
user12,26/08/2024,273
user12,27/08/2024,206
user12,28/08/2024,331
user12,29/08/2024,236
user12,30/08/2024,216
user12,31/08/2024,226
user12,01/09/2024,323
user12,02/09/2024,138
user12,03/09/2024,130
user12,04/09/2024,177
user12,05/09/2024,191
user12,06/09/2024,173
user12,07/09/2024,263
user12,08/09/2024,174
user12,09/09/2024,242
user12,10/09/2024,396
user12,11/09/2024,337
user12,12/09/2024,399
user12,13/09/2024,209
user12,14/09/2024,165
user12,15/09/2024,319
user12,16/09/2024,164
user12,17/09/2024,99
user12,18/09/2024,229
user12,19/09/2024,373
user12,20/09/2024,263
user12,21/09/2024,250
user12,22/09/2024,219
user12,23/09/2024,336
user12,24/09/2024,281
user12,25/09/2024,113
user12,26/09/2024,201
user12,27/09/2024,216
user12,28/09/2024,187
user12,29/09/2024,222
user12,30/09/2024,287
user12,01/10/2024,404
user12,02/10/2024,321
user12,03/10/2024,342
user12,04/10/2024,298
user12,05/10/2024,386
user12,06/10/2024,174
user12,07/10/2024,116
user12,08/10/2024,261
user12,09/10/2024,188
user12,10/10/2024,237
user12,11/10/2024,159
user12,12/10/2024,286
user12,13/10/2024,165
user12,14/10/2024,237
user12,15/10/2024,186
user12,16/10/2024,223
user12,17/10/2024,351
user12,18/10/2024,152
user12,19/10/2024,231
user12,20/10/2024,281
user12,21/10/2024,300
user12,22/10/2024,331
user12,23/10/2024,234
user12,24/10/2024,150
user12,25/10/2024,120
user12,26/10/2024,151
user12,27/10/2024,76
user12,28/10/2024,309
user12,29/10/2024,256
user12,30/10/2024,304
user12,31/10/2024,272
user12,01/11/2024,250
user12,02/11/2024,318
user12,03/11/2024,160
user12,04/11/2024,143
user12,05/11/2024,369
user12,06/11/2024,284
user12,07/11/2024,326
user12,08/11/2024,147
user12,09/11/2024,197
user12,10/11/2024,117
user12,11/11/2024,106
user12,12/11/2024,148
user12,13/11/2024,156
user12,14/11/2024,98
user12,15/11/2024,379
user12,16/11/2024,210
user12,17/11/2024,125
user12,18/11/2024,61
user12,19/11/2024,306
user12,20/11/2024,261
user12,21/11/2024,109
user12,22/11/2024,325
user12,23/11/2024,317
user12,24/11/2024,253
user12,25/11/2024,206
user12,26/11/2024,297
user12,27/11/2024,222
user12,28/11/2024,239
user12,29/11/2024,434
user12,30/11/2024,175
user12,01/12/2024,303
user12,02/12/2024,124
user12,03/12/2024,278
user12,04/12/2024,370
user12,05/12/2024,151
user12,06/12/2024,188
user12,07/12/2024,229
user12,08/12/2024,360
user12,09/12/2024,317
user12,10/12/2024,303
user12,11/12/2024,274
user12,12/12/2024,126
user12,13/12/2024,225
user12,14/12/2024,193
user12,15/12/2024,354
user12,16/12/2024,313
user12,17/12/2024,407
user12,18/12/2024,184
user12,19/12/2024,251
user12,20/12/2024,395
user12,21/12/2024,179
user12,22/12/2024,396
user12,23/12/2024,258
user12,24/12/2024,133
user12,25/12/2024,314
user12,26/12/2024,176
user12,27/12/2024,214
user12,28/12/2024,282
user12,29/12/2024,167
user12,30/12/2024,237
user13,01/01/2024,324
user13,02/01/2024,289
user13,03/01/2024,325
user13,04/01/2024,251
user13,05/01/2024,334
user13,06/01/2024,247
user13,07/01/2024,200
user13,08/01/2024,257
user13,09/01/2024,212
user13,10/01/2024,333
user13,11/01/2024,282
user13,12/01/2024,337
user13,13/01/2024,357
user13,14/01/2024,316
user13,15/01/2024,301
user13,16/01/2024,294
user13,17/01/2024,118
user13,18/01/2024,262
user13,19/01/2024,286
user13,20/01/2024,363
user13,21/01/2024,487
user13,22/01/2024,200
user13,23/01/2024,311
user13,24/01/2024,249
user13,25/01/2024,194
user13,26/01/2024,316
user13,27/01/2024,164
user13,28/01/2024,333
user13,29/01/2024,310
user13,30/01/2024,218
user13,31/01/2024,438
user13,01/02/2024,461
user13,02/02/2024,209
user13,03/02/2024,275
user13,04/02/2024,302
user13,05/02/2024,211
user13,06/02/2024,327
user13,07/02/2024,251
user13,08/02/2024,215
user13,09/02/2024,330
user13,10/02/2024,198
user13,11/02/2024,308
user13,12/02/2024,312
user13,13/02/2024,342
user13,14/02/2024,298
user13,15/02/2024,349
user13,16/02/2024,396
user13,17/02/2024,289
user13,18/02/2024,320
user13,19/02/2024,308
user13,20/02/2024,340
user13,21/02/2024,313
user13,22/02/2024,278
user13,23/02/2024,422
user13,24/02/2024,257
user13,25/02/2024,452
user13,26/02/2024,139
user13,27/02/2024,189
user13,28/02/2024,313
user13,29/02/2024,171
user13,01/03/2024,247
user13,02/03/2024,515
user13,03/03/2024,361
user13,04/03/2024,455
user13,05/03/2024,417
user13,06/03/2024,303
user13,07/03/2024,273
user13,08/03/2024,425
user13,09/03/2024,308
user13,10/03/2024,229
user13,11/03/2024,328
user13,12/03/2024,296
user13,13/03/2024,265
user13,14/03/2024,209
user13,15/03/2024,416
user13,16/03/2024,306
user13,17/03/2024,244
user13,18/03/2024,328
user13,19/03/2024,353
user13,20/03/2024,284
user13,21/03/2024,275
user13,22/03/2024,378
user13,23/03/2024,428
user13,24/03/2024,196
user13,25/03/2024,351
user13,26/03/2024,248
user13,27/03/2024,293
user13,28/03/2024,471
user13,29/03/2024,341
user13,30/03/2024,290
user13,31/03/2024,324
user13,01/04/2024,341
user13,02/04/2024,244
user13,03/04/2024,373
user13,04/04/2024,280
user13,05/04/2024,343
user13,06/04/2024,282
user13,07/04/2024,278
user13,08/04/2024,336
user13,09/04/2024,339
user13,10/04/2024,264
user13,11/04/2024,130
user13,12/04/2024,224
user13,13/04/2024,267
user13,14/04/2024,377
user13,15/04/2024,398
user13,16/04/2024,285
user13,17/04/2024,230
user13,18/04/2024,251
user13,19/04/2024,296
user13,20/04/2024,363
user13,21/04/2024,254
user13,22/04/2024,308
user13,23/04/2024,205
user13,24/04/2024,186
user13,25/04/2024,156
user13,26/04/2024,339
user13,27/04/2024,172
user13,28/04/2024,344
user13,29/04/2024,445
user13,30/04/2024,435
user13,01/05/2024,286
user13,02/05/2024,318
user13,03/05/2024,376
user13,04/05/2024,286
user13,05/05/2024,222
user13,06/05/2024,285
user13,07/05/2024,478
user13,08/05/2024,227
user13,09/05/2024,223
user13,10/05/2024,258
user13,11/05/2024,349
user13,12/05/2024,354
user13,13/05/2024,317
user13,14/05/2024,403
user13,15/05/2024,394
user13,16/05/2024,291
user13,17/05/2024,383
user13,18/05/2024,259
user13,19/05/2024,481
user13,20/05/2024,262
user13,21/05/2024,266
user13,22/05/2024,316
user13,23/05/2024,247
user13,24/05/2024,283
user13,25/05/2024,249
user13,26/05/2024,305
user13,27/05/2024,238
user13,28/05/2024,360
user13,29/05/2024,321
user13,30/05/2024,366
user13,31/05/2024,169
user13,01/06/2024,110
user13,02/06/2024,334
user13,03/06/2024,282
user13,04/06/2024,275
user13,05/06/2024,354
user13,06/06/2024,300
user13,07/06/2024,312
user13,08/06/2024,173
user13,09/06/2024,349
user13,10/06/2024,373
user13,11/06/2024,200
user13,12/06/2024,407
user13,13/06/2024,185
user13,14/06/2024,261
user13,15/06/2024,369
user13,16/06/2024,396
user13,17/06/2024,278
user13,18/06/2024,248
user13,19/06/2024,315
user13,20/06/2024,194
user13,21/06/2024,442
user13,22/06/2024,299
user13,23/06/2024,237
user13,24/06/2024,314
user13,25/06/2024,278
user13,26/06/2024,351
user13,27/06/2024,322
user13,28/06/2024,469
user13,29/06/2024,270
user13,30/06/2024,52
user13,01/07/2024,248
user13,02/07/2024,391
user13,03/07/2024,145
user13,04/07/2024,297
user13,05/07/2024,221
user13,06/07/2024,246
user13,07/07/2024,336
user13,08/07/2024,463
user13,09/07/2024,258
user13,10/07/2024,320
user13,11/07/2024,334
user13,12/07/2024,278
user13,13/07/2024,460
user13,14/07/2024,311
user13,15/07/2024,281
user13,16/07/2024,295
user13,17/07/2024,222
user13,18/07/2024,354
user13,19/07/2024,274
user13,20/07/2024,111
user13,21/07/2024,266
user13,22/07/2024,269
user13,23/07/2024,134
user13,24/07/2024,300
user13,25/07/2024,168
user13,26/07/2024,195
user13,27/07/2024,309
user13,28/07/2024,338
user13,29/07/2024,268
user13,30/07/2024,316
user13,31/07/2024,281
user13,01/08/2024,126
user13,02/08/2024,421
user13,03/08/2024,293
user13,04/08/2024,218
user13,05/08/2024,424
user13,06/08/2024,229
user13,07/08/2024,415
user13,08/08/2024,283
user13,09/08/2024,285
user13,10/08/2024,276
user13,11/08/2024,270
user13,12/08/2024,260
user13,13/08/2024,268
user13,14/08/2024,375
user13,15/08/2024,209
user13,16/08/2024,437
user13,17/08/2024,210
user13,18/08/2024,333
user13,19/08/2024,296
user13,20/08/2024,302
user13,21/08/2024,243
user13,22/08/2024,239
user13,23/08/2024,236
user13,24/08/2024,190
user13,25/08/2024,303
user13,26/08/2024,278
user13,27/08/2024,287
user13,28/08/2024,205
user13,29/08/2024,320
user13,30/08/2024,325
user13,31/08/2024,252
user13,01/09/2024,230
user13,02/09/2024,95
user13,03/09/2024,471
user13,04/09/2024,263
user13,05/09/2024,182
user13,06/09/2024,198
user13,07/09/2024,237
user13,08/09/2024,362
user13,09/09/2024,183
user13,10/09/2024,369
user13,11/09/2024,368
user13,12/09/2024,313
user13,13/09/2024,160
user13,14/09/2024,335
user13,15/09/2024,288
user13,16/09/2024,455
user13,17/09/2024,223
user13,18/09/2024,419
user13,19/09/2024,143
user13,20/09/2024,229
user13,21/09/2024,320
user13,22/09/2024,233
user13,23/09/2024,279
user13,24/09/2024,186
user13,25/09/2024,404
user13,26/09/2024,350
user13,27/09/2024,126
user13,28/09/2024,298
user13,29/09/2024,320
user13,30/09/2024,354
user13,01/10/2024,263
user13,02/10/2024,352
user13,03/10/2024,330
user13,04/10/2024,221
user13,05/10/2024,302
user13,06/10/2024,293
user13,07/10/2024,246
user13,08/10/2024,441
user13,09/10/2024,351
user13,10/10/2024,224
user13,11/10/2024,336
user13,12/10/2024,408
user13,13/10/2024,366
user13,14/10/2024,231
user13,15/10/2024,309
user13,16/10/2024,231
user13,17/10/2024,295
user13,18/10/2024,381
user13,19/10/2024,173
user13,20/10/2024,297
user13,21/10/2024,249
user13,22/10/2024,227
user13,23/10/2024,251
user13,24/10/2024,212
user13,25/10/2024,322
user13,26/10/2024,353
user13,27/10/2024,342
user13,28/10/2024,311
user13,29/10/2024,399
user13,30/10/2024,170
user13,31/10/2024,233
user13,01/11/2024,220
user13,02/11/2024,381
user13,03/11/2024,391
user13,04/11/2024,295
user13,05/11/2024,337
user13,06/11/2024,173
user13,07/11/2024,391
user13,08/11/2024,346
user13,09/11/2024,392
user13,10/11/2024,223
user13,11/11/2024,356
user13,12/11/2024,242
user13,13/11/2024,351
user13,14/11/2024,331
user13,15/11/2024,279
user13,16/11/2024,130
user13,17/11/2024,325
user13,18/11/2024,238
user13,19/11/2024,273
user13,20/11/2024,147
user13,21/11/2024,253
user13,22/11/2024,324
user13,23/11/2024,291
user13,24/11/2024,241
user13,25/11/2024,346
user13,26/11/2024,341
user13,27/11/2024,353
user13,28/11/2024,302
user13,29/11/2024,300
user13,30/11/2024,187
user13,01/12/2024,133
user13,02/12/2024,225
user13,03/12/2024,268
user13,04/12/2024,229
user13,05/12/2024,427
user13,06/12/2024,287
user13,07/12/2024,254
user13,08/12/2024,343
user13,09/12/2024,318
user13,10/12/2024,423
user13,11/12/2024,254
user13,12/12/2024,145
user13,13/12/2024,318
user13,14/12/2024,284
user13,15/12/2024,268
user13,16/12/2024,257
user13,17/12/2024,263
user13,18/12/2024,162
user13,19/12/2024,151
user13,20/12/2024,372
user13,21/12/2024,199
user13,22/12/2024,221
user13,23/12/2024,318
user13,24/12/2024,340
user13,25/12/2024,238
user13,26/12/2024,389
user13,27/12/2024,244
user13,28/12/2024,283
user13,29/12/2024,309
user13,30/12/2024,136
user14,01/01/2024,176
user14,02/01/2024,142
user14,03/01/2024,230
user14,04/01/2024,106
user14,05/01/2024,238
user14,06/01/2024,169
user14,07/01/2024,215
user14,08/01/2024,288
user14,09/01/2024,279
user14,10/01/2024,244
user14,11/01/2024,195
user14,12/01/2024,173
user14,13/01/2024,124
user14,14/01/2024,348
user14,15/01/2024,264
user14,16/01/2024,203
user14,17/01/2024,197
user14,18/01/2024,263
user14,19/01/2024,262
user14,20/01/2024,150
user14,21/01/2024,255
user14,22/01/2024,134
user14,23/01/2024,203
user14,24/01/2024,124
user14,25/01/2024,147
user14,26/01/2024,284
user14,27/01/2024,368
user14,28/01/2024,303
user14,29/01/2024,300
user14,30/01/2024,202
user14,31/01/2024,307
user14,01/02/2024,315
user14,02/02/2024,258
user14,03/02/2024,226
user14,04/02/2024,215
user14,05/02/2024,3
user14,06/02/2024,238
user14,07/02/2024,135
user14,08/02/2024,289
user14,09/02/2024,195
user14,10/02/2024,251
user14,11/02/2024,257
user14,12/02/2024,274
user14,13/02/2024,113
user14,14/02/2024,177
user14,15/02/2024,174
user14,16/02/2024,114
user14,17/02/2024,155
user14,18/02/2024,279
user14,19/02/2024,236
user14,20/02/2024,93
user14,21/02/2024,179
user14,22/02/2024,106
user14,23/02/2024,264
user14,24/02/2024,224
user14,25/02/2024,221
user14,26/02/2024,255
user14,27/02/2024,289
user14,28/02/2024,190
user14,29/02/2024,62
user14,01/03/2024,204
user14,02/03/2024,276
user14,03/03/2024,236
user14,04/03/2024,255
user14,05/03/2024,240
user14,06/03/2024,332
user14,07/03/2024,141
user14,08/03/2024,173
user14,09/03/2024,232
user14,10/03/2024,194
user14,11/03/2024,321
user14,12/03/2024,373
user14,13/03/2024,185
user14,14/03/2024,263
user14,15/03/2024,360
user14,16/03/2024,235
user14,17/03/2024,116
user14,18/03/2024,252
user14,19/03/2024,312
user14,20/03/2024,145
user14,21/03/2024,130
user14,22/03/2024,182
user14,23/03/2024,186
user14,24/03/2024,205
user14,25/03/2024,188
user14,26/03/2024,153
user14,27/03/2024,211
user14,28/03/2024,64
user14,29/03/2024,361
user14,30/03/2024,142
user14,31/03/2024,201
user14,01/04/2024,320
user14,02/04/2024,259
user14,03/04/2024,283
user14,04/04/2024,191
user14,05/04/2024,149
user14,06/04/2024,203
user14,07/04/2024,217
user14,08/04/2024,281
user14,09/04/2024,115
user14,10/04/2024,122
user14,11/04/2024,165
user14,12/04/2024,195
user14,13/04/2024,75
user14,14/04/2024,125
user14,15/04/2024,236
user14,16/04/2024,134
user14,17/04/2024,223
user14,18/04/2024,151
user14,19/04/2024,39
user14,20/04/2024,214
user14,21/04/2024,236
user14,22/04/2024,73
user14,23/04/2024,217
user14,24/04/2024,251
user14,25/04/2024,126
user14,26/04/2024,104
user14,27/04/2024,340
user14,28/04/2024,347
user14,29/04/2024,192
user14,30/04/2024,188
user14,01/05/2024,322
user14,02/05/2024,228
user14,03/05/2024,285
user14,04/05/2024,157
user14,05/05/2024,236
user14,06/05/2024,417
user14,07/05/2024,357
user14,08/05/2024,193
user14,09/05/2024,315
user14,10/05/2024,96
user14,11/05/2024,223
user14,12/05/2024,235
user14,13/05/2024,145
user14,14/05/2024,124
user14,15/05/2024,155
user14,16/05/2024,48
user14,17/05/2024,62
user14,18/05/2024,121
user14,19/05/2024,298
user14,20/05/2024,329
user14,21/05/2024,279
user14,22/05/2024,294
user14,23/05/2024,224
user14,24/05/2024,249
user14,25/05/2024,242
user14,26/05/2024,285
user14,27/05/2024,352
user14,28/05/2024,262
user14,29/05/2024,459
user14,30/05/2024,112
user14,31/05/2024,242
user14,01/06/2024,231
user14,02/06/2024,204
user14,03/06/2024,129
user14,04/06/2024,230
user14,05/06/2024,213
user14,06/06/2024,256
user14,07/06/2024,231
user14,08/06/2024,263
user14,09/06/2024,319
user14,10/06/2024,295
user14,11/06/2024,287
user14,12/06/2024,123
user14,13/06/2024,204
user14,14/06/2024,265
user14,15/06/2024,317
user14,16/06/2024,261
user14,17/06/2024,198
user14,18/06/2024,358
user14,19/06/2024,170
user14,20/06/2024,235
user14,21/06/2024,331
user14,22/06/2024,182
user14,23/06/2024,229
user14,24/06/2024,367
user14,25/06/2024,247
user14,26/06/2024,222
user14,27/06/2024,167
user14,28/06/2024,251
user14,29/06/2024,175
user14,30/06/2024,74
user14,01/07/2024,196
user14,02/07/2024,183
user14,03/07/2024,236
user14,04/07/2024,208
user14,05/07/2024,157
user14,06/07/2024,266
user14,07/07/2024,173
user14,08/07/2024,160
user14,09/07/2024,215
user14,10/07/2024,256
user14,11/07/2024,220
user14,12/07/2024,274
user14,13/07/2024,330
user14,14/07/2024,242
user14,15/07/2024,364
user14,16/07/2024,76
user14,17/07/2024,146
user14,18/07/2024,132
user14,19/07/2024,190
user14,20/07/2024,220
user14,21/07/2024,244
user14,22/07/2024,198
user14,23/07/2024,351
user14,24/07/2024,218
user14,25/07/2024,155
user14,26/07/2024,52
user14,27/07/2024,308
user14,28/07/2024,329
user14,29/07/2024,266
user14,30/07/2024,353
user14,31/07/2024,172
user14,01/08/2024,161
user14,02/08/2024,163
user14,03/08/2024,259
user14,04/08/2024,297
user14,05/08/2024,177
user14,06/08/2024,269
user14,07/08/2024,159
user14,08/08/2024,95
user14,09/08/2024,65
user14,10/08/2024,186
user14,11/08/2024,168
user14,12/08/2024,187
user14,13/08/2024,289
user14,14/08/2024,175
user14,15/08/2024,199
user14,16/08/2024,279
user14,17/08/2024,40
user14,18/08/2024,357
user14,19/08/2024,144
user14,20/08/2024,258
user14,21/08/2024,328
user14,22/08/2024,197
user14,23/08/2024,15
user14,24/08/2024,285
user14,25/08/2024,249
user14,26/08/2024,247
user14,27/08/2024,374
user14,28/08/2024,329
user14,29/08/2024,286
user14,30/08/2024,309
user14,31/08/2024,228
user14,01/09/2024,197
user14,02/09/2024,133
user14,03/09/2024,268
user14,04/09/2024,241
user14,05/09/2024,181
user14,06/09/2024,199
user14,07/09/2024,124
user14,08/09/2024,193
user14,09/09/2024,293
user14,10/09/2024,205
user14,11/09/2024,333
user14,12/09/2024,132
user14,13/09/2024,224
user14,14/09/2024,315
user14,15/09/2024,263
user14,16/09/2024,287
user14,17/09/2024,179
user14,18/09/2024,350
user14,19/09/2024,234
user14,20/09/2024,245
user14,21/09/2024,221
user14,22/09/2024,304
user14,23/09/2024,339
user14,24/09/2024,310
user14,25/09/2024,93
user14,26/09/2024,202
user14,27/09/2024,183
user14,28/09/2024,398
user14,29/09/2024,68
user14,30/09/2024,125
user14,01/10/2024,341
user14,02/10/2024,292
user14,03/10/2024,113
user14,04/10/2024,172
user14,05/10/2024,20
user14,06/10/2024,157
user14,07/10/2024,311
user14,08/10/2024,375
user14,09/10/2024,218
user14,10/10/2024,163
user14,11/10/2024,393
user14,12/10/2024,227
user14,13/10/2024,88
user14,14/10/2024,350
user14,15/10/2024,82
user14,16/10/2024,35
user14,17/10/2024,161
user14,18/10/2024,63
user14,19/10/2024,341
user14,20/10/2024,258
user14,21/10/2024,246
user14,22/10/2024,202
user14,23/10/2024,47
user14,24/10/2024,215
user14,25/10/2024,69
user14,26/10/2024,131
user14,27/10/2024,91
user14,28/10/2024,305
user14,29/10/2024,221
user14,30/10/2024,90
user14,31/10/2024,260
user14,01/11/2024,172
user14,02/11/2024,157
user14,03/11/2024,341
user14,04/11/2024,340
user14,05/11/2024,263
user14,06/11/2024,134
user14,07/11/2024,312
user14,08/11/2024,227
user14,09/11/2024,277
user14,10/11/2024,267
user14,11/11/2024,270
user14,12/11/2024,162
user14,13/11/2024,121
user14,14/11/2024,339
user14,15/11/2024,155
user14,16/11/2024,339
user14,17/11/2024,197
user14,18/11/2024,96
user14,19/11/2024,278
user14,20/11/2024,317
user14,21/11/2024,304
user14,22/11/2024,147
user14,23/11/2024,256
user14,24/11/2024,174
user14,25/11/2024,291
user14,26/11/2024,262
user14,27/11/2024,138
user14,28/11/2024,214
user14,29/11/2024,269
user14,30/11/2024,209
user14,01/12/2024,200
user14,02/12/2024,224
user14,03/12/2024,249
user14,04/12/2024,245
user14,05/12/2024,268
user14,06/12/2024,174
user14,07/12/2024,330
user14,08/12/2024,226
user14,09/12/2024,341
user14,10/12/2024,272
user14,11/12/2024,38
user14,12/12/2024,183
user14,13/12/2024,119
user14,14/12/2024,218
user14,15/12/2024,381
user14,16/12/2024,316
user14,17/12/2024,149
user14,18/12/2024,298
user14,19/12/2024,215
user14,20/12/2024,237
user14,21/12/2024,216
user14,22/12/2024,122
user14,23/12/2024,339
user14,24/12/2024,103
user14,25/12/2024,332
user14,26/12/2024,176
user14,27/12/2024,253
user14,28/12/2024,291
user14,29/12/2024,242
user14,30/12/2024,162
user15,01/01/2024,299
user15,02/01/2024,152
user15,03/01/2024,196
user15,04/01/2024,169
user15,05/01/2024,128
user15,06/01/2024,328
user15,07/01/2024,278
user15,08/01/2024,206
user15,09/01/2024,64
user15,10/01/2024,317
user15,11/01/2024,284
user15,12/01/2024,270
user15,13/01/2024,164
user15,14/01/2024,192
user15,15/01/2024,273
user15,16/01/2024,239
user15,17/01/2024,249
user15,18/01/2024,327
user15,19/01/2024,205
user15,20/01/2024,377
user15,21/01/2024,168
user15,22/01/2024,19
user15,23/01/2024,196
user15,24/01/2024,285
user15,25/01/2024,122
user15,26/01/2024,153
user15,27/01/2024,86
user15,28/01/2024,107
user15,29/01/2024,310
user15,30/01/2024,81
user15,31/01/2024,46
user15,01/02/2024,306
user15,02/02/2024,356
user15,03/02/2024,201
user15,04/02/2024,339
user15,05/02/2024,150
user15,06/02/2024,133
user15,07/02/2024,174
user15,08/02/2024,162
user15,09/02/2024,163
user15,10/02/2024,255
user15,11/02/2024,288
user15,12/02/2024,191
user15,13/02/2024,127
user15,14/02/2024,195
user15,15/02/2024,175
user15,16/02/2024,109
user15,17/02/2024,168
user15,18/02/2024,287
user15,19/02/2024,269
user15,20/02/2024,337
user15,21/02/2024,120
user15,22/02/2024,209
user15,23/02/2024,199
user15,24/02/2024,152
user15,25/02/2024,289
user15,26/02/2024,212
user15,27/02/2024,261
user15,28/02/2024,258
user15,29/02/2024,274
user15,01/03/2024,0
user15,02/03/2024,258
user15,03/03/2024,221
user15,04/03/2024,312
user15,05/03/2024,270
user15,06/03/2024,307
user15,07/03/2024,331
user15,08/03/2024,178
user15,09/03/2024,156
user15,10/03/2024,251
user15,11/03/2024,203
user15,12/03/2024,220
user15,13/03/2024,233
user15,14/03/2024,252
user15,15/03/2024,164
user15,16/03/2024,229
user15,17/03/2024,127
user15,18/03/2024,298
user15,19/03/2024,291
user15,20/03/2024,259
user15,21/03/2024,270
user15,22/03/2024,307
user15,23/03/2024,241
user15,24/03/2024,93
user15,25/03/2024,242
user15,26/03/2024,73
user15,27/03/2024,275
user15,28/03/2024,228
user15,29/03/2024,213
user15,30/03/2024,316
user15,31/03/2024,200
user15,01/04/2024,235
user15,02/04/2024,138
user15,03/04/2024,191
user15,04/04/2024,286
user15,05/04/2024,299
user15,06/04/2024,194
user15,07/04/2024,151
user15,08/04/2024,185
user15,09/04/2024,301
user15,10/04/2024,257
user15,11/04/2024,211
user15,12/04/2024,224
user15,13/04/2024,326
user15,14/04/2024,144
user15,15/04/2024,343
user15,16/04/2024,139
user15,17/04/2024,157
user15,18/04/2024,272
user15,19/04/2024,172
user15,20/04/2024,320
user15,21/04/2024,216
user15,22/04/2024,343
user15,23/04/2024,265
user15,24/04/2024,347
user15,25/04/2024,325
user15,26/04/2024,350
user15,27/04/2024,211
user15,28/04/2024,236
user15,29/04/2024,249
user15,30/04/2024,147
user15,01/05/2024,274
user15,02/05/2024,146
user15,03/05/2024,249
user15,04/05/2024,317
user15,05/05/2024,324
user15,06/05/2024,245
user15,07/05/2024,275
user15,08/05/2024,161
user15,09/05/2024,305
user15,10/05/2024,350
user15,11/05/2024,287
user15,12/05/2024,245
user15,13/05/2024,116
user15,14/05/2024,194
user15,15/05/2024,190
user15,16/05/2024,249
user15,17/05/2024,267
user15,18/05/2024,299
user15,19/05/2024,271
user15,20/05/2024,106
user15,21/05/2024,107
user15,22/05/2024,189
user15,23/05/2024,323
user15,24/05/2024,313
user15,25/05/2024,213
user15,26/05/2024,208
user15,27/05/2024,213
user15,28/05/2024,261
user15,29/05/2024,138
user15,30/05/2024,255
user15,31/05/2024,159
user15,01/06/2024,317
user15,02/06/2024,164
user15,03/06/2024,233
user15,04/06/2024,98
user15,05/06/2024,228
user15,06/06/2024,232
user15,07/06/2024,402
user15,08/06/2024,258
user15,09/06/2024,379
user15,10/06/2024,322
user15,11/06/2024,247
user15,12/06/2024,423
user15,13/06/2024,227
user15,14/06/2024,327
user15,15/06/2024,180
user15,16/06/2024,178
user15,17/06/2024,288
user15,18/06/2024,153
user15,19/06/2024,337
user15,20/06/2024,229
user15,21/06/2024,225
user15,22/06/2024,257
user15,23/06/2024,174
user15,24/06/2024,58
user15,25/06/2024,135
user15,26/06/2024,279
user15,27/06/2024,344
user15,28/06/2024,225
user15,29/06/2024,300
user15,30/06/2024,292
user15,01/07/2024,258
user15,02/07/2024,209
user15,03/07/2024,176
user15,04/07/2024,187
user15,05/07/2024,265
user15,06/07/2024,48
user15,07/07/2024,76
user15,08/07/2024,219
user15,09/07/2024,160
user15,10/07/2024,165
user15,11/07/2024,342
user15,12/07/2024,151
user15,13/07/2024,207
user15,14/07/2024,281
user15,15/07/2024,197
user15,16/07/2024,148
user15,17/07/2024,247
user15,18/07/2024,208
user15,19/07/2024,177
user15,20/07/2024,347
user15,21/07/2024,0
user15,22/07/2024,211
user15,23/07/2024,363
user15,24/07/2024,202
user15,25/07/2024,201
user15,26/07/2024,155
user15,27/07/2024,285
user15,28/07/2024,104
user15,29/07/2024,423
user15,30/07/2024,324
user15,31/07/2024,58
user15,01/08/2024,284
user15,02/08/2024,309
user15,03/08/2024,270
user15,04/08/2024,89
user15,05/08/2024,234
user15,06/08/2024,389
user15,07/08/2024,219
user15,08/08/2024,271
user15,09/08/2024,132
user15,10/08/2024,193
user15,11/08/2024,315
user15,12/08/2024,269
user15,13/08/2024,251
user15,14/08/2024,173
user15,15/08/2024,247
user15,16/08/2024,173
user15,17/08/2024,304
user15,18/08/2024,259
user15,19/08/2024,343
user15,20/08/2024,210
user15,21/08/2024,231
user15,22/08/2024,179
user15,23/08/2024,286
user15,24/08/2024,292
user15,25/08/2024,303
user15,26/08/2024,64
user15,27/08/2024,135
user15,28/08/2024,299
user15,29/08/2024,289
user15,30/08/2024,280
user15,31/08/2024,195
user15,01/09/2024,287
user15,02/09/2024,256
user15,03/09/2024,384
user15,04/09/2024,332
user15,05/09/2024,265
user15,06/09/2024,220
user15,07/09/2024,148
user15,08/09/2024,190
user15,09/09/2024,130
user15,10/09/2024,167
user15,11/09/2024,170
user15,12/09/2024,337
user15,13/09/2024,177
user15,14/09/2024,191
user15,15/09/2024,206
user15,16/09/2024,90
user15,17/09/2024,145
user15,18/09/2024,227
user15,19/09/2024,152
user15,20/09/2024,176
user15,21/09/2024,128
user15,22/09/2024,137
user15,23/09/2024,177
user15,24/09/2024,301
user15,25/09/2024,289
user15,26/09/2024,311
user15,27/09/2024,334
user15,28/09/2024,292
user15,29/09/2024,211
user15,30/09/2024,170
user15,01/10/2024,270
user15,02/10/2024,293
user15,03/10/2024,154
user15,04/10/2024,160
user15,05/10/2024,231
user15,06/10/2024,209
user15,07/10/2024,263
user15,08/10/2024,270
user15,09/10/2024,270
user15,10/10/2024,332
user15,11/10/2024,235
user15,12/10/2024,292
user15,13/10/2024,251
user15,14/10/2024,180
user15,15/10/2024,283
user15,16/10/2024,336
user15,17/10/2024,185
user15,18/10/2024,369
user15,19/10/2024,272
user15,20/10/2024,135
user15,21/10/2024,0
user15,22/10/2024,175
user15,23/10/2024,322
user15,24/10/2024,157
user15,25/10/2024,290
user15,26/10/2024,96
user15,27/10/2024,175
user15,28/10/2024,108
user15,29/10/2024,184
user15,30/10/2024,181
user15,31/10/2024,282
user15,01/11/2024,215
user15,02/11/2024,209
user15,03/11/2024,286
user15,04/11/2024,250
user15,05/11/2024,326
user15,06/11/2024,214
user15,07/11/2024,236
user15,08/11/2024,198
user15,09/11/2024,155
user15,10/11/2024,160
user15,11/11/2024,42
user15,12/11/2024,91
user15,13/11/2024,382
user15,14/11/2024,212
user15,15/11/2024,273
user15,16/11/2024,150
user15,17/11/2024,308
user15,18/11/2024,272
user15,19/11/2024,194
user15,20/11/2024,248
user15,21/11/2024,146
user15,22/11/2024,93
user15,23/11/2024,254
user15,24/11/2024,56
user15,25/11/2024,169
user15,26/11/2024,316
user15,27/11/2024,157
user15,28/11/2024,182
user15,29/11/2024,283
user15,30/11/2024,317
user15,01/12/2024,155
user15,02/12/2024,363
user15,03/12/2024,238
user15,04/12/2024,310
user15,05/12/2024,266
user15,06/12/2024,269
user15,07/12/2024,128
user15,08/12/2024,335
user15,09/12/2024,247
user15,10/12/2024,270
user15,11/12/2024,327
user15,12/12/2024,266
user15,13/12/2024,344
user15,14/12/2024,309
user15,15/12/2024,217
user15,16/12/2024,134
user15,17/12/2024,216
user15,18/12/2024,109
user15,19/12/2024,198
user15,20/12/2024,2
user15,21/12/2024,167
user15,22/12/2024,210
user15,23/12/2024,236
user15,24/12/2024,261
user15,25/12/2024,292
user15,26/12/2024,360
user15,27/12/2024,374
user15,28/12/2024,182
user15,29/12/2024,188
user15,30/12/2024,232
user16,01/01/2024,153
user16,02/01/2024,133
user16,03/01/2024,182
user16,04/01/2024,366
user16,05/01/2024,134
user16,06/01/2024,178
user16,07/01/2024,204
user16,08/01/2024,251
user16,09/01/2024,0
user16,10/01/2024,296
user16,11/01/2024,277
user16,12/01/2024,293
user16,13/01/2024,163
user16,14/01/2024,5
user16,15/01/2024,158
user16,16/01/2024,264
user16,17/01/2024,208
user16,18/01/2024,345
user16,19/01/2024,299
user16,20/01/2024,230
user16,21/01/2024,242
user16,22/01/2024,253
user16,23/01/2024,156
user16,24/01/2024,217
user16,25/01/2024,247
user16,26/01/2024,270
user16,27/01/2024,293
user16,28/01/2024,298
user16,29/01/2024,158
user16,30/01/2024,174
user16,31/01/2024,251
user16,01/02/2024,174
user16,02/02/2024,377
user16,03/02/2024,335
user16,04/02/2024,173
user16,05/02/2024,213
user16,06/02/2024,192
user16,07/02/2024,172
user16,08/02/2024,219
user16,09/02/2024,227
user16,10/02/2024,215
user16,11/02/2024,185
user16,12/02/2024,191
user16,13/02/2024,178
user16,14/02/2024,293
user16,15/02/2024,218
user16,16/02/2024,330
user16,17/02/2024,306
user16,18/02/2024,285
user16,19/02/2024,187
user16,20/02/2024,292
user16,21/02/2024,219
user16,22/02/2024,446
user16,23/02/2024,256
user16,24/02/2024,213
user16,25/02/2024,161
user16,26/02/2024,194
user16,27/02/2024,257
user16,28/02/2024,310
user16,29/02/2024,365
user16,01/03/2024,309
user16,02/03/2024,240
user16,03/03/2024,398
user16,04/03/2024,237
user16,05/03/2024,187
user16,06/03/2024,132
user16,07/03/2024,199
user16,08/03/2024,346
user16,09/03/2024,339
user16,10/03/2024,224
user16,11/03/2024,346
user16,12/03/2024,253
user16,13/03/2024,219
user16,14/03/2024,78
user16,15/03/2024,389
user16,16/03/2024,160
user16,17/03/2024,303
user16,18/03/2024,277
user16,19/03/2024,179
user16,20/03/2024,218
user16,21/03/2024,270
user16,22/03/2024,262
user16,23/03/2024,266
user16,24/03/2024,312
user16,25/03/2024,264
user16,26/03/2024,101
user16,27/03/2024,100
user16,28/03/2024,259
user16,29/03/2024,326
user16,30/03/2024,317
user16,31/03/2024,162
user16,01/04/2024,239
user16,02/04/2024,338
user16,03/04/2024,250
user16,04/04/2024,151
user16,05/04/2024,260
user16,06/04/2024,313
user16,07/04/2024,140
user16,08/04/2024,177
user16,09/04/2024,195
user16,10/04/2024,230
user16,11/04/2024,369
user16,12/04/2024,180
user16,13/04/2024,187
user16,14/04/2024,160
user16,15/04/2024,186
user16,16/04/2024,243
user16,17/04/2024,422
user16,18/04/2024,146
user16,19/04/2024,133
user16,20/04/2024,210
user16,21/04/2024,23
user16,22/04/2024,369
user16,23/04/2024,277
user16,24/04/2024,239
user16,25/04/2024,67
user16,26/04/2024,187
user16,27/04/2024,156
user16,28/04/2024,317
user16,29/04/2024,92
user16,30/04/2024,319
user16,01/05/2024,308
user16,02/05/2024,171
user16,03/05/2024,194
user16,04/05/2024,236
user16,05/05/2024,360
user16,06/05/2024,339
user16,07/05/2024,301
user16,08/05/2024,137
user16,09/05/2024,137
user16,10/05/2024,331
user16,11/05/2024,150
user16,12/05/2024,221
user16,13/05/2024,98
user16,14/05/2024,384
user16,15/05/2024,204
user16,16/05/2024,168
user16,17/05/2024,379
user16,18/05/2024,81
user16,19/05/2024,280
user16,20/05/2024,211
user16,21/05/2024,245
user16,22/05/2024,292
user16,23/05/2024,186
user16,24/05/2024,261
user16,25/05/2024,130
user16,26/05/2024,171
user16,27/05/2024,261
user16,28/05/2024,205
user16,29/05/2024,231
user16,30/05/2024,329
user16,31/05/2024,76
user16,01/06/2024,300
user16,02/06/2024,238
user16,03/06/2024,371
user16,04/06/2024,274
user16,05/06/2024,258
user16,06/06/2024,79
user16,07/06/2024,272
user16,08/06/2024,325
user16,09/06/2024,92
user16,10/06/2024,268
user16,11/06/2024,247
user16,12/06/2024,103
user16,13/06/2024,207
user16,14/06/2024,261
user16,15/06/2024,185
user16,16/06/2024,325
user16,17/06/2024,78
user16,18/06/2024,275
user16,19/06/2024,208
user16,20/06/2024,74
user16,21/06/2024,154
user16,22/06/2024,226
user16,23/06/2024,178
user16,24/06/2024,135
user16,25/06/2024,409
user16,26/06/2024,262
user16,27/06/2024,245
user16,28/06/2024,248
user16,29/06/2024,149
user16,30/06/2024,360
user16,01/07/2024,255
user16,02/07/2024,262
user16,03/07/2024,183
user16,04/07/2024,182
user16,05/07/2024,228
user16,06/07/2024,271
user16,07/07/2024,194
user16,08/07/2024,207
user16,09/07/2024,297
user16,10/07/2024,391
user16,11/07/2024,164
user16,12/07/2024,188
user16,13/07/2024,289
user16,14/07/2024,230
user16,15/07/2024,208
user16,16/07/2024,286
user16,17/07/2024,285
user16,18/07/2024,209
user16,19/07/2024,244
user16,20/07/2024,162
user16,21/07/2024,263
user16,22/07/2024,135
user16,23/07/2024,121
user16,24/07/2024,160
user16,25/07/2024,275
user16,26/07/2024,105
user16,27/07/2024,147
user16,28/07/2024,229
user16,29/07/2024,96
user16,30/07/2024,219
user16,31/07/2024,224
user16,01/08/2024,262
user16,02/08/2024,114
user16,03/08/2024,155
user16,04/08/2024,365
user16,05/08/2024,224
user16,06/08/2024,281
user16,07/08/2024,309
user16,08/08/2024,297
user16,09/08/2024,197
user16,10/08/2024,328
user16,11/08/2024,307
user16,12/08/2024,255
user16,13/08/2024,195
user16,14/08/2024,166
user16,15/08/2024,122
user16,16/08/2024,277
user16,17/08/2024,187
user16,18/08/2024,368
user16,19/08/2024,303
user16,20/08/2024,274
user16,21/08/2024,63
user16,22/08/2024,195
user16,23/08/2024,187
user16,24/08/2024,168
user16,25/08/2024,193
user16,26/08/2024,207
user16,27/08/2024,119
user16,28/08/2024,76
user16,29/08/2024,254
user16,30/08/2024,321
user16,31/08/2024,351
user16,01/09/2024,230
user16,02/09/2024,222
user16,03/09/2024,240
user16,04/09/2024,176
user16,05/09/2024,329
user16,06/09/2024,157
user16,07/09/2024,143
user16,08/09/2024,245
user16,09/09/2024,224
user16,10/09/2024,228
user16,11/09/2024,301
user16,12/09/2024,18
user16,13/09/2024,90
user16,14/09/2024,154
user16,15/09/2024,151
user16,16/09/2024,126
user16,17/09/2024,130
user16,18/09/2024,205
user16,19/09/2024,205
user16,20/09/2024,229
user16,21/09/2024,229
user16,22/09/2024,334
user16,23/09/2024,322
user16,24/09/2024,193
user16,25/09/2024,160
user16,26/09/2024,295
user16,27/09/2024,180
user16,28/09/2024,159
user16,29/09/2024,221
user16,30/09/2024,304
user16,01/10/2024,297
user16,02/10/2024,242
user16,03/10/2024,188
user16,04/10/2024,274
user16,05/10/2024,191
user16,06/10/2024,286
user16,07/10/2024,316
user16,08/10/2024,152
user16,09/10/2024,294
user16,10/10/2024,205
user16,11/10/2024,280
user16,12/10/2024,134
user16,13/10/2024,348
user16,14/10/2024,204
user16,15/10/2024,39
user16,16/10/2024,243
user16,17/10/2024,67
user16,18/10/2024,259
user16,19/10/2024,276
user16,20/10/2024,160
user16,21/10/2024,246
user16,22/10/2024,182
user16,23/10/2024,140
user16,24/10/2024,223
user16,25/10/2024,285
user16,26/10/2024,307
user16,27/10/2024,297
user16,28/10/2024,240
user16,29/10/2024,288
user16,30/10/2024,171
user16,31/10/2024,195
user16,01/11/2024,129
user16,02/11/2024,262
user16,03/11/2024,220
user16,04/11/2024,247
user16,05/11/2024,296
user16,06/11/2024,327
user16,07/11/2024,185
user16,08/11/2024,174
user16,09/11/2024,189
user16,10/11/2024,326
user16,11/11/2024,114
user16,12/11/2024,134
user16,13/11/2024,284
user16,14/11/2024,236
user16,15/11/2024,330
user16,16/11/2024,178
user16,17/11/2024,211
user16,18/11/2024,210
user16,19/11/2024,190
user16,20/11/2024,295
user16,21/11/2024,185
user16,22/11/2024,203
user16,23/11/2024,115
user16,24/11/2024,296
user16,25/11/2024,266
user16,26/11/2024,59
user16,27/11/2024,178
user16,28/11/2024,37
user16,29/11/2024,252
user16,30/11/2024,242
user16,01/12/2024,256
user16,02/12/2024,389
user16,03/12/2024,319
user16,04/12/2024,19
user16,05/12/2024,85
user16,06/12/2024,256
user16,07/12/2024,109
user16,08/12/2024,226
user16,09/12/2024,277
user16,10/12/2024,142
user16,11/12/2024,180
user16,12/12/2024,381
user16,13/12/2024,291
user16,14/12/2024,159
user16,15/12/2024,128
user16,16/12/2024,381
user16,17/12/2024,254
user16,18/12/2024,226
user16,19/12/2024,161
user16,20/12/2024,124
user16,21/12/2024,199
user16,22/12/2024,100
user16,23/12/2024,249
user16,24/12/2024,330
user16,25/12/2024,161
user16,26/12/2024,130
user16,27/12/2024,127
user16,28/12/2024,288
user16,29/12/2024,173
user16,30/12/2024,251
user17,01/01/2024,246
user17,02/01/2024,129
user17,03/01/2024,215
user17,04/01/2024,118
user17,05/01/2024,199
user17,06/01/2024,331
user17,07/01/2024,333
user17,08/01/2024,117
user17,09/01/2024,260
user17,10/01/2024,222
user17,11/01/2024,202
user17,12/01/2024,274
user17,13/01/2024,296
user17,14/01/2024,215
user17,15/01/2024,250
user17,16/01/2024,348
user17,17/01/2024,216
user17,18/01/2024,356
user17,19/01/2024,239
user17,20/01/2024,272
user17,21/01/2024,39
user17,22/01/2024,275
user17,23/01/2024,350
user17,24/01/2024,318
user17,25/01/2024,276
user17,26/01/2024,274
user17,27/01/2024,123
user17,28/01/2024,272
user17,29/01/2024,166
user17,30/01/2024,308
user17,31/01/2024,162
user17,01/02/2024,127
user17,02/02/2024,208
user17,03/02/2024,268
user17,04/02/2024,185
user17,05/02/2024,110
user17,06/02/2024,299
user17,07/02/2024,280
user17,08/02/2024,215
user17,09/02/2024,257
user17,10/02/2024,323
user17,11/02/2024,292
user17,12/02/2024,390
user17,13/02/2024,234
user17,14/02/2024,9
user17,15/02/2024,169
user17,16/02/2024,399
user17,17/02/2024,84
user17,18/02/2024,195
user17,19/02/2024,213
user17,20/02/2024,188
user17,21/02/2024,294
user17,22/02/2024,263
user17,23/02/2024,288
user17,24/02/2024,311
user17,25/02/2024,308
user17,26/02/2024,228
user17,27/02/2024,297
user17,28/02/2024,217
user17,29/02/2024,279
user17,01/03/2024,314
user17,02/03/2024,206
user17,03/03/2024,316
user17,04/03/2024,123
user17,05/03/2024,213
user17,06/03/2024,245
user17,07/03/2024,263
user17,08/03/2024,319
user17,09/03/2024,258
user17,10/03/2024,299
user17,11/03/2024,192
user17,12/03/2024,191
user17,13/03/2024,209
user17,14/03/2024,331
user17,15/03/2024,356
user17,16/03/2024,113
user17,17/03/2024,281
user17,18/03/2024,113
user17,19/03/2024,248
user17,20/03/2024,159
user17,21/03/2024,257
user17,22/03/2024,292
user17,23/03/2024,194
user17,24/03/2024,417
user17,25/03/2024,194
user17,26/03/2024,142
user17,27/03/2024,186
user17,28/03/2024,183
user17,29/03/2024,160
user17,30/03/2024,271
user17,31/03/2024,136
user17,01/04/2024,311
user17,02/04/2024,359
user17,03/04/2024,357
user17,04/04/2024,229
user17,05/04/2024,294
user17,06/04/2024,393
user17,07/04/2024,348
user17,08/04/2024,234
user17,09/04/2024,173
user17,10/04/2024,292
user17,11/04/2024,368
user17,12/04/2024,227
user17,13/04/2024,260
user17,14/04/2024,320
user17,15/04/2024,166
user17,16/04/2024,196
user17,17/04/2024,250
user17,18/04/2024,240
user17,19/04/2024,252
user17,20/04/2024,171
user17,21/04/2024,328
user17,22/04/2024,160
user17,23/04/2024,263
user17,24/04/2024,357
user17,25/04/2024,288
user17,26/04/2024,249
user17,27/04/2024,343
user17,28/04/2024,258
user17,29/04/2024,324
user17,30/04/2024,198
user17,01/05/2024,185
user17,02/05/2024,281
user17,03/05/2024,369
user17,04/05/2024,256
user17,05/05/2024,205
user17,06/05/2024,237
user17,07/05/2024,186
user17,08/05/2024,402
user17,09/05/2024,302
user17,10/05/2024,159
user17,11/05/2024,229
user17,12/05/2024,174
user17,13/05/2024,261
user17,14/05/2024,279
user17,15/05/2024,149
user17,16/05/2024,306
user17,17/05/2024,120
user17,18/05/2024,222
user17,19/05/2024,311
user17,20/05/2024,293
user17,21/05/2024,183
user17,22/05/2024,187
user17,23/05/2024,213
user17,24/05/2024,236
user17,25/05/2024,240
user17,26/05/2024,113
user17,27/05/2024,225
user17,28/05/2024,303
user17,29/05/2024,210
user17,30/05/2024,284
user17,31/05/2024,152
user17,01/06/2024,293
user17,02/06/2024,419
user17,03/06/2024,349
user17,04/06/2024,357
user17,05/06/2024,261
user17,06/06/2024,180
user17,07/06/2024,332
user17,08/06/2024,173
user17,09/06/2024,192
user17,10/06/2024,270
user17,11/06/2024,200
user17,12/06/2024,237
user17,13/06/2024,268
user17,14/06/2024,209
user17,15/06/2024,162
user17,16/06/2024,223
user17,17/06/2024,358
user17,18/06/2024,283
user17,19/06/2024,216
user17,20/06/2024,93
user17,21/06/2024,277
user17,22/06/2024,266
user17,23/06/2024,254
user17,24/06/2024,289
user17,25/06/2024,269
user17,26/06/2024,266
user17,27/06/2024,302
user17,28/06/2024,364
user17,29/06/2024,242
user17,30/06/2024,127
user17,01/07/2024,258
user17,02/07/2024,160
user17,03/07/2024,225
user17,04/07/2024,110
user17,05/07/2024,291
user17,06/07/2024,169
user17,07/07/2024,317
user17,08/07/2024,328
user17,09/07/2024,320
user17,10/07/2024,258
user17,11/07/2024,256
user17,12/07/2024,277
user17,13/07/2024,182
user17,14/07/2024,211
user17,15/07/2024,234
user17,16/07/2024,363
user17,17/07/2024,291
user17,18/07/2024,64
user17,19/07/2024,185
user17,20/07/2024,309
user17,21/07/2024,154
user17,22/07/2024,210
user17,23/07/2024,390
user17,24/07/2024,305
user17,25/07/2024,276
user17,26/07/2024,157
user17,27/07/2024,200
user17,28/07/2024,296
user17,29/07/2024,383
user17,30/07/2024,322
user17,31/07/2024,176
user17,01/08/2024,244
user17,02/08/2024,400
user17,03/08/2024,145
user17,04/08/2024,295
user17,05/08/2024,222
user17,06/08/2024,272
user17,07/08/2024,239
user17,08/08/2024,270
user17,09/08/2024,218
user17,10/08/2024,142
user17,11/08/2024,346
user17,12/08/2024,251
user17,13/08/2024,367
user17,14/08/2024,310
user17,15/08/2024,280
user17,16/08/2024,338
user17,17/08/2024,328
user17,18/08/2024,273
user17,19/08/2024,216
user17,20/08/2024,90
user17,21/08/2024,248
user17,22/08/2024,304
user17,23/08/2024,458
user17,24/08/2024,357
user17,25/08/2024,266
user17,26/08/2024,277
user17,27/08/2024,301
user17,28/08/2024,426
user17,29/08/2024,215
user17,30/08/2024,280
user17,31/08/2024,321
user17,01/09/2024,167
user17,02/09/2024,362
user17,03/09/2024,221
user17,04/09/2024,196
user17,05/09/2024,432
user17,06/09/2024,290
user17,07/09/2024,336
user17,08/09/2024,263
user17,09/09/2024,228
user17,10/09/2024,267
user17,11/09/2024,148
user17,12/09/2024,170
user17,13/09/2024,457
user17,14/09/2024,253
user17,15/09/2024,357
user17,16/09/2024,223
user17,17/09/2024,341
user17,18/09/2024,132
user17,19/09/2024,308
user17,20/09/2024,320
user17,21/09/2024,258
user17,22/09/2024,138
user17,23/09/2024,280
user17,24/09/2024,131
user17,25/09/2024,186
user17,26/09/2024,314
user17,27/09/2024,105
user17,28/09/2024,291
user17,29/09/2024,282
user17,30/09/2024,71
user17,01/10/2024,211
user17,02/10/2024,253
user17,03/10/2024,306
user17,04/10/2024,347
user17,05/10/2024,183
user17,06/10/2024,227
user17,07/10/2024,182
user17,08/10/2024,260
user17,09/10/2024,210
user17,10/10/2024,212
user17,11/10/2024,297
user17,12/10/2024,221
user17,13/10/2024,279
user17,14/10/2024,78
user17,15/10/2024,267
user17,16/10/2024,290
user17,17/10/2024,378
user17,18/10/2024,192
user17,19/10/2024,279
user17,20/10/2024,294
user17,21/10/2024,228
user17,22/10/2024,265
user17,23/10/2024,196
user17,24/10/2024,238
user17,25/10/2024,265
user17,26/10/2024,179
user17,27/10/2024,312
user17,28/10/2024,268
user17,29/10/2024,135
user17,30/10/2024,157
user17,31/10/2024,371
user17,01/11/2024,281
user17,02/11/2024,211
user17,03/11/2024,186
user17,04/11/2024,171
user17,05/11/2024,285
user17,06/11/2024,161
user17,07/11/2024,179
user17,08/11/2024,202
user17,09/11/2024,291
user17,10/11/2024,238
user17,11/11/2024,264
user17,12/11/2024,296
user17,13/11/2024,174
user17,14/11/2024,263
user17,15/11/2024,202
user17,16/11/2024,73
user17,17/11/2024,309
user17,18/11/2024,145
user17,19/11/2024,268
user17,20/11/2024,298
user17,21/11/2024,264
user17,22/11/2024,302
user17,23/11/2024,227
user17,24/11/2024,58
user17,25/11/2024,365
user17,26/11/2024,172
user17,27/11/2024,266
user17,28/11/2024,125
user17,29/11/2024,216
user17,30/11/2024,264
user17,01/12/2024,251
user17,02/12/2024,325
user17,03/12/2024,406
user17,04/12/2024,227
user17,05/12/2024,271
user17,06/12/2024,225
user17,07/12/2024,390
user17,08/12/2024,255
user17,09/12/2024,186
user17,10/12/2024,72
user17,11/12/2024,356
user17,12/12/2024,330
user17,13/12/2024,320
user17,14/12/2024,151
user17,15/12/2024,301
user17,16/12/2024,326
user17,17/12/2024,261
user17,18/12/2024,258
user17,19/12/2024,379
user17,20/12/2024,276
user17,21/12/2024,264
user17,22/12/2024,57
user17,23/12/2024,163
user17,24/12/2024,115
user17,25/12/2024,314
user17,26/12/2024,198
user17,27/12/2024,241
user17,28/12/2024,148
user17,29/12/2024,282
user17,30/12/2024,252
user18,01/01/2024,100
user18,02/01/2024,131
user18,03/01/2024,158
user18,04/01/2024,286
user18,05/01/2024,49
user18,06/01/2024,146
user18,07/01/2024,231
user18,08/01/2024,256
user18,09/01/2024,0
user18,10/01/2024,205
user18,11/01/2024,154
user18,12/01/2024,52
user18,13/01/2024,313
user18,14/01/2024,42
user18,15/01/2024,171
user18,16/01/2024,179
user18,17/01/2024,245
user18,18/01/2024,86
user18,19/01/2024,137
user18,20/01/2024,145
user18,21/01/2024,0
user18,22/01/2024,183
user18,23/01/2024,190
user18,24/01/2024,144
user18,25/01/2024,42
user18,26/01/2024,34
user18,27/01/2024,56
user18,28/01/2024,128
user18,29/01/2024,392
user18,30/01/2024,182
user18,31/01/2024,300
user18,01/02/2024,154
user18,02/02/2024,186
user18,03/02/2024,152
user18,04/02/2024,149
user18,05/02/2024,187
user18,06/02/2024,92
user18,07/02/2024,137
user18,08/02/2024,210
user18,09/02/2024,253
user18,10/02/2024,97
user18,11/02/2024,77
user18,12/02/2024,178
user18,13/02/2024,0
user18,14/02/2024,78
user18,15/02/2024,211
user18,16/02/2024,186
user18,17/02/2024,207
user18,18/02/2024,213
user18,19/02/2024,220
user18,20/02/2024,206
user18,21/02/2024,33
user18,22/02/2024,149
user18,23/02/2024,85
user18,24/02/2024,168
user18,25/02/2024,142
user18,26/02/2024,188
user18,27/02/2024,103
user18,28/02/2024,113
user18,29/02/2024,177
user18,01/03/2024,143
user18,02/03/2024,124
user18,03/03/2024,370
user18,04/03/2024,40
user18,05/03/2024,310
user18,06/03/2024,98
user18,07/03/2024,202
user18,08/03/2024,0
user18,09/03/2024,169
user18,10/03/2024,190
user18,11/03/2024,264
user18,12/03/2024,232
user18,13/03/2024,121
user18,14/03/2024,125
user18,15/03/2024,20
user18,16/03/2024,132
user18,17/03/2024,90
user18,18/03/2024,17
user18,19/03/2024,278
user18,20/03/2024,163
user18,21/03/2024,265
user18,22/03/2024,74
user18,23/03/2024,110
user18,24/03/2024,94
user18,25/03/2024,197
user18,26/03/2024,69
user18,27/03/2024,308
user18,28/03/2024,189
user18,29/03/2024,29
user18,30/03/2024,185
user18,31/03/2024,256
user18,01/04/2024,73
user18,02/04/2024,269
user18,03/04/2024,138
user18,04/04/2024,110
user18,05/04/2024,105
user18,06/04/2024,33
user18,07/04/2024,174
user18,08/04/2024,233
user18,09/04/2024,272
user18,10/04/2024,96
user18,11/04/2024,100
user18,12/04/2024,214
user18,13/04/2024,181
user18,14/04/2024,391
user18,15/04/2024,139
user18,16/04/2024,22
user18,17/04/2024,259
user18,18/04/2024,111
user18,19/04/2024,245
user18,20/04/2024,31
user18,21/04/2024,244
user18,22/04/2024,0
user18,23/04/2024,74
user18,24/04/2024,167
user18,25/04/2024,205
user18,26/04/2024,85
user18,27/04/2024,167
user18,28/04/2024,225
user18,29/04/2024,151
user18,30/04/2024,194
user18,01/05/2024,235
user18,02/05/2024,185
user18,03/05/2024,150
user18,04/05/2024,107
user18,05/05/2024,214
user18,06/05/2024,122
user18,07/05/2024,87
user18,08/05/2024,45
user18,09/05/2024,268
user18,10/05/2024,220
user18,11/05/2024,101
user18,12/05/2024,15
user18,13/05/2024,136
user18,14/05/2024,80
user18,15/05/2024,108
user18,16/05/2024,162
user18,17/05/2024,137
user18,18/05/2024,233
user18,19/05/2024,0
user18,20/05/2024,248
user18,21/05/2024,115
user18,22/05/2024,120
user18,23/05/2024,61
user18,24/05/2024,244
user18,25/05/2024,178
user18,26/05/2024,197
user18,27/05/2024,67
user18,28/05/2024,314
user18,29/05/2024,79
user18,30/05/2024,105
user18,31/05/2024,179
user18,01/06/2024,121
user18,02/06/2024,186
user18,03/06/2024,133
user18,04/06/2024,177
user18,05/06/2024,0
user18,06/06/2024,166
user18,07/06/2024,281
user18,08/06/2024,52
user18,09/06/2024,114
user18,10/06/2024,209
user18,11/06/2024,129
user18,12/06/2024,104
user18,13/06/2024,103
user18,14/06/2024,162
user18,15/06/2024,143
user18,16/06/2024,140
user18,17/06/2024,269
user18,18/06/2024,140
user18,19/06/2024,95
user18,20/06/2024,140
user18,21/06/2024,149
user18,22/06/2024,195
user18,23/06/2024,185
user18,24/06/2024,169
user18,25/06/2024,156
user18,26/06/2024,129
user18,27/06/2024,146
user18,28/06/2024,77
user18,29/06/2024,245
user18,30/06/2024,86
user18,01/07/2024,105
user18,02/07/2024,214
user18,03/07/2024,37
user18,04/07/2024,228
user18,05/07/2024,258
user18,06/07/2024,130
user18,07/07/2024,149
user18,08/07/2024,135
user18,09/07/2024,182
user18,10/07/2024,175
user18,11/07/2024,259
user18,12/07/2024,198
user18,13/07/2024,226
user18,14/07/2024,95
user18,15/07/2024,87
user18,16/07/2024,221
user18,17/07/2024,293
user18,18/07/2024,70
user18,19/07/2024,142
user18,20/07/2024,185
user18,21/07/2024,23
user18,22/07/2024,117
user18,23/07/2024,0
user18,24/07/2024,5
user18,25/07/2024,138
user18,26/07/2024,197
user18,27/07/2024,212
user18,28/07/2024,117
user18,29/07/2024,132
user18,30/07/2024,222
user18,31/07/2024,136
user18,01/08/2024,103
user18,02/08/2024,144
user18,03/08/2024,195
user18,04/08/2024,144
user18,05/08/2024,254
user18,06/08/2024,176
user18,07/08/2024,17
user18,08/08/2024,41
user18,09/08/2024,63
user18,10/08/2024,248
user18,11/08/2024,128
user18,12/08/2024,194
user18,13/08/2024,162
user18,14/08/2024,152
user18,15/08/2024,187
user18,16/08/2024,245
user18,17/08/2024,224
user18,18/08/2024,182
user18,19/08/2024,190
user18,20/08/2024,108
user18,21/08/2024,214
user18,22/08/2024,133
user18,23/08/2024,57
user18,24/08/2024,153
user18,25/08/2024,225
user18,26/08/2024,134
user18,27/08/2024,186
user18,28/08/2024,50
user18,29/08/2024,168
user18,30/08/2024,193
user18,31/08/2024,201
user18,01/09/2024,196
user18,02/09/2024,128
user18,03/09/2024,127
user18,04/09/2024,148
user18,05/09/2024,29
user18,06/09/2024,282
user18,07/09/2024,98
user18,08/09/2024,181
user18,09/09/2024,170
user18,10/09/2024,175
user18,11/09/2024,160
user18,12/09/2024,200
user18,13/09/2024,115
user18,14/09/2024,161
user18,15/09/2024,233
user18,16/09/2024,99
user18,17/09/2024,100
user18,18/09/2024,231
user18,19/09/2024,94
user18,20/09/2024,144
user18,21/09/2024,139
user18,22/09/2024,67
user18,23/09/2024,268
user18,24/09/2024,195
user18,25/09/2024,139
user18,26/09/2024,132
user18,27/09/2024,247
user18,28/09/2024,168
user18,29/09/2024,128
user18,30/09/2024,70
user18,01/10/2024,82
user18,02/10/2024,81
user18,03/10/2024,75
user18,04/10/2024,144
user18,05/10/2024,203
user18,06/10/2024,110
user18,07/10/2024,229
user18,08/10/2024,96
user18,09/10/2024,244
user18,10/10/2024,198
user18,11/10/2024,194
user18,12/10/2024,165
user18,13/10/2024,130
user18,14/10/2024,247
user18,15/10/2024,262
user18,16/10/2024,69
user18,17/10/2024,159
user18,18/10/2024,62
user18,19/10/2024,244
user18,20/10/2024,65
user18,21/10/2024,273
user18,22/10/2024,193
user18,23/10/2024,159
user18,24/10/2024,179
user18,25/10/2024,125
user18,26/10/2024,167
user18,27/10/2024,161
user18,28/10/2024,157
user18,29/10/2024,58
user18,30/10/2024,149
user18,31/10/2024,138
user18,01/11/2024,207
user18,02/11/2024,111
user18,03/11/2024,99
user18,04/11/2024,65
user18,05/11/2024,154
user18,06/11/2024,232
user18,07/11/2024,154
user18,08/11/2024,204
user18,09/11/2024,229
user18,10/11/2024,238
user18,11/11/2024,257
user18,12/11/2024,170
user18,13/11/2024,173
user18,14/11/2024,176
user18,15/11/2024,172
user18,16/11/2024,145
user18,17/11/2024,207
user18,18/11/2024,238
user18,19/11/2024,277
user18,20/11/2024,272
user18,21/11/2024,322
user18,22/11/2024,78
user18,23/11/2024,169
user18,24/11/2024,206
user18,25/11/2024,215
user18,26/11/2024,0
user18,27/11/2024,143
user18,28/11/2024,139
user18,29/11/2024,144
user18,30/11/2024,298
user18,01/12/2024,252
user18,02/12/2024,108
user18,03/12/2024,105
user18,04/12/2024,90
user18,05/12/2024,101
user18,06/12/2024,261
user18,07/12/2024,123
user18,08/12/2024,0
user18,09/12/2024,88
user18,10/12/2024,146
user18,11/12/2024,243
user18,12/12/2024,127
user18,13/12/2024,151
user18,14/12/2024,0
user18,15/12/2024,294
user18,16/12/2024,48
user18,17/12/2024,0
user18,18/12/2024,171
user18,19/12/2024,0
user18,20/12/2024,279
user18,21/12/2024,207
user18,22/12/2024,179
user18,23/12/2024,281
user18,24/12/2024,228
user18,25/12/2024,241
user18,26/12/2024,194
user18,27/12/2024,116
user18,28/12/2024,180
user18,29/12/2024,200
user18,30/12/2024,216
user19,01/01/2024,54
user19,02/01/2024,127
user19,03/01/2024,110
user19,04/01/2024,305
user19,05/01/2024,164
user19,06/01/2024,33
user19,07/01/2024,107
user19,08/01/2024,192
user19,09/01/2024,213
user19,10/01/2024,86
user19,11/01/2024,174
user19,12/01/2024,103
user19,13/01/2024,67
user19,14/01/2024,50
user19,15/01/2024,142
user19,16/01/2024,69
user19,17/01/2024,59
user19,18/01/2024,0
user19,19/01/2024,138
user19,20/01/2024,200
user19,21/01/2024,202
user19,22/01/2024,56
user19,23/01/2024,58
user19,24/01/2024,178
user19,25/01/2024,89
user19,26/01/2024,0
user19,27/01/2024,0
user19,28/01/2024,120
user19,29/01/2024,65
user19,30/01/2024,110
user19,31/01/2024,182
user19,01/02/2024,169
user19,02/02/2024,121
user19,03/02/2024,124
user19,04/02/2024,222
user19,05/02/2024,132
user19,06/02/2024,299
user19,07/02/2024,85
user19,08/02/2024,25
user19,09/02/2024,138
user19,10/02/2024,243
user19,11/02/2024,0
user19,12/02/2024,19
user19,13/02/2024,251
user19,14/02/2024,183
user19,15/02/2024,39
user19,16/02/2024,165
user19,17/02/2024,57
user19,18/02/2024,108
user19,19/02/2024,58
user19,20/02/2024,46
user19,21/02/2024,165
user19,22/02/2024,115
user19,23/02/2024,147
user19,24/02/2024,213
user19,25/02/2024,237
user19,26/02/2024,0
user19,27/02/2024,233
user19,28/02/2024,125
user19,29/02/2024,209
user19,01/03/2024,100
user19,02/03/2024,180
user19,03/03/2024,140
user19,04/03/2024,206
user19,05/03/2024,242
user19,06/03/2024,213
user19,07/03/2024,127
user19,08/03/2024,63
user19,09/03/2024,151
user19,10/03/2024,102
user19,11/03/2024,111
user19,12/03/2024,194
user19,13/03/2024,205
user19,14/03/2024,24
user19,15/03/2024,167
user19,16/03/2024,121
user19,17/03/2024,183
user19,18/03/2024,155
user19,19/03/2024,97
user19,20/03/2024,89
user19,21/03/2024,126
user19,22/03/2024,250
user19,23/03/2024,75
user19,24/03/2024,134
user19,25/03/2024,337
user19,26/03/2024,154
user19,27/03/2024,297
user19,28/03/2024,194
user19,29/03/2024,287
user19,30/03/2024,159
user19,31/03/2024,54
user19,01/04/2024,204
user19,02/04/2024,15
user19,03/04/2024,210
user19,04/04/2024,254
user19,05/04/2024,168
user19,06/04/2024,230
user19,07/04/2024,104
user19,08/04/2024,109
user19,09/04/2024,15
user19,10/04/2024,111
user19,11/04/2024,43
user19,12/04/2024,4
user19,13/04/2024,145
user19,14/04/2024,0
user19,15/04/2024,54
user19,16/04/2024,228
user19,17/04/2024,303
user19,18/04/2024,107
user19,19/04/2024,0
user19,20/04/2024,148
user19,21/04/2024,182
user19,22/04/2024,281
user19,23/04/2024,23
user19,24/04/2024,214
user19,25/04/2024,113
user19,26/04/2024,135
user19,27/04/2024,100
user19,28/04/2024,173
user19,29/04/2024,332
user19,30/04/2024,190
user19,01/05/2024,122
user19,02/05/2024,205
user19,03/05/2024,106
user19,04/05/2024,216
user19,05/05/2024,62
user19,06/05/2024,221
user19,07/05/2024,225
user19,08/05/2024,22
user19,09/05/2024,126
user19,10/05/2024,183
user19,11/05/2024,155
user19,12/05/2024,173
user19,13/05/2024,82
user19,14/05/2024,134
user19,15/05/2024,219
user19,16/05/2024,0
user19,17/05/2024,187
user19,18/05/2024,150
user19,19/05/2024,172
user19,20/05/2024,46
user19,21/05/2024,80
user19,22/05/2024,49
user19,23/05/2024,134
user19,24/05/2024,172
user19,25/05/2024,90
user19,26/05/2024,288
user19,27/05/2024,161
user19,28/05/2024,136
user19,29/05/2024,163
user19,30/05/2024,131
user19,31/05/2024,32
user19,01/06/2024,103
user19,02/06/2024,62
user19,03/06/2024,259
user19,04/06/2024,24
user19,05/06/2024,116
user19,06/06/2024,150
user19,07/06/2024,77
user19,08/06/2024,59
user19,09/06/2024,65
user19,10/06/2024,220
user19,11/06/2024,81
user19,12/06/2024,181
user19,13/06/2024,145
user19,14/06/2024,98
user19,15/06/2024,161
user19,16/06/2024,105
user19,17/06/2024,158
user19,18/06/2024,170
user19,19/06/2024,233
user19,20/06/2024,166
user19,21/06/2024,245
user19,22/06/2024,147
user19,23/06/2024,190
user19,24/06/2024,153
user19,25/06/2024,3
user19,26/06/2024,90
user19,27/06/2024,171
user19,28/06/2024,80
user19,29/06/2024,127
user19,30/06/2024,98
user19,01/07/2024,117
user19,02/07/2024,112
user19,03/07/2024,94
user19,04/07/2024,315
user19,05/07/2024,100
user19,06/07/2024,63
user19,07/07/2024,0
user19,08/07/2024,220
user19,09/07/2024,115
user19,10/07/2024,54
user19,11/07/2024,158
user19,12/07/2024,272
user19,13/07/2024,179
user19,14/07/2024,106
user19,15/07/2024,126
user19,16/07/2024,168
user19,17/07/2024,106
user19,18/07/2024,136
user19,19/07/2024,202
user19,20/07/2024,141
user19,21/07/2024,87
user19,22/07/2024,94
user19,23/07/2024,201
user19,24/07/2024,127
user19,25/07/2024,206
user19,26/07/2024,177
user19,27/07/2024,138
user19,28/07/2024,168
user19,29/07/2024,143
user19,30/07/2024,212
user19,31/07/2024,96
user19,01/08/2024,0
user19,02/08/2024,0
user19,03/08/2024,333
user19,04/08/2024,86
user19,05/08/2024,228
user19,06/08/2024,134
user19,07/08/2024,201
user19,08/08/2024,150
user19,09/08/2024,155
user19,10/08/2024,110
user19,11/08/2024,81
user19,12/08/2024,0
user19,13/08/2024,146
user19,14/08/2024,184
user19,15/08/2024,202
user19,16/08/2024,162
user19,17/08/2024,0
user19,18/08/2024,67
user19,19/08/2024,158
user19,20/08/2024,99
user19,21/08/2024,66
user19,22/08/2024,175
user19,23/08/2024,219
user19,24/08/2024,227
user19,25/08/2024,174
user19,26/08/2024,98
user19,27/08/2024,175
user19,28/08/2024,94
user19,29/08/2024,284
user19,30/08/2024,88
user19,31/08/2024,91
user19,01/09/2024,0
user19,02/09/2024,172
user19,03/09/2024,162
user19,04/09/2024,224
user19,05/09/2024,222
user19,06/09/2024,36
user19,07/09/2024,218
user19,08/09/2024,0
user19,09/09/2024,215
user19,10/09/2024,170
user19,11/09/2024,254
user19,12/09/2024,81
user19,13/09/2024,53
user19,14/09/2024,145
user19,15/09/2024,208
user19,16/09/2024,0
user19,17/09/2024,141
user19,18/09/2024,108
user19,19/09/2024,180
user19,20/09/2024,205
user19,21/09/2024,34
user19,22/09/2024,243
user19,23/09/2024,33
user19,24/09/2024,73
user19,25/09/2024,189
user19,26/09/2024,37
user19,27/09/2024,42
user19,28/09/2024,210
user19,29/09/2024,208
user19,30/09/2024,173
user19,01/10/2024,210
user19,02/10/2024,129
user19,03/10/2024,145
user19,04/10/2024,57
user19,05/10/2024,138
user19,06/10/2024,103
user19,07/10/2024,108
user19,08/10/2024,93
user19,09/10/2024,271
user19,10/10/2024,268
user19,11/10/2024,70
user19,12/10/2024,76
user19,13/10/2024,196
user19,14/10/2024,247
user19,15/10/2024,111
user19,16/10/2024,200
user19,17/10/2024,184
user19,18/10/2024,52
user19,19/10/2024,83
user19,20/10/2024,95
user19,21/10/2024,38
user19,22/10/2024,291
user19,23/10/2024,19
user19,24/10/2024,1
user19,25/10/2024,132
user19,26/10/2024,107
user19,27/10/2024,152
user19,28/10/2024,145
user19,29/10/2024,258
user19,30/10/2024,241
user19,31/10/2024,264
user19,01/11/2024,134
user19,02/11/2024,153
user19,03/11/2024,88
user19,04/11/2024,0
user19,05/11/2024,40
user19,06/11/2024,124
user19,07/11/2024,184
user19,08/11/2024,164
user19,09/11/2024,137
user19,10/11/2024,128
user19,11/11/2024,102
user19,12/11/2024,10
user19,13/11/2024,282
user19,14/11/2024,55
user19,15/11/2024,224
user19,16/11/2024,0
user19,17/11/2024,37
user19,18/11/2024,170
user19,19/11/2024,115
user19,20/11/2024,90
user19,21/11/2024,211
user19,22/11/2024,200
user19,23/11/2024,244
user19,24/11/2024,149
user19,25/11/2024,270
user19,26/11/2024,116
user19,27/11/2024,102
user19,28/11/2024,197
user19,29/11/2024,220
user19,30/11/2024,0
user19,01/12/2024,9
user19,02/12/2024,50
user19,03/12/2024,130
user19,04/12/2024,152
user19,05/12/2024,58
user19,06/12/2024,150
user19,07/12/2024,0
user19,08/12/2024,142
user19,09/12/2024,155
user19,10/12/2024,232
user19,11/12/2024,84
user19,12/12/2024,143
user19,13/12/2024,119
user19,14/12/2024,134
user19,15/12/2024,130
user19,16/12/2024,57
user19,17/12/2024,261
user19,18/12/2024,80
user19,19/12/2024,134
user19,20/12/2024,297
user19,21/12/2024,133
user19,22/12/2024,114
user19,23/12/2024,157
user19,24/12/2024,217
user19,25/12/2024,154
user19,26/12/2024,148
user19,27/12/2024,136
user19,28/12/2024,38
user19,29/12/2024,194
user19,30/12/2024,210
user20,01/01/2024,209
user20,02/01/2024,217
user20,03/01/2024,213
user20,04/01/2024,378
user20,05/01/2024,202
user20,06/01/2024,304
user20,07/01/2024,136
user20,08/01/2024,146
user20,09/01/2024,188
user20,10/01/2024,319
user20,11/01/2024,270
user20,12/01/2024,137
user20,13/01/2024,208
user20,14/01/2024,279
user20,15/01/2024,114
user20,16/01/2024,187
user20,17/01/2024,216
user20,18/01/2024,212
user20,19/01/2024,126
user20,20/01/2024,65
user20,21/01/2024,224
user20,22/01/2024,207
user20,23/01/2024,169
user20,24/01/2024,202
user20,25/01/2024,194
user20,26/01/2024,284
user20,27/01/2024,215
user20,28/01/2024,133
user20,29/01/2024,279
user20,30/01/2024,158
user20,31/01/2024,52
user20,01/02/2024,125
user20,02/02/2024,355
user20,03/02/2024,169
user20,04/02/2024,192
user20,05/02/2024,0
user20,06/02/2024,139
user20,07/02/2024,0
user20,08/02/2024,222
user20,09/02/2024,179
user20,10/02/2024,140
user20,11/02/2024,251
user20,12/02/2024,142
user20,13/02/2024,108
user20,14/02/2024,238
user20,15/02/2024,100
user20,16/02/2024,78
user20,17/02/2024,197
user20,18/02/2024,109
user20,19/02/2024,193
user20,20/02/2024,162
user20,21/02/2024,238
user20,22/02/2024,242
user20,23/02/2024,114
user20,24/02/2024,319
user20,25/02/2024,332
user20,26/02/2024,218
user20,27/02/2024,244
user20,28/02/2024,82
user20,29/02/2024,299
user20,01/03/2024,224
user20,02/03/2024,118
user20,03/03/2024,34
user20,04/03/2024,184
user20,05/03/2024,83
user20,06/03/2024,189
user20,07/03/2024,334
user20,08/03/2024,334
user20,09/03/2024,177
user20,10/03/2024,186
user20,11/03/2024,149
user20,12/03/2024,330
user20,13/03/2024,60
user20,14/03/2024,163
user20,15/03/2024,63
user20,16/03/2024,183
user20,17/03/2024,166
user20,18/03/2024,179
user20,19/03/2024,121
user20,20/03/2024,126
user20,21/03/2024,207
user20,22/03/2024,210
user20,23/03/2024,241
user20,24/03/2024,136
user20,25/03/2024,218
user20,26/03/2024,368
user20,27/03/2024,195
user20,28/03/2024,224
user20,29/03/2024,312
user20,30/03/2024,184
user20,31/03/2024,152
user20,01/04/2024,155
user20,02/04/2024,86
user20,03/04/2024,203
user20,04/04/2024,124
user20,05/04/2024,0
user20,06/04/2024,221
user20,07/04/2024,142
user20,08/04/2024,216
user20,09/04/2024,339
user20,10/04/2024,250
user20,11/04/2024,176
user20,12/04/2024,238
user20,13/04/2024,214
user20,14/04/2024,233
user20,15/04/2024,140
user20,16/04/2024,234
user20,17/04/2024,255
user20,18/04/2024,140
user20,19/04/2024,182
user20,20/04/2024,104
user20,21/04/2024,89
user20,22/04/2024,240
user20,23/04/2024,129
user20,24/04/2024,210
user20,25/04/2024,193
user20,26/04/2024,192
user20,27/04/2024,164
user20,28/04/2024,94
user20,29/04/2024,293
user20,30/04/2024,152
user20,01/05/2024,337
user20,02/05/2024,363
user20,03/05/2024,106
user20,04/05/2024,184
user20,05/05/2024,238
user20,06/05/2024,284
user20,07/05/2024,210
user20,08/05/2024,242
user20,09/05/2024,234
user20,10/05/2024,306
user20,11/05/2024,162
user20,12/05/2024,193
user20,13/05/2024,90
user20,14/05/2024,221
user20,15/05/2024,160
user20,16/05/2024,129
user20,17/05/2024,314
user20,18/05/2024,395
user20,19/05/2024,0
user20,20/05/2024,177
user20,21/05/2024,59
user20,22/05/2024,148
user20,23/05/2024,243
user20,24/05/2024,37
user20,25/05/2024,108
user20,26/05/2024,240
user20,27/05/2024,75
user20,28/05/2024,297
user20,29/05/2024,235
user20,30/05/2024,267
user20,31/05/2024,349
user20,01/06/2024,238
user20,02/06/2024,74
user20,03/06/2024,228
user20,04/06/2024,48
user20,05/06/2024,174
user20,06/06/2024,153
user20,07/06/2024,185
user20,08/06/2024,244
user20,09/06/2024,239
user20,10/06/2024,113
user20,11/06/2024,67
user20,12/06/2024,76
user20,13/06/2024,163
user20,14/06/2024,226
user20,15/06/2024,167
user20,16/06/2024,258
user20,17/06/2024,285
user20,18/06/2024,43
user20,19/06/2024,205
user20,20/06/2024,79
user20,21/06/2024,233
user20,22/06/2024,149
user20,23/06/2024,46
user20,24/06/2024,225
user20,25/06/2024,217
user20,26/06/2024,64
user20,27/06/2024,263
user20,28/06/2024,190
user20,29/06/2024,50
user20,30/06/2024,155
user20,01/07/2024,226
user20,02/07/2024,200
user20,03/07/2024,342
user20,04/07/2024,279
user20,05/07/2024,199
user20,06/07/2024,283
user20,07/07/2024,290
user20,08/07/2024,318
user20,09/07/2024,135
user20,10/07/2024,217
user20,11/07/2024,269
user20,12/07/2024,227
user20,13/07/2024,279
user20,14/07/2024,2
user20,15/07/2024,217
user20,16/07/2024,141
user20,17/07/2024,134
user20,18/07/2024,205
user20,19/07/2024,177
user20,20/07/2024,243
user20,21/07/2024,170
user20,22/07/2024,102
user20,23/07/2024,195
user20,24/07/2024,215
user20,25/07/2024,198
user20,26/07/2024,140
user20,27/07/2024,262
user20,28/07/2024,245
user20,29/07/2024,272
user20,30/07/2024,271
user20,31/07/2024,342
user20,01/08/2024,167
user20,02/08/2024,116
user20,03/08/2024,199
user20,04/08/2024,264
user20,05/08/2024,222
user20,06/08/2024,99
user20,07/08/2024,236
user20,08/08/2024,215
user20,09/08/2024,65
user20,10/08/2024,154
user20,11/08/2024,249
user20,12/08/2024,85
user20,13/08/2024,68
user20,14/08/2024,217
user20,15/08/2024,223
user20,16/08/2024,164
user20,17/08/2024,152
user20,18/08/2024,75
user20,19/08/2024,137
user20,20/08/2024,225
user20,21/08/2024,258
user20,22/08/2024,151
user20,23/08/2024,180
user20,24/08/2024,216
user20,25/08/2024,78
user20,26/08/2024,126
user20,27/08/2024,325
user20,28/08/2024,196
user20,29/08/2024,265
user20,30/08/2024,47
user20,31/08/2024,242
user20,01/09/2024,262
user20,02/09/2024,162
user20,03/09/2024,318
user20,04/09/2024,269
user20,05/09/2024,116
user20,06/09/2024,248
user20,07/09/2024,144
user20,08/09/2024,156
user20,09/09/2024,261
user20,10/09/2024,268
user20,11/09/2024,121
user20,12/09/2024,120
user20,13/09/2024,233
user20,14/09/2024,149
user20,15/09/2024,222
user20,16/09/2024,237
user20,17/09/2024,238
user20,18/09/2024,46
user20,19/09/2024,144
user20,20/09/2024,194
user20,21/09/2024,307
user20,22/09/2024,149
user20,23/09/2024,227
user20,24/09/2024,278
user20,25/09/2024,285
user20,26/09/2024,314
user20,27/09/2024,151
user20,28/09/2024,67
user20,29/09/2024,288
user20,30/09/2024,255
user20,01/10/2024,147
user20,02/10/2024,243
user20,03/10/2024,104
user20,04/10/2024,118
user20,05/10/2024,263
user20,06/10/2024,240
user20,07/10/2024,118
user20,08/10/2024,219
user20,09/10/2024,225
user20,10/10/2024,115
user20,11/10/2024,256
user20,12/10/2024,153
user20,13/10/2024,143
user20,14/10/2024,326
user20,15/10/2024,223
user20,16/10/2024,291
user20,17/10/2024,167
user20,18/10/2024,265
user20,19/10/2024,245
user20,20/10/2024,335
user20,21/10/2024,280
user20,22/10/2024,197
user20,23/10/2024,277
user20,24/10/2024,251
user20,25/10/2024,165
user20,26/10/2024,185
user20,27/10/2024,130
user20,28/10/2024,139
user20,29/10/2024,221
user20,30/10/2024,192
user20,31/10/2024,152
user20,01/11/2024,128
user20,02/11/2024,243
user20,03/11/2024,173
user20,04/11/2024,418
user20,05/11/2024,0
user20,06/11/2024,223
user20,07/11/2024,150
user20,08/11/2024,160
user20,09/11/2024,98
user20,10/11/2024,231
user20,11/11/2024,102
user20,12/11/2024,186
user20,13/11/2024,152
user20,14/11/2024,200
user20,15/11/2024,91
user20,16/11/2024,357
user20,17/11/2024,313
user20,18/11/2024,94
user20,19/11/2024,247
user20,20/11/2024,266
user20,21/11/2024,155
user20,22/11/2024,237
user20,23/11/2024,147
user20,24/11/2024,246
user20,25/11/2024,137
user20,26/11/2024,279
user20,27/11/2024,338
user20,28/11/2024,295
user20,29/11/2024,329
user20,30/11/2024,209
user20,01/12/2024,216
user20,02/12/2024,43
user20,03/12/2024,225
user20,04/12/2024,263
user20,05/12/2024,161
user20,06/12/2024,169
user20,07/12/2024,163
user20,08/12/2024,183
user20,09/12/2024,274
user20,10/12/2024,342
user20,11/12/2024,103
user20,12/12/2024,204
user20,13/12/2024,334
user20,14/12/2024,196
user20,15/12/2024,150
user20,16/12/2024,63
user20,17/12/2024,127
user20,18/12/2024,231
user20,19/12/2024,325
user20,20/12/2024,178
user20,21/12/2024,95
user20,22/12/2024,293
user20,23/12/2024,251
user20,24/12/2024,235
user20,25/12/2024,149
user20,26/12/2024,226
user20,27/12/2024,82
user20,28/12/2024,202
user20,29/12/2024,300
user20,30/12/2024,100
user21,01/01/2024,202
user21,02/01/2024,270
user21,03/01/2024,181
user21,04/01/2024,156
user21,05/01/2024,75
user21,06/01/2024,234
user21,07/01/2024,202
user21,08/01/2024,234
user21,09/01/2024,148
user21,10/01/2024,136
user21,11/01/2024,113
user21,12/01/2024,162
user21,13/01/2024,293
user21,14/01/2024,268
user21,15/01/2024,181
user21,16/01/2024,154
user21,17/01/2024,295
user21,18/01/2024,72
user21,19/01/2024,206
user21,20/01/2024,120
user21,21/01/2024,191
user21,22/01/2024,200
user21,23/01/2024,195
user21,24/01/2024,176
user21,25/01/2024,130
user21,26/01/2024,155
user21,27/01/2024,187
user21,28/01/2024,120
user21,29/01/2024,350
user21,30/01/2024,157
user21,31/01/2024,181
user21,01/02/2024,229
user21,02/02/2024,75
user21,03/02/2024,95
user21,04/02/2024,103
user21,05/02/2024,0
user21,06/02/2024,214
user21,07/02/2024,72
user21,08/02/2024,238
user21,09/02/2024,0
user21,10/02/2024,159
user21,11/02/2024,202
user21,12/02/2024,190
user21,13/02/2024,195
user21,14/02/2024,306
user21,15/02/2024,255
user21,16/02/2024,117
user21,17/02/2024,99
user21,18/02/2024,238
user21,19/02/2024,157
user21,20/02/2024,95
user21,21/02/2024,66
user21,22/02/2024,191
user21,23/02/2024,71
user21,24/02/2024,65
user21,25/02/2024,196
user21,26/02/2024,102
user21,27/02/2024,153
user21,28/02/2024,219
user21,29/02/2024,218
user21,01/03/2024,213
user21,02/03/2024,255
user21,03/03/2024,134
user21,04/03/2024,98
user21,05/03/2024,186
user21,06/03/2024,96
user21,07/03/2024,182
user21,08/03/2024,191
user21,09/03/2024,106
user21,10/03/2024,306
user21,11/03/2024,209
user21,12/03/2024,125
user21,13/03/2024,191
user21,14/03/2024,168
user21,15/03/2024,163
user21,16/03/2024,50
user21,17/03/2024,189
user21,18/03/2024,250
user21,19/03/2024,306
user21,20/03/2024,160
user21,21/03/2024,259
user21,22/03/2024,305
user21,23/03/2024,110
user21,24/03/2024,189
user21,25/03/2024,172
user21,26/03/2024,172
user21,27/03/2024,0
user21,28/03/2024,102
user21,29/03/2024,147
user21,30/03/2024,120
user21,31/03/2024,123
user21,01/04/2024,215
user21,02/04/2024,162
user21,03/04/2024,97
user21,04/04/2024,274
user21,05/04/2024,319
user21,06/04/2024,37
user21,07/04/2024,41
user21,08/04/2024,125
user21,09/04/2024,234
user21,10/04/2024,81
user21,11/04/2024,127
user21,12/04/2024,166
user21,13/04/2024,317
user21,14/04/2024,96
user21,15/04/2024,85
user21,16/04/2024,39
user21,17/04/2024,313
user21,18/04/2024,261
user21,19/04/2024,121
user21,20/04/2024,308
user21,21/04/2024,130
user21,22/04/2024,146
user21,23/04/2024,291
user21,24/04/2024,0
user21,25/04/2024,89
user21,26/04/2024,160
user21,27/04/2024,52
user21,28/04/2024,244
user21,29/04/2024,165
user21,30/04/2024,238
user21,01/05/2024,182
user21,02/05/2024,158
user21,03/05/2024,263
user21,04/05/2024,63
user21,05/05/2024,44
user21,06/05/2024,266
user21,07/05/2024,39
user21,08/05/2024,0
user21,09/05/2024,168
user21,10/05/2024,146
user21,11/05/2024,116
user21,12/05/2024,271
user21,13/05/2024,94
user21,14/05/2024,188
user21,15/05/2024,170
user21,16/05/2024,243
user21,17/05/2024,178
user21,18/05/2024,78
user21,19/05/2024,50
user21,20/05/2024,100
user21,21/05/2024,88
user21,22/05/2024,227
user21,23/05/2024,242
user21,24/05/2024,242
user21,25/05/2024,7
user21,26/05/2024,138
user21,27/05/2024,165
user21,28/05/2024,24
user21,29/05/2024,254
user21,30/05/2024,147
user21,31/05/2024,162
user21,01/06/2024,117
user21,02/06/2024,71
user21,03/06/2024,194
user21,04/06/2024,230
user21,05/06/2024,321
user21,06/06/2024,0
user21,07/06/2024,214
user21,08/06/2024,343
user21,09/06/2024,106
user21,10/06/2024,170
user21,11/06/2024,104
user21,12/06/2024,75
user21,13/06/2024,360
user21,14/06/2024,69
user21,15/06/2024,191
user21,16/06/2024,190
user21,17/06/2024,100
user21,18/06/2024,254
user21,19/06/2024,179
user21,20/06/2024,62
user21,21/06/2024,30
user21,22/06/2024,126
user21,23/06/2024,245
user21,24/06/2024,121
user21,25/06/2024,104
user21,26/06/2024,177
user21,27/06/2024,114
user21,28/06/2024,30
user21,29/06/2024,34
user21,30/06/2024,156
user21,01/07/2024,84
user21,02/07/2024,248
user21,03/07/2024,194
user21,04/07/2024,188
user21,05/07/2024,214
user21,06/07/2024,229
user21,07/07/2024,117
user21,08/07/2024,258
user21,09/07/2024,1
user21,10/07/2024,144
user21,11/07/2024,138
user21,12/07/2024,186
user21,13/07/2024,96
user21,14/07/2024,223
user21,15/07/2024,49
user21,16/07/2024,264
user21,17/07/2024,55
user21,18/07/2024,199
user21,19/07/2024,170
user21,20/07/2024,142
user21,21/07/2024,91
user21,22/07/2024,134
user21,23/07/2024,149
user21,24/07/2024,197
user21,25/07/2024,134
user21,26/07/2024,344
user21,27/07/2024,133
user21,28/07/2024,64
user21,29/07/2024,135
user21,30/07/2024,159
user21,31/07/2024,0
user21,01/08/2024,319
user21,02/08/2024,147
user21,03/08/2024,17
user21,04/08/2024,177
user21,05/08/2024,167
user21,06/08/2024,169
user21,07/08/2024,181
user21,08/08/2024,211
user21,09/08/2024,51
user21,10/08/2024,29
user21,11/08/2024,84
user21,12/08/2024,166
user21,13/08/2024,247
user21,14/08/2024,166
user21,15/08/2024,175
user21,16/08/2024,278
user21,17/08/2024,181
user21,18/08/2024,33
user21,19/08/2024,174
user21,20/08/2024,192
user21,21/08/2024,373
user21,22/08/2024,227
user21,23/08/2024,285
user21,24/08/2024,123
user21,25/08/2024,70
user21,26/08/2024,112
user21,27/08/2024,128
user21,28/08/2024,38
user21,29/08/2024,152
user21,30/08/2024,0
user21,31/08/2024,138
user21,01/09/2024,261
user21,02/09/2024,183
user21,03/09/2024,219
user21,04/09/2024,84
user21,05/09/2024,224
user21,06/09/2024,211
user21,07/09/2024,166
user21,08/09/2024,91
user21,09/09/2024,206
user21,10/09/2024,242
user21,11/09/2024,249
user21,12/09/2024,36
user21,13/09/2024,144
user21,14/09/2024,130
user21,15/09/2024,181
user21,16/09/2024,170
user21,17/09/2024,157
user21,18/09/2024,186
user21,19/09/2024,64
user21,20/09/2024,104
user21,21/09/2024,208
user21,22/09/2024,190
user21,23/09/2024,231
user21,24/09/2024,144
user21,25/09/2024,186
user21,26/09/2024,206
user21,27/09/2024,114
user21,28/09/2024,151
user21,29/09/2024,35
user21,30/09/2024,201
user21,01/10/2024,182
user21,02/10/2024,167
user21,03/10/2024,219
user21,04/10/2024,105
user21,05/10/2024,133
user21,06/10/2024,143
user21,07/10/2024,118
user21,08/10/2024,190
user21,09/10/2024,253
user21,10/10/2024,211
user21,11/10/2024,323
user21,12/10/2024,207
user21,13/10/2024,88
user21,14/10/2024,208
user21,15/10/2024,78
user21,16/10/2024,179
user21,17/10/2024,138
user21,18/10/2024,257
user21,19/10/2024,103
user21,20/10/2024,142
user21,21/10/2024,259
user21,22/10/2024,114
user21,23/10/2024,108
user21,24/10/2024,124
user21,25/10/2024,142
user21,26/10/2024,311
user21,27/10/2024,89
user21,28/10/2024,66
user21,29/10/2024,233
user21,30/10/2024,167
user21,31/10/2024,162
user21,01/11/2024,310
user21,02/11/2024,190
user21,03/11/2024,238
user21,04/11/2024,317
user21,05/11/2024,177
user21,06/11/2024,149
user21,07/11/2024,183
user21,08/11/2024,274
user21,09/11/2024,129
user21,10/11/2024,27
user21,11/11/2024,111
user21,12/11/2024,243
user21,13/11/2024,232
user21,14/11/2024,237
user21,15/11/2024,158
user21,16/11/2024,17
user21,17/11/2024,251
user21,18/11/2024,109
user21,19/11/2024,0
user21,20/11/2024,342
user21,21/11/2024,153
user21,22/11/2024,214
user21,23/11/2024,164
user21,24/11/2024,81
user21,25/11/2024,194
user21,26/11/2024,255
user21,27/11/2024,191
user21,28/11/2024,374
user21,29/11/2024,251
user21,30/11/2024,323
user21,01/12/2024,166
user21,02/12/2024,257
user21,03/12/2024,105
user21,04/12/2024,126
user21,05/12/2024,260
user21,06/12/2024,213
user21,07/12/2024,187
user21,08/12/2024,113
user21,09/12/2024,123
user21,10/12/2024,0
user21,11/12/2024,170
user21,12/12/2024,103
user21,13/12/2024,120
user21,14/12/2024,279
user21,15/12/2024,184
user21,16/12/2024,0
user21,17/12/2024,156
user21,18/12/2024,235
user21,19/12/2024,279
user21,20/12/2024,7
user21,21/12/2024,156
user21,22/12/2024,137
user21,23/12/2024,159
user21,24/12/2024,201
user21,25/12/2024,252
user21,26/12/2024,45
user21,27/12/2024,136
user21,28/12/2024,239
user21,29/12/2024,262
user21,30/12/2024,120
user22,01/01/2024,115
user22,02/01/2024,22
user22,03/01/2024,88
user22,04/01/2024,106
user22,05/01/2024,129
user22,06/01/2024,20
user22,07/01/2024,264
user22,08/01/2024,0
user22,09/01/2024,29
user22,10/01/2024,111
user22,11/01/2024,279
user22,12/01/2024,145
user22,13/01/2024,81
user22,14/01/2024,0
user22,15/01/2024,2
user22,16/01/2024,151
user22,17/01/2024,56
user22,18/01/2024,29
user22,19/01/2024,100
user22,20/01/2024,179
user22,21/01/2024,234
user22,22/01/2024,120
user22,23/01/2024,98
user22,24/01/2024,44
user22,25/01/2024,120
user22,26/01/2024,104
user22,27/01/2024,204
user22,28/01/2024,268
user22,29/01/2024,216
user22,30/01/2024,80
user22,31/01/2024,135
user22,01/02/2024,122
user22,02/02/2024,173
user22,03/02/2024,54
user22,04/02/2024,177
user22,05/02/2024,163
user22,06/02/2024,82
user22,07/02/2024,67
user22,08/02/2024,168
user22,09/02/2024,96
user22,10/02/2024,196
user22,11/02/2024,88
user22,12/02/2024,144
user22,13/02/2024,64
user22,14/02/2024,285
user22,15/02/2024,69
user22,16/02/2024,0
user22,17/02/2024,130
user22,18/02/2024,222
user22,19/02/2024,248
user22,20/02/2024,83
user22,21/02/2024,9
user22,22/02/2024,255
user22,23/02/2024,0
user22,24/02/2024,70
user22,25/02/2024,137
user22,26/02/2024,115
user22,27/02/2024,47
user22,28/02/2024,73
user22,29/02/2024,112
user22,01/03/2024,134
user22,02/03/2024,94
user22,03/03/2024,55
user22,04/03/2024,7
user22,05/03/2024,66
user22,06/03/2024,80
user22,07/03/2024,105
user22,08/03/2024,82
user22,09/03/2024,96
user22,10/03/2024,192
user22,11/03/2024,0
user22,12/03/2024,148
user22,13/03/2024,102
user22,14/03/2024,70
user22,15/03/2024,169
user22,16/03/2024,144
user22,17/03/2024,245
user22,18/03/2024,246
user22,19/03/2024,150
user22,20/03/2024,100
user22,21/03/2024,211
user22,22/03/2024,249
user22,23/03/2024,242
user22,24/03/2024,70
user22,25/03/2024,163
user22,26/03/2024,138
user22,27/03/2024,33
user22,28/03/2024,105
user22,29/03/2024,0
user22,30/03/2024,350
user22,31/03/2024,176
user22,01/04/2024,119
user22,02/04/2024,52
user22,03/04/2024,173
user22,04/04/2024,0
user22,05/04/2024,143
user22,06/04/2024,246
user22,07/04/2024,78
user22,08/04/2024,150
user22,09/04/2024,174
user22,10/04/2024,52
user22,11/04/2024,189
user22,12/04/2024,16
user22,13/04/2024,231
user22,14/04/2024,172
user22,15/04/2024,70
user22,16/04/2024,184
user22,17/04/2024,123
user22,18/04/2024,72
user22,19/04/2024,227
user22,20/04/2024,189
user22,21/04/2024,324
user22,22/04/2024,140
user22,23/04/2024,125
user22,24/04/2024,79
user22,25/04/2024,131
user22,26/04/2024,78
user22,27/04/2024,0
user22,28/04/2024,0
user22,29/04/2024,268
user22,30/04/2024,132
user22,01/05/2024,125
user22,02/05/2024,111
user22,03/05/2024,46
user22,04/05/2024,195
user22,05/05/2024,188
user22,06/05/2024,72
user22,07/05/2024,183
user22,08/05/2024,105
user22,09/05/2024,274
user22,10/05/2024,169
user22,11/05/2024,34
user22,12/05/2024,322
user22,13/05/2024,143
user22,14/05/2024,74
user22,15/05/2024,148
user22,16/05/2024,61
user22,17/05/2024,298
user22,18/05/2024,107
user22,19/05/2024,159
user22,20/05/2024,123
user22,21/05/2024,166
user22,22/05/2024,83
user22,23/05/2024,97
user22,24/05/2024,220
user22,25/05/2024,44
user22,26/05/2024,135
user22,27/05/2024,103
user22,28/05/2024,119
user22,29/05/2024,49
user22,30/05/2024,102
user22,31/05/2024,168
user22,01/06/2024,198
user22,02/06/2024,2
user22,03/06/2024,36
user22,04/06/2024,192
user22,05/06/2024,157
user22,06/06/2024,62
user22,07/06/2024,0
user22,08/06/2024,0
user22,09/06/2024,136
user22,10/06/2024,81
user22,11/06/2024,205
user22,12/06/2024,21
user22,13/06/2024,61
user22,14/06/2024,35
user22,15/06/2024,235
user22,16/06/2024,120
user22,17/06/2024,144
user22,18/06/2024,99
user22,19/06/2024,12
user22,20/06/2024,190
user22,21/06/2024,114
user22,22/06/2024,29
user22,23/06/2024,127
user22,24/06/2024,116
user22,25/06/2024,146
user22,26/06/2024,0
user22,27/06/2024,39
user22,28/06/2024,144
user22,29/06/2024,35
user22,30/06/2024,53
user22,01/07/2024,21
user22,02/07/2024,112
user22,03/07/2024,52
user22,04/07/2024,0
user22,05/07/2024,99
user22,06/07/2024,236
user22,07/07/2024,93
user22,08/07/2024,58
user22,09/07/2024,83
user22,10/07/2024,176
user22,11/07/2024,34
user22,12/07/2024,168
user22,13/07/2024,175
user22,14/07/2024,76
user22,15/07/2024,120
user22,16/07/2024,179
user22,17/07/2024,230
user22,18/07/2024,83
user22,19/07/2024,42
user22,20/07/2024,18
user22,21/07/2024,141
user22,22/07/2024,205
user22,23/07/2024,49
user22,24/07/2024,78
user22,25/07/2024,0
user22,26/07/2024,118
user22,27/07/2024,100
user22,28/07/2024,155
user22,29/07/2024,305
user22,30/07/2024,45
user22,31/07/2024,245
user22,01/08/2024,143
user22,02/08/2024,202
user22,03/08/2024,192
user22,04/08/2024,62
user22,05/08/2024,230
user22,06/08/2024,0
user22,07/08/2024,77
user22,08/08/2024,62
user22,09/08/2024,150
user22,10/08/2024,70
user22,11/08/2024,161
user22,12/08/2024,112
user22,13/08/2024,139
user22,14/08/2024,199
user22,15/08/2024,144
user22,16/08/2024,0
user22,17/08/2024,148
user22,18/08/2024,82
user22,19/08/2024,111
user22,20/08/2024,115
user22,21/08/2024,71
user22,22/08/2024,125
user22,23/08/2024,55
user22,24/08/2024,171
user22,25/08/2024,6
user22,26/08/2024,79
user22,27/08/2024,0
user22,28/08/2024,112
user22,29/08/2024,62
user22,30/08/2024,89
user22,31/08/2024,0
user22,01/09/2024,177
user22,02/09/2024,66
user22,03/09/2024,169
user22,04/09/2024,39
user22,05/09/2024,0
user22,06/09/2024,95
user22,07/09/2024,28
user22,08/09/2024,106
user22,09/09/2024,117
user22,10/09/2024,229
user22,11/09/2024,0
user22,12/09/2024,183
user22,13/09/2024,0
user22,14/09/2024,99
user22,15/09/2024,113
user22,16/09/2024,13
user22,17/09/2024,169
user22,18/09/2024,99
user22,19/09/2024,115
user22,20/09/2024,149
user22,21/09/2024,135
user22,22/09/2024,79
user22,23/09/2024,51
user22,24/09/2024,95
user22,25/09/2024,246
user22,26/09/2024,14
user22,27/09/2024,82
user22,28/09/2024,0
user22,29/09/2024,161
user22,30/09/2024,114
user22,01/10/2024,215
user22,02/10/2024,105
user22,03/10/2024,0
user22,04/10/2024,0
user22,05/10/2024,148
user22,06/10/2024,7
user22,07/10/2024,85
user22,08/10/2024,0
user22,09/10/2024,43
user22,10/10/2024,191
user22,11/10/2024,137
user22,12/10/2024,123
user22,13/10/2024,145
user22,14/10/2024,0
user22,15/10/2024,167
user22,16/10/2024,34
user22,17/10/2024,51
user22,18/10/2024,120
user22,19/10/2024,142
user22,20/10/2024,155
user22,21/10/2024,208
user22,22/10/2024,101
user22,23/10/2024,111
user22,24/10/2024,75
user22,25/10/2024,16
user22,26/10/2024,187
user22,27/10/2024,49
user22,28/10/2024,0
user22,29/10/2024,56
user22,30/10/2024,76
user22,31/10/2024,84
user22,01/11/2024,312
user22,02/11/2024,97
user22,03/11/2024,194
user22,04/11/2024,63
user22,05/11/2024,37
user22,06/11/2024,251
user22,07/11/2024,291
user22,08/11/2024,135
user22,09/11/2024,38
user22,10/11/2024,26
user22,11/11/2024,262
user22,12/11/2024,266
user22,13/11/2024,0
user22,14/11/2024,92
user22,15/11/2024,11
user22,16/11/2024,41
user22,17/11/2024,178
user22,18/11/2024,49
user22,19/11/2024,110
user22,20/11/2024,152
user22,21/11/2024,131
user22,22/11/2024,95
user22,23/11/2024,142
user22,24/11/2024,0
user22,25/11/2024,235
user22,26/11/2024,88
user22,27/11/2024,154
user22,28/11/2024,56
user22,29/11/2024,86
user22,30/11/2024,149
user22,01/12/2024,85
user22,02/12/2024,39
user22,03/12/2024,0
user22,04/12/2024,58
user22,05/12/2024,117
user22,06/12/2024,2
user22,07/12/2024,161
user22,08/12/2024,226
user22,09/12/2024,0
user22,10/12/2024,153
user22,11/12/2024,212
user22,12/12/2024,93
user22,13/12/2024,94
user22,14/12/2024,63
user22,15/12/2024,96
user22,16/12/2024,130
user22,17/12/2024,27
user22,18/12/2024,0
user22,19/12/2024,0
user22,20/12/2024,67
user22,21/12/2024,144
user22,22/12/2024,41
user22,23/12/2024,154
user22,24/12/2024,114
user22,25/12/2024,134
user22,26/12/2024,207
user22,27/12/2024,160
user22,28/12/2024,77
user22,29/12/2024,58
user22,30/12/2024,59
user23,01/01/2024,57
user23,02/01/2024,124
user23,03/01/2024,81
user23,04/01/2024,68
user23,05/01/2024,269
user23,06/01/2024,113
user23,07/01/2024,132
user23,08/01/2024,135
user23,09/01/2024,118
user23,10/01/2024,118
user23,11/01/2024,88
user23,12/01/2024,308
user23,13/01/2024,219
user23,14/01/2024,220
user23,15/01/2024,170
user23,16/01/2024,71
user23,17/01/2024,93
user23,18/01/2024,49
user23,19/01/2024,155
user23,20/01/2024,145
user23,21/01/2024,335
user23,22/01/2024,175
user23,23/01/2024,124
user23,24/01/2024,111
user23,25/01/2024,168
user23,26/01/2024,132
user23,27/01/2024,2
user23,28/01/2024,201
user23,29/01/2024,81
user23,30/01/2024,160
user23,31/01/2024,108
user23,01/02/2024,15
user23,02/02/2024,0
user23,03/02/2024,245
user23,04/02/2024,73
user23,05/02/2024,128
user23,06/02/2024,262
user23,07/02/2024,45
user23,08/02/2024,0
user23,09/02/2024,20
user23,10/02/2024,29
user23,11/02/2024,212
user23,12/02/2024,96
user23,13/02/2024,187
user23,14/02/2024,80
user23,15/02/2024,127
user23,16/02/2024,115
user23,17/02/2024,70
user23,18/02/2024,148
user23,19/02/2024,89
user23,20/02/2024,97
user23,21/02/2024,204
user23,22/02/2024,35
user23,23/02/2024,182
user23,24/02/2024,40
user23,25/02/2024,189
user23,26/02/2024,0
user23,27/02/2024,209
user23,28/02/2024,138
user23,29/02/2024,167
user23,01/03/2024,180
user23,02/03/2024,239
user23,03/03/2024,0
user23,04/03/2024,163
user23,05/03/2024,169
user23,06/03/2024,153
user23,07/03/2024,169
user23,08/03/2024,58
user23,09/03/2024,198
user23,10/03/2024,227
user23,11/03/2024,128
user23,12/03/2024,0
user23,13/03/2024,198
user23,14/03/2024,87
user23,15/03/2024,166
user23,16/03/2024,169
user23,17/03/2024,36
user23,18/03/2024,205
user23,19/03/2024,154
user23,20/03/2024,81
user23,21/03/2024,227
user23,22/03/2024,191
user23,23/03/2024,171
user23,24/03/2024,60
user23,25/03/2024,250
user23,26/03/2024,88
user23,27/03/2024,97
user23,28/03/2024,198
user23,29/03/2024,215
user23,30/03/2024,236
user23,31/03/2024,151
user23,01/04/2024,133
user23,02/04/2024,332
user23,03/04/2024,296
user23,04/04/2024,209
user23,05/04/2024,123
user23,06/04/2024,139
user23,07/04/2024,136
user23,08/04/2024,209
user23,09/04/2024,223
user23,10/04/2024,77
user23,11/04/2024,75
user23,12/04/2024,104
user23,13/04/2024,163
user23,14/04/2024,119
user23,15/04/2024,189
user23,16/04/2024,185
user23,17/04/2024,104
user23,18/04/2024,73
user23,19/04/2024,153
user23,20/04/2024,164
user23,21/04/2024,0
user23,22/04/2024,94
user23,23/04/2024,194
user23,24/04/2024,222
user23,25/04/2024,185
user23,26/04/2024,318
user23,27/04/2024,198
user23,28/04/2024,174
user23,29/04/2024,0
user23,30/04/2024,28
user23,01/05/2024,249
user23,02/05/2024,163
user23,03/05/2024,122
user23,04/05/2024,193
user23,05/05/2024,52
user23,06/05/2024,180
user23,07/05/2024,305
user23,08/05/2024,158
user23,09/05/2024,233
user23,10/05/2024,185
user23,11/05/2024,122
user23,12/05/2024,212
user23,13/05/2024,79
user23,14/05/2024,257
user23,15/05/2024,181
user23,16/05/2024,213
user23,17/05/2024,326
user23,18/05/2024,100
user23,19/05/2024,152
user23,20/05/2024,137
user23,21/05/2024,0
user23,22/05/2024,115
user23,23/05/2024,228
user23,24/05/2024,124
user23,25/05/2024,105
user23,26/05/2024,182
user23,27/05/2024,264
user23,28/05/2024,102
user23,29/05/2024,247
user23,30/05/2024,203
user23,31/05/2024,251
user23,01/06/2024,57
user23,02/06/2024,153
user23,03/06/2024,115
user23,04/06/2024,126
user23,05/06/2024,205
user23,06/06/2024,227
user23,07/06/2024,179
user23,08/06/2024,97
user23,09/06/2024,175
user23,10/06/2024,194
user23,11/06/2024,109
user23,12/06/2024,151
user23,13/06/2024,221
user23,14/06/2024,209
user23,15/06/2024,42
user23,16/06/2024,190
user23,17/06/2024,169
user23,18/06/2024,227
user23,19/06/2024,66
user23,20/06/2024,224
user23,21/06/2024,134
user23,22/06/2024,195
user23,23/06/2024,259
user23,24/06/2024,151
user23,25/06/2024,181
user23,26/06/2024,232
user23,27/06/2024,105
user23,28/06/2024,50
user23,29/06/2024,85
user23,30/06/2024,228
user23,01/07/2024,24
user23,02/07/2024,292
user23,03/07/2024,273
user23,04/07/2024,57
user23,05/07/2024,209
user23,06/07/2024,255
user23,07/07/2024,29
user23,08/07/2024,124
user23,09/07/2024,343
user23,10/07/2024,258
user23,11/07/2024,245
user23,12/07/2024,206
user23,13/07/2024,39
user23,14/07/2024,51
user23,15/07/2024,104
user23,16/07/2024,167
user23,17/07/2024,90
user23,18/07/2024,4
user23,19/07/2024,248
user23,20/07/2024,272
user23,21/07/2024,130
user23,22/07/2024,0
user23,23/07/2024,210
user23,24/07/2024,233
user23,25/07/2024,19
user23,26/07/2024,195
user23,27/07/2024,167
user23,28/07/2024,68
user23,29/07/2024,104
user23,30/07/2024,258
user23,31/07/2024,179
user23,01/08/2024,111
user23,02/08/2024,164
user23,03/08/2024,129
user23,04/08/2024,189
user23,05/08/2024,260
user23,06/08/2024,158
user23,07/08/2024,251
user23,08/08/2024,272
user23,09/08/2024,120
user23,10/08/2024,205
user23,11/08/2024,153
user23,12/08/2024,72
user23,13/08/2024,159
user23,14/08/2024,100
user23,15/08/2024,206
user23,16/08/2024,171
user23,17/08/2024,262
user23,18/08/2024,6
user23,19/08/2024,144
user23,20/08/2024,189
user23,21/08/2024,182
user23,22/08/2024,45
user23,23/08/2024,160
user23,24/08/2024,229
user23,25/08/2024,190
user23,26/08/2024,165
user23,27/08/2024,168
user23,28/08/2024,274
user23,29/08/2024,195
user23,30/08/2024,221
user23,31/08/2024,0
user23,01/09/2024,140
user23,02/09/2024,0
user23,03/09/2024,252
user23,04/09/2024,234
user23,05/09/2024,261
user23,06/09/2024,116
user23,07/09/2024,174
user23,08/09/2024,173
user23,09/09/2024,215
user23,10/09/2024,161
user23,11/09/2024,316
user23,12/09/2024,178
user23,13/09/2024,135
user23,14/09/2024,24
user23,15/09/2024,233
user23,16/09/2024,18
user23,17/09/2024,280
user23,18/09/2024,0
user23,19/09/2024,210
user23,20/09/2024,331
user23,21/09/2024,13
user23,22/09/2024,254
user23,23/09/2024,164
user23,24/09/2024,155
user23,25/09/2024,27
user23,26/09/2024,280
user23,27/09/2024,185
user23,28/09/2024,79
user23,29/09/2024,59
user23,30/09/2024,205
user23,01/10/2024,154
user23,02/10/2024,167
user23,03/10/2024,6
user23,04/10/2024,61
user23,05/10/2024,57
user23,06/10/2024,289
user23,07/10/2024,208
user23,08/10/2024,183
user23,09/10/2024,148
user23,10/10/2024,172
user23,11/10/2024,164
user23,12/10/2024,114
user23,13/10/2024,264
user23,14/10/2024,232
user23,15/10/2024,93
user23,16/10/2024,189
user23,17/10/2024,127
user23,18/10/2024,120
user23,19/10/2024,204
user23,20/10/2024,217
user23,21/10/2024,219
user23,22/10/2024,223
user23,23/10/2024,182
user23,24/10/2024,9
user23,25/10/2024,41
user23,26/10/2024,182
user23,27/10/2024,76
user23,28/10/2024,52
user23,29/10/2024,73
user23,30/10/2024,161
user23,31/10/2024,77
user23,01/11/2024,281
user23,02/11/2024,171
user23,03/11/2024,268
user23,04/11/2024,229
user23,05/11/2024,205
user23,06/11/2024,106
user23,07/11/2024,147
user23,08/11/2024,106
user23,09/11/2024,95
user23,10/11/2024,27
user23,11/11/2024,345
user23,12/11/2024,335
user23,13/11/2024,153
user23,14/11/2024,229
user23,15/11/2024,211
user23,16/11/2024,229
user23,17/11/2024,84
user23,18/11/2024,126
user23,19/11/2024,105
user23,20/11/2024,130
user23,21/11/2024,121
user23,22/11/2024,171
user23,23/11/2024,277
user23,24/11/2024,17
user23,25/11/2024,120
user23,26/11/2024,128
user23,27/11/2024,147
user23,28/11/2024,284
user23,29/11/2024,72
user23,30/11/2024,201
user23,01/12/2024,209
user23,02/12/2024,272
user23,03/12/2024,25
user23,04/12/2024,115
user23,05/12/2024,93
user23,06/12/2024,83
user23,07/12/2024,27
user23,08/12/2024,69
user23,09/12/2024,231
user23,10/12/2024,339
user23,11/12/2024,151
user23,12/12/2024,144
user23,13/12/2024,174
user23,14/12/2024,123
user23,15/12/2024,204
user23,16/12/2024,86
user23,17/12/2024,232
user23,18/12/2024,114
user23,19/12/2024,148
user23,20/12/2024,269
user23,21/12/2024,186
user23,22/12/2024,261
user23,23/12/2024,245
user23,24/12/2024,172
user23,25/12/2024,215
user23,26/12/2024,164
user23,27/12/2024,278
user23,28/12/2024,133
user23,29/12/2024,161
user23,30/12/2024,123
user24,01/01/2024,167
user24,02/01/2024,173
user24,03/01/2024,82
user24,04/01/2024,179
user24,05/01/2024,79
user24,06/01/2024,140
user24,07/01/2024,76
user24,08/01/2024,381
user24,09/01/2024,211
user24,10/01/2024,86
user24,11/01/2024,193
user24,12/01/2024,51
user24,13/01/2024,90
user24,14/01/2024,25
user24,15/01/2024,247
user24,16/01/2024,72
user24,17/01/2024,218
user24,18/01/2024,82
user24,19/01/2024,69
user24,20/01/2024,168
user24,21/01/2024,127
user24,22/01/2024,187
user24,23/01/2024,208
user24,24/01/2024,186
user24,25/01/2024,124
user24,26/01/2024,321
user24,27/01/2024,227
user24,28/01/2024,276
user24,29/01/2024,182
user24,30/01/2024,133
user24,31/01/2024,160
user24,01/02/2024,31
user24,02/02/2024,248
user24,03/02/2024,145
user24,04/02/2024,257
user24,05/02/2024,185
user24,06/02/2024,202
user24,07/02/2024,160
user24,08/02/2024,47
user24,09/02/2024,155
user24,10/02/2024,212
user24,11/02/2024,76
user24,12/02/2024,200
user24,13/02/2024,189
user24,14/02/2024,159
user24,15/02/2024,50
user24,16/02/2024,127
user24,17/02/2024,131
user24,18/02/2024,88
user24,19/02/2024,0
user24,20/02/2024,183
user24,21/02/2024,111
user24,22/02/2024,108
user24,23/02/2024,266
user24,24/02/2024,114
user24,25/02/2024,225
user24,26/02/2024,42
user24,27/02/2024,178
user24,28/02/2024,114
user24,29/02/2024,83
user24,01/03/2024,209
user24,02/03/2024,116
user24,03/03/2024,115
user24,04/03/2024,153
user24,05/03/2024,152
user24,06/03/2024,170
user24,07/03/2024,55
user24,08/03/2024,145
user24,09/03/2024,272
user24,10/03/2024,79
user24,11/03/2024,250
user24,12/03/2024,90
user24,13/03/2024,234
user24,14/03/2024,258
user24,15/03/2024,205
user24,16/03/2024,164
user24,17/03/2024,208
user24,18/03/2024,40
user24,19/03/2024,66
user24,20/03/2024,0
user24,21/03/2024,181
user24,22/03/2024,152
user24,23/03/2024,242
user24,24/03/2024,165
user24,25/03/2024,178
user24,26/03/2024,34
user24,27/03/2024,227
user24,28/03/2024,118
user24,29/03/2024,202
user24,30/03/2024,22
user24,31/03/2024,42
user24,01/04/2024,29
user24,02/04/2024,127
user24,03/04/2024,0
user24,04/04/2024,238
user24,05/04/2024,239
user24,06/04/2024,68
user24,07/04/2024,33
user24,08/04/2024,70
user24,09/04/2024,72
user24,10/04/2024,134
user24,11/04/2024,22
user24,12/04/2024,148
user24,13/04/2024,134
user24,14/04/2024,195
user24,15/04/2024,188
user24,16/04/2024,63
user24,17/04/2024,192
user24,18/04/2024,42
user24,19/04/2024,198
user24,20/04/2024,49
user24,21/04/2024,0
user24,22/04/2024,34
user24,23/04/2024,89
user24,24/04/2024,102
user24,25/04/2024,137
user24,26/04/2024,46
user24,27/04/2024,90
user24,28/04/2024,108
user24,29/04/2024,110
user24,30/04/2024,34
user24,01/05/2024,61
user24,02/05/2024,51
user24,03/05/2024,120
user24,04/05/2024,0
user24,05/05/2024,100
user24,06/05/2024,27
user24,07/05/2024,63
user24,08/05/2024,153
user24,09/05/2024,60
user24,10/05/2024,75
user24,11/05/2024,113
user24,12/05/2024,215
user24,13/05/2024,220
user24,14/05/2024,30
user24,15/05/2024,122
user24,16/05/2024,272
user24,17/05/2024,0
user24,18/05/2024,220
user24,19/05/2024,63
user24,20/05/2024,170
user24,21/05/2024,156
user24,22/05/2024,232
user24,23/05/2024,71
user24,24/05/2024,0
user24,25/05/2024,1
user24,26/05/2024,82
user24,27/05/2024,236
user24,28/05/2024,57
user24,29/05/2024,226
user24,30/05/2024,74
user24,31/05/2024,40
user24,01/06/2024,94
user24,02/06/2024,133
user24,03/06/2024,267
user24,04/06/2024,84
user24,05/06/2024,152
user24,06/06/2024,87
user24,07/06/2024,260
user24,08/06/2024,153
user24,09/06/2024,212
user24,10/06/2024,0
user24,11/06/2024,52
user24,12/06/2024,83
user24,13/06/2024,192
user24,14/06/2024,55
user24,15/06/2024,149
user24,16/06/2024,81
user24,17/06/2024,98
user24,18/06/2024,236
user24,19/06/2024,43
user24,20/06/2024,213
user24,21/06/2024,135
user24,22/06/2024,108
user24,23/06/2024,46
user24,24/06/2024,166
user24,25/06/2024,173
user24,26/06/2024,64
user24,27/06/2024,185
user24,28/06/2024,117
user24,29/06/2024,145
user24,30/06/2024,184
user24,01/07/2024,123
user24,02/07/2024,184
user24,03/07/2024,56
user24,04/07/2024,128
user24,05/07/2024,156
user24,06/07/2024,228
user24,07/07/2024,140
user24,08/07/2024,67
user24,09/07/2024,133
user24,10/07/2024,79
user24,11/07/2024,181
user24,12/07/2024,135
user24,13/07/2024,97
user24,14/07/2024,57
user24,15/07/2024,259
user24,16/07/2024,96
user24,17/07/2024,97
user24,18/07/2024,144
user24,19/07/2024,74
user24,20/07/2024,119
user24,21/07/2024,106
user24,22/07/2024,286
user24,23/07/2024,65
user24,24/07/2024,245
user24,25/07/2024,130
user24,26/07/2024,221
user24,27/07/2024,179
user24,28/07/2024,270
user24,29/07/2024,115
user24,30/07/2024,167
user24,31/07/2024,32
user24,01/08/2024,40
user24,02/08/2024,321
user24,03/08/2024,0
user24,04/08/2024,214
user24,05/08/2024,65
user24,06/08/2024,115
user24,07/08/2024,244
user24,08/08/2024,196
user24,09/08/2024,169
user24,10/08/2024,113
user24,11/08/2024,54
user24,12/08/2024,232
user24,13/08/2024,272
user24,14/08/2024,105
user24,15/08/2024,262
user24,16/08/2024,166
user24,17/08/2024,0
user24,18/08/2024,223
user24,19/08/2024,287
user24,20/08/2024,99
user24,21/08/2024,108
user24,22/08/2024,55
user24,23/08/2024,114
user24,24/08/2024,207
user24,25/08/2024,136
user24,26/08/2024,84
user24,27/08/2024,210
user24,28/08/2024,0
user24,29/08/2024,145
user24,30/08/2024,136
user24,31/08/2024,65
user24,01/09/2024,70
user24,02/09/2024,341
user24,03/09/2024,182
user24,04/09/2024,136
user24,05/09/2024,114
user24,06/09/2024,68
user24,07/09/2024,26
user24,08/09/2024,117
user24,09/09/2024,247
user24,10/09/2024,40
user24,11/09/2024,0
user24,12/09/2024,205
user24,13/09/2024,144
user24,14/09/2024,93
user24,15/09/2024,257
user24,16/09/2024,65
user24,17/09/2024,108
user24,18/09/2024,216
user24,19/09/2024,122
user24,20/09/2024,222
user24,21/09/2024,84
user24,22/09/2024,125
user24,23/09/2024,236
user24,24/09/2024,104
user24,25/09/2024,58
user24,26/09/2024,163
user24,27/09/2024,175
user24,28/09/2024,36
user24,29/09/2024,223
user24,30/09/2024,181
user24,01/10/2024,152
user24,02/10/2024,48
user24,03/10/2024,98
user24,04/10/2024,254
user24,05/10/2024,59
user24,06/10/2024,93
user24,07/10/2024,108
user24,08/10/2024,69
user24,09/10/2024,91
user24,10/10/2024,141
user24,11/10/2024,153
user24,12/10/2024,277
user24,13/10/2024,117
user24,14/10/2024,91
user24,15/10/2024,12
user24,16/10/2024,172
user24,17/10/2024,111
user24,18/10/2024,103
user24,19/10/2024,143
user24,20/10/2024,263
user24,21/10/2024,143
user24,22/10/2024,220
user24,23/10/2024,95
user24,24/10/2024,105
user24,25/10/2024,209
user24,26/10/2024,84
user24,27/10/2024,31
user24,28/10/2024,85
user24,29/10/2024,146
user24,30/10/2024,169
user24,31/10/2024,51
user24,01/11/2024,0
user24,02/11/2024,317
user24,03/11/2024,0
user24,04/11/2024,32
user24,05/11/2024,217
user24,06/11/2024,105
user24,07/11/2024,144
user24,08/11/2024,175
user24,09/11/2024,186
user24,10/11/2024,192
user24,11/11/2024,52
user24,12/11/2024,184
user24,13/11/2024,176
user24,14/11/2024,213
user24,15/11/2024,160
user24,16/11/2024,90
user24,17/11/2024,171
user24,18/11/2024,175
user24,19/11/2024,0
user24,20/11/2024,0
user24,21/11/2024,84
user24,22/11/2024,50
user24,23/11/2024,0
user24,24/11/2024,93
user24,25/11/2024,86
user24,26/11/2024,20
user24,27/11/2024,99
user24,28/11/2024,55
user24,29/11/2024,53
user24,30/11/2024,38
user24,01/12/2024,249
user24,02/12/2024,62
user24,03/12/2024,31
user24,04/12/2024,178
user24,05/12/2024,122
user24,06/12/2024,146
user24,07/12/2024,196
user24,08/12/2024,57
user24,09/12/2024,127
user24,10/12/2024,85
user24,11/12/2024,225
user24,12/12/2024,205
user24,13/12/2024,160
user24,14/12/2024,121
user24,15/12/2024,150
user24,16/12/2024,148
user24,17/12/2024,231
user24,18/12/2024,197
user24,19/12/2024,159
user24,20/12/2024,148
user24,21/12/2024,109
user24,22/12/2024,78
user24,23/12/2024,128
user24,24/12/2024,208
user24,25/12/2024,133
user24,26/12/2024,172
user24,27/12/2024,239
user24,28/12/2024,178
user24,29/12/2024,88
user24,30/12/2024,49
user25,01/01/2024,283
user25,02/01/2024,165
user25,03/01/2024,331
user25,04/01/2024,287
user25,05/01/2024,226
user25,06/01/2024,265
user25,07/01/2024,200
user25,08/01/2024,361
user25,09/01/2024,210
user25,10/01/2024,222
user25,11/01/2024,177
user25,12/01/2024,287
user25,13/01/2024,231
user25,14/01/2024,213
user25,15/01/2024,259
user25,16/01/2024,295
user25,17/01/2024,286
user25,18/01/2024,197
user25,19/01/2024,166
user25,20/01/2024,242
user25,21/01/2024,288
user25,22/01/2024,290
user25,23/01/2024,271
user25,24/01/2024,98
user25,25/01/2024,250
user25,26/01/2024,297
user25,27/01/2024,333
user25,28/01/2024,244
user25,29/01/2024,338
user25,30/01/2024,233
user25,31/01/2024,283
user25,01/02/2024,389
user25,02/02/2024,249
user25,03/02/2024,240
user25,04/02/2024,323
user25,05/02/2024,210
user25,06/02/2024,235
user25,07/02/2024,274
user25,08/02/2024,289
user25,09/02/2024,305
user25,10/02/2024,246
user25,11/02/2024,276
user25,12/02/2024,171
user25,13/02/2024,225
user25,14/02/2024,201
user25,15/02/2024,221
user25,16/02/2024,189
user25,17/02/2024,175
user25,18/02/2024,139
user25,19/02/2024,258
user25,20/02/2024,332
user25,21/02/2024,307
user25,22/02/2024,288
user25,23/02/2024,268
user25,24/02/2024,343
user25,25/02/2024,356
user25,26/02/2024,275
user25,27/02/2024,285
user25,28/02/2024,275
user25,29/02/2024,113
user25,01/03/2024,196
user25,02/03/2024,266
user25,03/03/2024,347
user25,04/03/2024,283
user25,05/03/2024,234
user25,06/03/2024,333
user25,07/03/2024,228
user25,08/03/2024,251
user25,09/03/2024,310
user25,10/03/2024,203
user25,11/03/2024,125
user25,12/03/2024,198
user25,13/03/2024,314
user25,14/03/2024,247
user25,15/03/2024,452
user25,16/03/2024,147
user25,17/03/2024,321
user25,18/03/2024,252
user25,19/03/2024,283
user25,20/03/2024,223
user25,21/03/2024,296
user25,22/03/2024,330
user25,23/03/2024,298
user25,24/03/2024,235
user25,25/03/2024,302
user25,26/03/2024,223
user25,27/03/2024,194
user25,28/03/2024,202
user25,29/03/2024,304
user25,30/03/2024,232
user25,31/03/2024,248
user25,01/04/2024,295
user25,02/04/2024,202
user25,03/04/2024,350
user25,04/04/2024,148
user25,05/04/2024,253
user25,06/04/2024,257
user25,07/04/2024,283
user25,08/04/2024,81
user25,09/04/2024,269
user25,10/04/2024,202
user25,11/04/2024,286
user25,12/04/2024,77
user25,13/04/2024,468
user25,14/04/2024,274
user25,15/04/2024,331
user25,16/04/2024,179
user25,17/04/2024,264
user25,18/04/2024,215
user25,19/04/2024,250
user25,20/04/2024,348
user25,21/04/2024,340
user25,22/04/2024,128
user25,23/04/2024,393
user25,24/04/2024,354
user25,25/04/2024,245
user25,26/04/2024,323
user25,27/04/2024,194
user25,28/04/2024,146
user25,29/04/2024,281
user25,30/04/2024,352
user25,01/05/2024,202
user25,02/05/2024,298
user25,03/05/2024,309
user25,04/05/2024,310
user25,05/05/2024,195
user25,06/05/2024,300
user25,07/05/2024,199
user25,08/05/2024,195
user25,09/05/2024,51
user25,10/05/2024,289
user25,11/05/2024,223
user25,12/05/2024,179
user25,13/05/2024,380
user25,14/05/2024,200
user25,15/05/2024,189
user25,16/05/2024,295
user25,17/05/2024,229
user25,18/05/2024,413
user25,19/05/2024,224
user25,20/05/2024,277
user25,21/05/2024,215
user25,22/05/2024,69
user25,23/05/2024,230
user25,24/05/2024,219
user25,25/05/2024,304
user25,26/05/2024,308
user25,27/05/2024,228
user25,28/05/2024,226
user25,29/05/2024,397
user25,30/05/2024,332
user25,31/05/2024,114
user25,01/06/2024,215
user25,02/06/2024,153
user25,03/06/2024,274
user25,04/06/2024,284
user25,05/06/2024,348
user25,06/06/2024,198
user25,07/06/2024,282
user25,08/06/2024,437
user25,09/06/2024,201
user25,10/06/2024,275
user25,11/06/2024,237
user25,12/06/2024,321
user25,13/06/2024,317
user25,14/06/2024,253
user25,15/06/2024,149
user25,16/06/2024,202
user25,17/06/2024,78
user25,18/06/2024,218
user25,19/06/2024,293
user25,20/06/2024,164
user25,21/06/2024,258
user25,22/06/2024,72
user25,23/06/2024,183
user25,24/06/2024,274
user25,25/06/2024,305
user25,26/06/2024,273
user25,27/06/2024,301
user25,28/06/2024,158
user25,29/06/2024,240
user25,30/06/2024,196
user25,01/07/2024,56
user25,02/07/2024,133
user25,03/07/2024,233
user25,04/07/2024,221
user25,05/07/2024,377
user25,06/07/2024,268
user25,07/07/2024,136
user25,08/07/2024,169
user25,09/07/2024,173
user25,10/07/2024,326
user25,11/07/2024,239
user25,12/07/2024,253
user25,13/07/2024,366
user25,14/07/2024,211
user25,15/07/2024,133
user25,16/07/2024,282
user25,17/07/2024,316
user25,18/07/2024,294
user25,19/07/2024,423
user25,20/07/2024,294
user25,21/07/2024,339
user25,22/07/2024,313
user25,23/07/2024,316
user25,24/07/2024,521
user25,25/07/2024,153
user25,26/07/2024,122
user25,27/07/2024,113
user25,28/07/2024,152
user25,29/07/2024,283
user25,30/07/2024,143
user25,31/07/2024,274
user25,01/08/2024,258
user25,02/08/2024,90
user25,03/08/2024,241
user25,04/08/2024,189
user25,05/08/2024,327
user25,06/08/2024,166
user25,07/08/2024,43
user25,08/08/2024,294
user25,09/08/2024,210
user25,10/08/2024,191
user25,11/08/2024,221
user25,12/08/2024,230
user25,13/08/2024,120
user25,14/08/2024,318
user25,15/08/2024,205
user25,16/08/2024,305
user25,17/08/2024,299
user25,18/08/2024,225
user25,19/08/2024,286
user25,20/08/2024,265
user25,21/08/2024,195
user25,22/08/2024,154
user25,23/08/2024,204
user25,24/08/2024,307
user25,25/08/2024,194
user25,26/08/2024,292
user25,27/08/2024,162
user25,28/08/2024,280
user25,29/08/2024,210
user25,30/08/2024,190
user25,31/08/2024,334
user25,01/09/2024,418
user25,02/09/2024,151
user25,03/09/2024,199
user25,04/09/2024,333
user25,05/09/2024,405
user25,06/09/2024,255
user25,07/09/2024,216
user25,08/09/2024,150
user25,09/09/2024,288
user25,10/09/2024,256
user25,11/09/2024,197
user25,12/09/2024,228
user25,13/09/2024,260
user25,14/09/2024,249
user25,15/09/2024,364
user25,16/09/2024,365
user25,17/09/2024,164
user25,18/09/2024,184
user25,19/09/2024,295
user25,20/09/2024,187
user25,21/09/2024,341
user25,22/09/2024,277
user25,23/09/2024,77
user25,24/09/2024,257
user25,25/09/2024,277
user25,26/09/2024,332
user25,27/09/2024,269
user25,28/09/2024,253
user25,29/09/2024,334
user25,30/09/2024,304
user25,01/10/2024,167
user25,02/10/2024,356
user25,03/10/2024,243
user25,04/10/2024,184
user25,05/10/2024,190
user25,06/10/2024,307
user25,07/10/2024,146
user25,08/10/2024,368
user25,09/10/2024,164
user25,10/10/2024,279
user25,11/10/2024,300
user25,12/10/2024,125
user25,13/10/2024,234
user25,14/10/2024,305
user25,15/10/2024,373
user25,16/10/2024,187
user25,17/10/2024,120
user25,18/10/2024,282
user25,19/10/2024,356
user25,20/10/2024,165
user25,21/10/2024,293
user25,22/10/2024,287
user25,23/10/2024,208
user25,24/10/2024,371
user25,25/10/2024,227
user25,26/10/2024,167
user25,27/10/2024,318
user25,28/10/2024,354
user25,29/10/2024,342
user25,30/10/2024,248
user25,31/10/2024,404
user25,01/11/2024,132
user25,02/11/2024,128
user25,03/11/2024,274
user25,04/11/2024,180
user25,05/11/2024,319
user25,06/11/2024,258
user25,07/11/2024,222
user25,08/11/2024,150
user25,09/11/2024,164
user25,10/11/2024,219
user25,11/11/2024,399
user25,12/11/2024,306
user25,13/11/2024,400
user25,14/11/2024,137
user25,15/11/2024,455
user25,16/11/2024,324
user25,17/11/2024,358
user25,18/11/2024,337
user25,19/11/2024,263
user25,20/11/2024,155
user25,21/11/2024,250
user25,22/11/2024,269
user25,23/11/2024,197
user25,24/11/2024,297
user25,25/11/2024,280
user25,26/11/2024,247
user25,27/11/2024,358
user25,28/11/2024,327
user25,29/11/2024,329
user25,30/11/2024,156
user25,01/12/2024,323
user25,02/12/2024,340
user25,03/12/2024,239
user25,04/12/2024,242
user25,05/12/2024,343
user25,06/12/2024,292
user25,07/12/2024,78
user25,08/12/2024,202
user25,09/12/2024,163
user25,10/12/2024,243
user25,11/12/2024,397
user25,12/12/2024,206
user25,13/12/2024,196
user25,14/12/2024,307
user25,15/12/2024,302
user25,16/12/2024,180
user25,17/12/2024,353
user25,18/12/2024,235
user25,19/12/2024,246
user25,20/12/2024,295
user25,21/12/2024,224
user25,22/12/2024,271
user25,23/12/2024,106
user25,24/12/2024,379
user25,25/12/2024,429
user25,26/12/2024,169
user25,27/12/2024,184
user25,28/12/2024,294
user25,29/12/2024,239
user25,30/12/2024,257
user26,01/01/2024,205
user26,02/01/2024,179
user26,03/01/2024,220
user26,04/01/2024,341
user26,05/01/2024,144
user26,06/01/2024,183
user26,07/01/2024,59
user26,08/01/2024,33
user26,09/01/2024,223
user26,10/01/2024,199
user26,11/01/2024,242
user26,12/01/2024,327
user26,13/01/2024,143
user26,14/01/2024,237
user26,15/01/2024,108
user26,16/01/2024,218
user26,17/01/2024,113
user26,18/01/2024,251
user26,19/01/2024,266
user26,20/01/2024,351
user26,21/01/2024,168
user26,22/01/2024,142
user26,23/01/2024,251
user26,24/01/2024,169
user26,25/01/2024,212
user26,26/01/2024,145
user26,27/01/2024,159
user26,28/01/2024,207
user26,29/01/2024,268
user26,30/01/2024,228
user26,31/01/2024,156
user26,01/02/2024,359
user26,02/02/2024,178
user26,03/02/2024,181
user26,04/02/2024,437
user26,05/02/2024,213
user26,06/02/2024,214
user26,07/02/2024,349
user26,08/02/2024,188
user26,09/02/2024,282
user26,10/02/2024,261
user26,11/02/2024,196
user26,12/02/2024,159
user26,13/02/2024,243
user26,14/02/2024,319
user26,15/02/2024,119
user26,16/02/2024,198
user26,17/02/2024,298
user26,18/02/2024,346
user26,19/02/2024,145
user26,20/02/2024,222
user26,21/02/2024,72
user26,22/02/2024,245
user26,23/02/2024,207
user26,24/02/2024,269
user26,25/02/2024,217
user26,26/02/2024,141
user26,27/02/2024,121
user26,28/02/2024,290
user26,29/02/2024,149
user26,01/03/2024,129
user26,02/03/2024,275
user26,03/03/2024,204
user26,04/03/2024,235
user26,05/03/2024,115
user26,06/03/2024,258
user26,07/03/2024,62
user26,08/03/2024,89
user26,09/03/2024,279
user26,10/03/2024,177
user26,11/03/2024,155
user26,12/03/2024,224
user26,13/03/2024,141
user26,14/03/2024,220
user26,15/03/2024,107
user26,16/03/2024,23
user26,17/03/2024,197
user26,18/03/2024,169
user26,19/03/2024,225
user26,20/03/2024,260
user26,21/03/2024,298
user26,22/03/2024,94
user26,23/03/2024,143
user26,24/03/2024,228
user26,25/03/2024,174
user26,26/03/2024,116
user26,27/03/2024,202
user26,28/03/2024,161
user26,29/03/2024,193
user26,30/03/2024,122
user26,31/03/2024,258
user26,01/04/2024,258
user26,02/04/2024,217
user26,03/04/2024,153
user26,04/04/2024,346
user26,05/04/2024,116
user26,06/04/2024,338
user26,07/04/2024,218
user26,08/04/2024,363
user26,09/04/2024,319
user26,10/04/2024,302
user26,11/04/2024,195
user26,12/04/2024,192
user26,13/04/2024,0
user26,14/04/2024,221
user26,15/04/2024,185
user26,16/04/2024,152
user26,17/04/2024,216
user26,18/04/2024,210
user26,19/04/2024,230
user26,20/04/2024,280
user26,21/04/2024,301
user26,22/04/2024,150
user26,23/04/2024,303
user26,24/04/2024,60
user26,25/04/2024,221
user26,26/04/2024,265
user26,27/04/2024,156
user26,28/04/2024,286
user26,29/04/2024,127
user26,30/04/2024,188
user26,01/05/2024,142
user26,02/05/2024,308
user26,03/05/2024,179
user26,04/05/2024,291
user26,05/05/2024,205
user26,06/05/2024,475
user26,07/05/2024,242
user26,08/05/2024,231
user26,09/05/2024,211
user26,10/05/2024,233
user26,11/05/2024,155
user26,12/05/2024,187
user26,13/05/2024,295
user26,14/05/2024,210
user26,15/05/2024,241
user26,16/05/2024,151
user26,17/05/2024,213
user26,18/05/2024,141
user26,19/05/2024,242
user26,20/05/2024,180
user26,21/05/2024,365
user26,22/05/2024,169
user26,23/05/2024,121
user26,24/05/2024,40
user26,25/05/2024,112
user26,26/05/2024,219
user26,27/05/2024,287
user26,28/05/2024,266
user26,29/05/2024,154
user26,30/05/2024,197
user26,31/05/2024,261
user26,01/06/2024,124
user26,02/06/2024,114
user26,03/06/2024,239
user26,04/06/2024,70
user26,05/06/2024,329
user26,06/06/2024,241
user26,07/06/2024,279
user26,08/06/2024,264
user26,09/06/2024,114
user26,10/06/2024,230
user26,11/06/2024,221
user26,12/06/2024,326
user26,13/06/2024,221
user26,14/06/2024,173
user26,15/06/2024,279
user26,16/06/2024,127
user26,17/06/2024,223
user26,18/06/2024,343
user26,19/06/2024,0
user26,20/06/2024,194
user26,21/06/2024,180
user26,22/06/2024,254
user26,23/06/2024,115
user26,24/06/2024,192
user26,25/06/2024,145
user26,26/06/2024,197
user26,27/06/2024,136
user26,28/06/2024,221
user26,29/06/2024,188
user26,30/06/2024,266
user26,01/07/2024,208
user26,02/07/2024,233
user26,03/07/2024,193
user26,04/07/2024,21
user26,05/07/2024,321
user26,06/07/2024,204
user26,07/07/2024,283
user26,08/07/2024,141
user26,09/07/2024,274
user26,10/07/2024,154
user26,11/07/2024,178
user26,12/07/2024,170
user26,13/07/2024,169
user26,14/07/2024,226
user26,15/07/2024,286
user26,16/07/2024,171
user26,17/07/2024,273
user26,18/07/2024,195
user26,19/07/2024,222
user26,20/07/2024,295
user26,21/07/2024,166
user26,22/07/2024,195
user26,23/07/2024,0
user26,24/07/2024,296
user26,25/07/2024,237
user26,26/07/2024,13
user26,27/07/2024,241
user26,28/07/2024,166
user26,29/07/2024,172
user26,30/07/2024,257
user26,31/07/2024,336
user26,01/08/2024,258
user26,02/08/2024,189
user26,03/08/2024,120
user26,04/08/2024,224
user26,05/08/2024,246
user26,06/08/2024,207
user26,07/08/2024,293
user26,08/08/2024,203
user26,09/08/2024,276
user26,10/08/2024,402
user26,11/08/2024,301
user26,12/08/2024,144
user26,13/08/2024,0
user26,14/08/2024,129
user26,15/08/2024,287
user26,16/08/2024,355
user26,17/08/2024,281
user26,18/08/2024,173
user26,19/08/2024,120
user26,20/08/2024,276
user26,21/08/2024,173
user26,22/08/2024,232
user26,23/08/2024,35
user26,24/08/2024,359
user26,25/08/2024,81
user26,26/08/2024,150
user26,27/08/2024,157
user26,28/08/2024,343
user26,29/08/2024,269
user26,30/08/2024,221
user26,31/08/2024,252
user26,01/09/2024,171
user26,02/09/2024,322
user26,03/09/2024,241
user26,04/09/2024,151
user26,05/09/2024,152
user26,06/09/2024,361
user26,07/09/2024,284
user26,08/09/2024,311
user26,09/09/2024,213
user26,10/09/2024,348
user26,11/09/2024,219
user26,12/09/2024,165
user26,13/09/2024,318
user26,14/09/2024,254
user26,15/09/2024,170
user26,16/09/2024,253
user26,17/09/2024,303
user26,18/09/2024,265
user26,19/09/2024,181
user26,20/09/2024,242
user26,21/09/2024,156
user26,22/09/2024,63
user26,23/09/2024,148
user26,24/09/2024,279
user26,25/09/2024,409
user26,26/09/2024,207
user26,27/09/2024,204
user26,28/09/2024,225
user26,29/09/2024,188
user26,30/09/2024,143
user26,01/10/2024,127
user26,02/10/2024,156
user26,03/10/2024,190
user26,04/10/2024,271
user26,05/10/2024,230
user26,06/10/2024,135
user26,07/10/2024,146
user26,08/10/2024,123
user26,09/10/2024,209
user26,10/10/2024,382
user26,11/10/2024,266
user26,12/10/2024,270
user26,13/10/2024,193
user26,14/10/2024,321
user26,15/10/2024,320
user26,16/10/2024,238
user26,17/10/2024,174
user26,18/10/2024,176
user26,19/10/2024,270
user26,20/10/2024,80
user26,21/10/2024,202
user26,22/10/2024,89
user26,23/10/2024,370
user26,24/10/2024,253
user26,25/10/2024,226
user26,26/10/2024,241
user26,27/10/2024,194
user26,28/10/2024,49
user26,29/10/2024,250
user26,30/10/2024,139
user26,31/10/2024,267
user26,01/11/2024,165
user26,02/11/2024,217
user26,03/11/2024,237
user26,04/11/2024,350
user26,05/11/2024,210
user26,06/11/2024,232
user26,07/11/2024,270
user26,08/11/2024,135
user26,09/11/2024,117
user26,10/11/2024,209
user26,11/11/2024,239
user26,12/11/2024,105
user26,13/11/2024,160
user26,14/11/2024,238
user26,15/11/2024,218
user26,16/11/2024,221
user26,17/11/2024,212
user26,18/11/2024,79
user26,19/11/2024,330
user26,20/11/2024,239
user26,21/11/2024,267
user26,22/11/2024,176
user26,23/11/2024,292
user26,24/11/2024,156
user26,25/11/2024,306
user26,26/11/2024,130
user26,27/11/2024,243
user26,28/11/2024,278
user26,29/11/2024,68
user26,30/11/2024,263
user26,01/12/2024,108
user26,02/12/2024,299
user26,03/12/2024,209
user26,04/12/2024,319
user26,05/12/2024,273
user26,06/12/2024,200
user26,07/12/2024,289
user26,08/12/2024,178
user26,09/12/2024,357
user26,10/12/2024,276
user26,11/12/2024,230
user26,12/12/2024,234
user26,13/12/2024,143
user26,14/12/2024,67
user26,15/12/2024,268
user26,16/12/2024,298
user26,17/12/2024,105
user26,18/12/2024,258
user26,19/12/2024,258
user26,20/12/2024,295
user26,21/12/2024,258
user26,22/12/2024,217
user26,23/12/2024,259
user26,24/12/2024,137
user26,25/12/2024,204
user26,26/12/2024,278
user26,27/12/2024,390
user26,28/12/2024,291
user26,29/12/2024,139
user26,30/12/2024,231
user27,01/01/2024,92
user27,02/01/2024,263
user27,03/01/2024,363
user27,04/01/2024,245
user27,05/01/2024,122
user27,06/01/2024,254
user27,07/01/2024,193
user27,08/01/2024,203
user27,09/01/2024,202
user27,10/01/2024,155
user27,11/01/2024,183
user27,12/01/2024,250
user27,13/01/2024,273
user27,14/01/2024,183
user27,15/01/2024,262
user27,16/01/2024,338
user27,17/01/2024,177
user27,18/01/2024,208
user27,19/01/2024,187
user27,20/01/2024,215
user27,21/01/2024,187
user27,22/01/2024,69
user27,23/01/2024,276
user27,24/01/2024,352
user27,25/01/2024,251
user27,26/01/2024,81
user27,27/01/2024,230
user27,28/01/2024,104
user27,29/01/2024,63
user27,30/01/2024,147
user27,31/01/2024,309
user27,01/02/2024,144
user27,02/02/2024,257
user27,03/02/2024,210
user27,04/02/2024,67
user27,05/02/2024,237
user27,06/02/2024,212
user27,07/02/2024,207
user27,08/02/2024,285
user27,09/02/2024,207
user27,10/02/2024,218
user27,11/02/2024,330
user27,12/02/2024,210
user27,13/02/2024,285
user27,14/02/2024,74
user27,15/02/2024,298
user27,16/02/2024,358
user27,17/02/2024,222
user27,18/02/2024,209
user27,19/02/2024,151
user27,20/02/2024,254
user27,21/02/2024,0
user27,22/02/2024,294
user27,23/02/2024,81
user27,24/02/2024,347
user27,25/02/2024,92
user27,26/02/2024,268
user27,27/02/2024,69
user27,28/02/2024,212
user27,29/02/2024,173
user27,01/03/2024,415
user27,02/03/2024,153
user27,03/03/2024,359
user27,04/03/2024,154
user27,05/03/2024,94
user27,06/03/2024,197
user27,07/03/2024,128
user27,08/03/2024,324
user27,09/03/2024,331
user27,10/03/2024,153
user27,11/03/2024,115
user27,12/03/2024,151
user27,13/03/2024,170
user27,14/03/2024,144
user27,15/03/2024,242
user27,16/03/2024,177
user27,17/03/2024,181
user27,18/03/2024,203
user27,19/03/2024,235
user27,20/03/2024,284
user27,21/03/2024,196
user27,22/03/2024,216
user27,23/03/2024,18
user27,24/03/2024,249
user27,25/03/2024,95
user27,26/03/2024,206
user27,27/03/2024,268
user27,28/03/2024,132
user27,29/03/2024,165
user27,30/03/2024,72
user27,31/03/2024,16
user27,01/04/2024,84
user27,02/04/2024,72
user27,03/04/2024,339
user27,04/04/2024,82
user27,05/04/2024,222
user27,06/04/2024,249
user27,07/04/2024,253
user27,08/04/2024,141
user27,09/04/2024,148
user27,10/04/2024,181
user27,11/04/2024,129
user27,12/04/2024,256
user27,13/04/2024,185
user27,14/04/2024,213
user27,15/04/2024,215
user27,16/04/2024,133
user27,17/04/2024,237
user27,18/04/2024,251
user27,19/04/2024,265
user27,20/04/2024,48
user27,21/04/2024,227
user27,22/04/2024,256
user27,23/04/2024,288
user27,24/04/2024,327
user27,25/04/2024,137
user27,26/04/2024,133
user27,27/04/2024,211
user27,28/04/2024,170
user27,29/04/2024,233
user27,30/04/2024,161
user27,01/05/2024,299
user27,02/05/2024,171
user27,03/05/2024,160
user27,04/05/2024,199
user27,05/05/2024,119
user27,06/05/2024,364
user27,07/05/2024,135
user27,08/05/2024,233
user27,09/05/2024,194
user27,10/05/2024,24
user27,11/05/2024,190
user27,12/05/2024,227
user27,13/05/2024,258
user27,14/05/2024,304
user27,15/05/2024,208
user27,16/05/2024,115
user27,17/05/2024,193
user27,18/05/2024,322
user27,19/05/2024,306
user27,20/05/2024,157
user27,21/05/2024,95
user27,22/05/2024,290
user27,23/05/2024,245
user27,24/05/2024,268
user27,25/05/2024,279
user27,26/05/2024,157
user27,27/05/2024,323
user27,28/05/2024,174
user27,29/05/2024,321
user27,30/05/2024,142
user27,31/05/2024,307
user27,01/06/2024,40
user27,02/06/2024,163
user27,03/06/2024,135
user27,04/06/2024,80
user27,05/06/2024,193
user27,06/06/2024,283
user27,07/06/2024,147
user27,08/06/2024,149
user27,09/06/2024,0
user27,10/06/2024,202
user27,11/06/2024,213
user27,12/06/2024,160
user27,13/06/2024,101
user27,14/06/2024,310
user27,15/06/2024,263
user27,16/06/2024,58
user27,17/06/2024,267
user27,18/06/2024,400
user27,19/06/2024,224
user27,20/06/2024,182
user27,21/06/2024,202
user27,22/06/2024,342
user27,23/06/2024,271
user27,24/06/2024,266
user27,25/06/2024,95
user27,26/06/2024,183
user27,27/06/2024,101
user27,28/06/2024,168
user27,29/06/2024,308
user27,30/06/2024,149
user27,01/07/2024,221
user27,02/07/2024,295
user27,03/07/2024,201
user27,04/07/2024,299
user27,05/07/2024,140
user27,06/07/2024,217
user27,07/07/2024,366
user27,08/07/2024,160
user27,09/07/2024,258
user27,10/07/2024,67
user27,11/07/2024,260
user27,12/07/2024,191
user27,13/07/2024,390
user27,14/07/2024,83
user27,15/07/2024,244
user27,16/07/2024,159
user27,17/07/2024,86
user27,18/07/2024,217
user27,19/07/2024,248
user27,20/07/2024,138
user27,21/07/2024,233
user27,22/07/2024,150
user27,23/07/2024,275
user27,24/07/2024,131
user27,25/07/2024,157
user27,26/07/2024,272
user27,27/07/2024,181
user27,28/07/2024,239
user27,29/07/2024,280
user27,30/07/2024,85
user27,31/07/2024,187
user27,01/08/2024,185
user27,02/08/2024,152
user27,03/08/2024,163
user27,04/08/2024,98
user27,05/08/2024,230
user27,06/08/2024,206
user27,07/08/2024,329
user27,08/08/2024,303
user27,09/08/2024,279
user27,10/08/2024,297
user27,11/08/2024,194
user27,12/08/2024,272
user27,13/08/2024,110
user27,14/08/2024,139
user27,15/08/2024,212
user27,16/08/2024,161
user27,17/08/2024,188
user27,18/08/2024,401
user27,19/08/2024,253
user27,20/08/2024,195
user27,21/08/2024,137
user27,22/08/2024,133
user27,23/08/2024,191
user27,24/08/2024,100
user27,25/08/2024,165
user27,26/08/2024,163
user27,27/08/2024,263
user27,28/08/2024,263
user27,29/08/2024,157
user27,30/08/2024,201
user27,31/08/2024,188
user27,01/09/2024,317
user27,02/09/2024,239
user27,03/09/2024,169
user27,04/09/2024,351
user27,05/09/2024,297
user27,06/09/2024,47
user27,07/09/2024,203
user27,08/09/2024,305
user27,09/09/2024,416
user27,10/09/2024,164
user27,11/09/2024,145
user27,12/09/2024,223
user27,13/09/2024,148
user27,14/09/2024,281
user27,15/09/2024,117
user27,16/09/2024,309
user27,17/09/2024,218
user27,18/09/2024,126
user27,19/09/2024,183
user27,20/09/2024,257
user27,21/09/2024,222
user27,22/09/2024,291
user27,23/09/2024,294
user27,24/09/2024,162
user27,25/09/2024,312
user27,26/09/2024,104
user27,27/09/2024,216
user27,28/09/2024,215
user27,29/09/2024,264
user27,30/09/2024,97
user27,01/10/2024,235
user27,02/10/2024,22
user27,03/10/2024,219
user27,04/10/2024,152
user27,05/10/2024,301
user27,06/10/2024,174
user27,07/10/2024,77
user27,08/10/2024,288
user27,09/10/2024,125
user27,10/10/2024,75
user27,11/10/2024,122
user27,12/10/2024,157
user27,13/10/2024,133
user27,14/10/2024,308
user27,15/10/2024,284
user27,16/10/2024,136
user27,17/10/2024,180
user27,18/10/2024,225
user27,19/10/2024,249
user27,20/10/2024,147
user27,21/10/2024,184
user27,22/10/2024,224
user27,23/10/2024,176
user27,24/10/2024,327
user27,25/10/2024,217
user27,26/10/2024,130
user27,27/10/2024,266
user27,28/10/2024,103
user27,29/10/2024,355
user27,30/10/2024,169
user27,31/10/2024,265
user27,01/11/2024,132
user27,02/11/2024,306
user27,03/11/2024,346
user27,04/11/2024,259
user27,05/11/2024,87
user27,06/11/2024,223
user27,07/11/2024,146
user27,08/11/2024,218
user27,09/11/2024,291
user27,10/11/2024,260
user27,11/11/2024,118
user27,12/11/2024,226
user27,13/11/2024,140
user27,14/11/2024,240
user27,15/11/2024,203
user27,16/11/2024,202
user27,17/11/2024,235
user27,18/11/2024,216
user27,19/11/2024,267
user27,20/11/2024,205
user27,21/11/2024,222
user27,22/11/2024,87
user27,23/11/2024,159
user27,24/11/2024,291
user27,25/11/2024,243
user27,26/11/2024,167
user27,27/11/2024,297
user27,28/11/2024,161
user27,29/11/2024,165
user27,30/11/2024,217
user27,01/12/2024,216
user27,02/12/2024,198
user27,03/12/2024,201
user27,04/12/2024,193
user27,05/12/2024,205
user27,06/12/2024,335
user27,07/12/2024,223
user27,08/12/2024,70
user27,09/12/2024,190
user27,10/12/2024,239
user27,11/12/2024,123
user27,12/12/2024,94
user27,13/12/2024,272
user27,14/12/2024,301
user27,15/12/2024,254
user27,16/12/2024,86
user27,17/12/2024,95
user27,18/12/2024,228
user27,19/12/2024,99
user27,20/12/2024,199
user27,21/12/2024,227
user27,22/12/2024,353
user27,23/12/2024,229
user27,24/12/2024,223
user27,25/12/2024,192
user27,26/12/2024,149
user27,27/12/2024,270
user27,28/12/2024,254
user27,29/12/2024,233
user27,30/12/2024,269
user28,01/01/2024,223
user28,02/01/2024,324
user28,03/01/2024,268
user28,04/01/2024,178
user28,05/01/2024,217
user28,06/01/2024,326
user28,07/01/2024,313
user28,08/01/2024,213
user28,09/01/2024,69
user28,10/01/2024,282
user28,11/01/2024,306
user28,12/01/2024,315
user28,13/01/2024,271
user28,14/01/2024,305
user28,15/01/2024,326
user28,16/01/2024,301
user28,17/01/2024,207
user28,18/01/2024,376
user28,19/01/2024,308
user28,20/01/2024,323
user28,21/01/2024,254
user28,22/01/2024,433
user28,23/01/2024,372
user28,24/01/2024,283
user28,25/01/2024,80
user28,26/01/2024,243
user28,27/01/2024,335
user28,28/01/2024,215
user28,29/01/2024,425
user28,30/01/2024,262
user28,31/01/2024,70
user28,01/02/2024,241
user28,02/02/2024,262
user28,03/02/2024,213
user28,04/02/2024,324
user28,05/02/2024,152
user28,06/02/2024,286
user28,07/02/2024,293
user28,08/02/2024,161
user28,09/02/2024,161
user28,10/02/2024,238
user28,11/02/2024,224
user28,12/02/2024,279
user28,13/02/2024,179
user28,14/02/2024,336
user28,15/02/2024,326
user28,16/02/2024,281
user28,17/02/2024,263
user28,18/02/2024,266
user28,19/02/2024,343
user28,20/02/2024,326
user28,21/02/2024,107
user28,22/02/2024,274
user28,23/02/2024,300
user28,24/02/2024,283
user28,25/02/2024,293
user28,26/02/2024,241
user28,27/02/2024,218
user28,28/02/2024,233
user28,29/02/2024,226
user28,01/03/2024,177
user28,02/03/2024,292
user28,03/03/2024,242
user28,04/03/2024,141
user28,05/03/2024,354
user28,06/03/2024,219
user28,07/03/2024,340
user28,08/03/2024,327
user28,09/03/2024,125
user28,10/03/2024,295
user28,11/03/2024,257
user28,12/03/2024,94
user28,13/03/2024,270
user28,14/03/2024,383
user28,15/03/2024,454
user28,16/03/2024,261
user28,17/03/2024,204
user28,18/03/2024,449
user28,19/03/2024,292
user28,20/03/2024,194
user28,21/03/2024,132
user28,22/03/2024,263
user28,23/03/2024,297
user28,24/03/2024,228
user28,25/03/2024,312
user28,26/03/2024,217
user28,27/03/2024,243
user28,28/03/2024,252
user28,29/03/2024,176
user28,30/03/2024,211
user28,31/03/2024,328
user28,01/04/2024,376
user28,02/04/2024,198
user28,03/04/2024,191
user28,04/04/2024,302
user28,05/04/2024,270
user28,06/04/2024,236
user28,07/04/2024,345
user28,08/04/2024,456
user28,09/04/2024,228
user28,10/04/2024,172
user28,11/04/2024,295
user28,12/04/2024,170
user28,13/04/2024,84
user28,14/04/2024,185
user28,15/04/2024,379
user28,16/04/2024,390
user28,17/04/2024,219
user28,18/04/2024,193
user28,19/04/2024,229
user28,20/04/2024,256
user28,21/04/2024,32
user28,22/04/2024,283
user28,23/04/2024,101
user28,24/04/2024,105
user28,25/04/2024,177
user28,26/04/2024,341
user28,27/04/2024,97
user28,28/04/2024,324
user28,29/04/2024,262
user28,30/04/2024,220
user28,01/05/2024,355
user28,02/05/2024,40
user28,03/05/2024,188
user28,04/05/2024,462
user28,05/05/2024,279
user28,06/05/2024,282
user28,07/05/2024,377
user28,08/05/2024,234
user28,09/05/2024,345
user28,10/05/2024,177
user28,11/05/2024,358
user28,12/05/2024,282
user28,13/05/2024,117
user28,14/05/2024,110
user28,15/05/2024,250
user28,16/05/2024,317
user28,17/05/2024,190
user28,18/05/2024,159
user28,19/05/2024,289
user28,20/05/2024,262
user28,21/05/2024,181
user28,22/05/2024,92
user28,23/05/2024,293
user28,24/05/2024,183
user28,25/05/2024,65
user28,26/05/2024,125
user28,27/05/2024,222
user28,28/05/2024,260
user28,29/05/2024,275
user28,30/05/2024,257
user28,31/05/2024,191
user28,01/06/2024,345
user28,02/06/2024,197
user28,03/06/2024,369
user28,04/06/2024,246
user28,05/06/2024,303
user28,06/06/2024,269
user28,07/06/2024,80
user28,08/06/2024,266
user28,09/06/2024,294
user28,10/06/2024,350
user28,11/06/2024,353
user28,12/06/2024,138
user28,13/06/2024,153
user28,14/06/2024,311
user28,15/06/2024,306
user28,16/06/2024,277
user28,17/06/2024,105
user28,18/06/2024,214
user28,19/06/2024,174
user28,20/06/2024,261
user28,21/06/2024,325
user28,22/06/2024,163
user28,23/06/2024,226
user28,24/06/2024,297
user28,25/06/2024,424
user28,26/06/2024,367
user28,27/06/2024,261
user28,28/06/2024,324
user28,29/06/2024,199
user28,30/06/2024,330
user28,01/07/2024,226
user28,02/07/2024,285
user28,03/07/2024,62
user28,04/07/2024,181
user28,05/07/2024,239
user28,06/07/2024,204
user28,07/07/2024,322
user28,08/07/2024,251
user28,09/07/2024,107
user28,10/07/2024,228
user28,11/07/2024,308
user28,12/07/2024,215
user28,13/07/2024,163
user28,14/07/2024,304
user28,15/07/2024,198
user28,16/07/2024,129
user28,17/07/2024,258
user28,18/07/2024,277
user28,19/07/2024,217
user28,20/07/2024,250
user28,21/07/2024,318
user28,22/07/2024,344
user28,23/07/2024,245
user28,24/07/2024,202
user28,25/07/2024,268
user28,26/07/2024,263
user28,27/07/2024,299
user28,28/07/2024,166
user28,29/07/2024,191
user28,30/07/2024,221
user28,31/07/2024,380
user28,01/08/2024,121
user28,02/08/2024,214
user28,03/08/2024,244
user28,04/08/2024,305
user28,05/08/2024,348
user28,06/08/2024,303
user28,07/08/2024,384
user28,08/08/2024,163
user28,09/08/2024,271
user28,10/08/2024,248
user28,11/08/2024,305
user28,12/08/2024,204
user28,13/08/2024,272
user28,14/08/2024,159
user28,15/08/2024,371
user28,16/08/2024,311
user28,17/08/2024,198
user28,18/08/2024,250
user28,19/08/2024,323
user28,20/08/2024,265
user28,21/08/2024,174
user28,22/08/2024,290
user28,23/08/2024,171
user28,24/08/2024,326
user28,25/08/2024,284
user28,26/08/2024,435
user28,27/08/2024,204
user28,28/08/2024,153
user28,29/08/2024,336
user28,30/08/2024,242
user28,31/08/2024,271
user28,01/09/2024,418
user28,02/09/2024,313
user28,03/09/2024,276
user28,04/09/2024,180
user28,05/09/2024,204
user28,06/09/2024,370
user28,07/09/2024,315
user28,08/09/2024,284
user28,09/09/2024,222
user28,10/09/2024,17
user28,11/09/2024,210
user28,12/09/2024,352
user28,13/09/2024,332
user28,14/09/2024,346
user28,15/09/2024,236
user28,16/09/2024,422
user28,17/09/2024,317
user28,18/09/2024,344
user28,19/09/2024,185
user28,20/09/2024,342
user28,21/09/2024,117
user28,22/09/2024,218
user28,23/09/2024,351
user28,24/09/2024,326
user28,25/09/2024,361
user28,26/09/2024,164
user28,27/09/2024,103
user28,28/09/2024,289
user28,29/09/2024,227
user28,30/09/2024,294
user28,01/10/2024,200
user28,02/10/2024,196
user28,03/10/2024,184
user28,04/10/2024,104
user28,05/10/2024,324
user28,06/10/2024,227
user28,07/10/2024,266
user28,08/10/2024,189
user28,09/10/2024,194
user28,10/10/2024,197
user28,11/10/2024,208
user28,12/10/2024,335
user28,13/10/2024,319
user28,14/10/2024,268
user28,15/10/2024,254
user28,16/10/2024,255
user28,17/10/2024,188
user28,18/10/2024,317
user28,19/10/2024,300
user28,20/10/2024,322
user28,21/10/2024,168
user28,22/10/2024,345
user28,23/10/2024,295
user28,24/10/2024,279
user28,25/10/2024,322
user28,26/10/2024,335
user28,27/10/2024,298
user28,28/10/2024,213
user28,29/10/2024,266
user28,30/10/2024,343
user28,31/10/2024,181
user28,01/11/2024,272
user28,02/11/2024,220
user28,03/11/2024,240
user28,04/11/2024,252
user28,05/11/2024,365
user28,06/11/2024,266
user28,07/11/2024,113
user28,08/11/2024,183
user28,09/11/2024,342
user28,10/11/2024,201
user28,11/11/2024,254
user28,12/11/2024,263
user28,13/11/2024,288
user28,14/11/2024,243
user28,15/11/2024,334
user28,16/11/2024,339
user28,17/11/2024,102
user28,18/11/2024,249
user28,19/11/2024,196
user28,20/11/2024,261
user28,21/11/2024,293
user28,22/11/2024,280
user28,23/11/2024,239
user28,24/11/2024,301
user28,25/11/2024,245
user28,26/11/2024,309
user28,27/11/2024,262
user28,28/11/2024,213
user28,29/11/2024,213
user28,30/11/2024,285
user28,01/12/2024,253
user28,02/12/2024,193
user28,03/12/2024,164
user28,04/12/2024,326
user28,05/12/2024,244
user28,06/12/2024,241
user28,07/12/2024,238
user28,08/12/2024,279
user28,09/12/2024,138
user28,10/12/2024,300
user28,11/12/2024,335
user28,12/12/2024,262
user28,13/12/2024,237
user28,14/12/2024,143
user28,15/12/2024,253
user28,16/12/2024,265
user28,17/12/2024,279
user28,18/12/2024,239
user28,19/12/2024,329
user28,20/12/2024,301
user28,21/12/2024,256
user28,22/12/2024,161
user28,23/12/2024,186
user28,24/12/2024,293
user28,25/12/2024,200
user28,26/12/2024,271
user28,27/12/2024,109
user28,28/12/2024,286
user28,29/12/2024,215
user28,30/12/2024,168
user29,01/01/2024,219
user29,02/01/2024,49
user29,03/01/2024,150
user29,04/01/2024,57
user29,05/01/2024,36
user29,06/01/2024,75
user29,07/01/2024,0
user29,08/01/2024,293
user29,09/01/2024,99
user29,10/01/2024,111
user29,11/01/2024,293
user29,12/01/2024,112
user29,13/01/2024,145
user29,14/01/2024,96
user29,15/01/2024,293
user29,16/01/2024,161
user29,17/01/2024,74
user29,18/01/2024,95
user29,19/01/2024,147
user29,20/01/2024,180
user29,21/01/2024,74
user29,22/01/2024,86
user29,23/01/2024,61
user29,24/01/2024,268
user29,25/01/2024,173
user29,26/01/2024,94
user29,27/01/2024,123
user29,28/01/2024,191
user29,29/01/2024,234
user29,30/01/2024,173
user29,31/01/2024,96
user29,01/02/2024,57
user29,02/02/2024,167
user29,03/02/2024,108
user29,04/02/2024,149
user29,05/02/2024,165
user29,06/02/2024,198
user29,07/02/2024,207
user29,08/02/2024,177
user29,09/02/2024,148
user29,10/02/2024,158
user29,11/02/2024,64
user29,12/02/2024,215
user29,13/02/2024,97
user29,14/02/2024,284
user29,15/02/2024,39
user29,16/02/2024,107
user29,17/02/2024,81
user29,18/02/2024,162
user29,19/02/2024,0
user29,20/02/2024,0
user29,21/02/2024,162
user29,22/02/2024,33
user29,23/02/2024,0
user29,24/02/2024,214
user29,25/02/2024,211
user29,26/02/2024,126
user29,27/02/2024,97
user29,28/02/2024,15
user29,29/02/2024,252
user29,01/03/2024,169
user29,02/03/2024,171
user29,03/03/2024,138
user29,04/03/2024,244
user29,05/03/2024,229
user29,06/03/2024,111
user29,07/03/2024,164
user29,08/03/2024,133
user29,09/03/2024,337
user29,10/03/2024,205
user29,11/03/2024,174
user29,12/03/2024,197
user29,13/03/2024,106
user29,14/03/2024,206
user29,15/03/2024,189
user29,16/03/2024,41
user29,17/03/2024,84
user29,18/03/2024,109
user29,19/03/2024,111
user29,20/03/2024,84
user29,21/03/2024,77
user29,22/03/2024,132
user29,23/03/2024,27
user29,24/03/2024,322
user29,25/03/2024,176
user29,26/03/2024,250
user29,27/03/2024,68
user29,28/03/2024,128
user29,29/03/2024,203
user29,30/03/2024,288
user29,31/03/2024,129
user29,01/04/2024,153
user29,02/04/2024,88
user29,03/04/2024,140
user29,04/04/2024,188
user29,05/04/2024,214
user29,06/04/2024,138
user29,07/04/2024,305
user29,08/04/2024,8
user29,09/04/2024,214
user29,10/04/2024,45
user29,11/04/2024,213
user29,12/04/2024,132
user29,13/04/2024,258
user29,14/04/2024,97
user29,15/04/2024,195
user29,16/04/2024,227
user29,17/04/2024,166
user29,18/04/2024,37
user29,19/04/2024,383
user29,20/04/2024,168
user29,21/04/2024,190
user29,22/04/2024,185
user29,23/04/2024,277
user29,24/04/2024,226
user29,25/04/2024,115
user29,26/04/2024,23
user29,27/04/2024,129
user29,28/04/2024,152
user29,29/04/2024,80
user29,30/04/2024,110
user29,01/05/2024,190
user29,02/05/2024,212
user29,03/05/2024,312
user29,04/05/2024,190
user29,05/05/2024,0
user29,06/05/2024,124
user29,07/05/2024,192
user29,08/05/2024,174
user29,09/05/2024,120
user29,10/05/2024,174
user29,11/05/2024,300
user29,12/05/2024,215
user29,13/05/2024,280
user29,14/05/2024,202
user29,15/05/2024,76
user29,16/05/2024,79
user29,17/05/2024,257
user29,18/05/2024,145
user29,19/05/2024,70
user29,20/05/2024,48
user29,21/05/2024,170
user29,22/05/2024,123
user29,23/05/2024,231
user29,24/05/2024,120
user29,25/05/2024,273
user29,26/05/2024,89
user29,27/05/2024,152
user29,28/05/2024,63
user29,29/05/2024,131
user29,30/05/2024,49
user29,31/05/2024,209
user29,01/06/2024,81
user29,02/06/2024,37
user29,03/06/2024,155
user29,04/06/2024,194
user29,05/06/2024,285
user29,06/06/2024,126
user29,07/06/2024,137
user29,08/06/2024,24
user29,09/06/2024,130
user29,10/06/2024,81
user29,11/06/2024,12
user29,12/06/2024,166
user29,13/06/2024,109
user29,14/06/2024,90
user29,15/06/2024,91
user29,16/06/2024,116
user29,17/06/2024,232
user29,18/06/2024,0
user29,19/06/2024,110
user29,20/06/2024,62
user29,21/06/2024,99
user29,22/06/2024,277
user29,23/06/2024,0
user29,24/06/2024,204
user29,25/06/2024,287
user29,26/06/2024,0
user29,27/06/2024,249
user29,28/06/2024,156
user29,29/06/2024,56
user29,30/06/2024,207
user29,01/07/2024,147
user29,02/07/2024,165
user29,03/07/2024,139
user29,04/07/2024,170
user29,05/07/2024,123
user29,06/07/2024,184
user29,07/07/2024,264
user29,08/07/2024,77
user29,09/07/2024,136
user29,10/07/2024,123
user29,11/07/2024,141
user29,12/07/2024,157
user29,13/07/2024,223
user29,14/07/2024,175
user29,15/07/2024,217
user29,16/07/2024,176
user29,17/07/2024,137
user29,18/07/2024,194
user29,19/07/2024,241
user29,20/07/2024,171
user29,21/07/2024,186
user29,22/07/2024,50
user29,23/07/2024,201
user29,24/07/2024,75
user29,25/07/2024,77
user29,26/07/2024,82
user29,27/07/2024,216
user29,28/07/2024,98
user29,29/07/2024,163
user29,30/07/2024,191
user29,31/07/2024,214
user29,01/08/2024,114
user29,02/08/2024,148
user29,03/08/2024,0
user29,04/08/2024,226
user29,05/08/2024,0
user29,06/08/2024,181
user29,07/08/2024,77
user29,08/08/2024,102
user29,09/08/2024,27
user29,10/08/2024,138
user29,11/08/2024,226
user29,12/08/2024,151
user29,13/08/2024,115
user29,14/08/2024,167
user29,15/08/2024,46
user29,16/08/2024,90
user29,17/08/2024,63
user29,18/08/2024,205
user29,19/08/2024,183
user29,20/08/2024,158
user29,21/08/2024,194
user29,22/08/2024,113
user29,23/08/2024,301
user29,24/08/2024,179
user29,25/08/2024,88
user29,26/08/2024,122
user29,27/08/2024,160
user29,28/08/2024,164
user29,29/08/2024,61
user29,30/08/2024,137
user29,31/08/2024,38
user29,01/09/2024,199
user29,02/09/2024,158
user29,03/09/2024,171
user29,04/09/2024,219
user29,05/09/2024,101
user29,06/09/2024,209
user29,07/09/2024,178
user29,08/09/2024,112
user29,09/09/2024,78
user29,10/09/2024,238
user29,11/09/2024,148
user29,12/09/2024,114
user29,13/09/2024,190
user29,14/09/2024,196
user29,15/09/2024,147
user29,16/09/2024,173
user29,17/09/2024,0
user29,18/09/2024,225
user29,19/09/2024,111
user29,20/09/2024,35
user29,21/09/2024,160
user29,22/09/2024,230
user29,23/09/2024,175
user29,24/09/2024,193
user29,25/09/2024,240
user29,26/09/2024,112
user29,27/09/2024,246
user29,28/09/2024,162
user29,29/09/2024,121
user29,30/09/2024,161
user29,01/10/2024,72
user29,02/10/2024,250
user29,03/10/2024,127
user29,04/10/2024,0
user29,05/10/2024,55
user29,06/10/2024,58
user29,07/10/2024,160
user29,08/10/2024,94
user29,09/10/2024,253
user29,10/10/2024,276
user29,11/10/2024,182
user29,12/10/2024,218
user29,13/10/2024,76
user29,14/10/2024,143
user29,15/10/2024,97
user29,16/10/2024,28
user29,17/10/2024,288
user29,18/10/2024,248
user29,19/10/2024,246
user29,20/10/2024,121
user29,21/10/2024,135
user29,22/10/2024,29
user29,23/10/2024,78
user29,24/10/2024,124
user29,25/10/2024,105
user29,26/10/2024,197
user29,27/10/2024,173
user29,28/10/2024,201
user29,29/10/2024,185
user29,30/10/2024,165
user29,31/10/2024,151
user29,01/11/2024,102
user29,02/11/2024,116
user29,03/11/2024,155
user29,04/11/2024,95
user29,05/11/2024,256
user29,06/11/2024,134
user29,07/11/2024,128
user29,08/11/2024,77
user29,09/11/2024,163
user29,10/11/2024,83
user29,11/11/2024,147
user29,12/11/2024,164
user29,13/11/2024,121
user29,14/11/2024,165
user29,15/11/2024,226
user29,16/11/2024,100
user29,17/11/2024,168
user29,18/11/2024,135
user29,19/11/2024,88
user29,20/11/2024,37
user29,21/11/2024,193
user29,22/11/2024,65
user29,23/11/2024,226
user29,24/11/2024,147
user29,25/11/2024,190
user29,26/11/2024,196
user29,27/11/2024,137
user29,28/11/2024,103
user29,29/11/2024,176
user29,30/11/2024,254
user29,01/12/2024,0
user29,02/12/2024,63
user29,03/12/2024,0
user29,04/12/2024,168
user29,05/12/2024,163
user29,06/12/2024,83
user29,07/12/2024,90
user29,08/12/2024,128
user29,09/12/2024,0
user29,10/12/2024,245
user29,11/12/2024,103
user29,12/12/2024,181
user29,13/12/2024,70
user29,14/12/2024,0
user29,15/12/2024,137
user29,16/12/2024,104
user29,17/12/2024,148
user29,18/12/2024,220
user29,19/12/2024,124
user29,20/12/2024,267
user29,21/12/2024,67
user29,22/12/2024,184
user29,23/12/2024,139
user29,24/12/2024,0
user29,25/12/2024,82
user29,26/12/2024,356
user29,27/12/2024,213
user29,28/12/2024,85
user29,29/12/2024,173
user29,30/12/2024,43
user30,01/01/2024,333
user30,02/01/2024,345
user30,03/01/2024,264
user30,04/01/2024,189
user30,05/01/2024,278
user30,06/01/2024,150
user30,07/01/2024,447
user30,08/01/2024,162
user30,09/01/2024,417
user30,10/01/2024,207
user30,11/01/2024,155
user30,12/01/2024,418
user30,13/01/2024,307
user30,14/01/2024,336
user30,15/01/2024,167
user30,16/01/2024,289
user30,17/01/2024,142
user30,18/01/2024,332
user30,19/01/2024,271
user30,20/01/2024,314
user30,21/01/2024,192
user30,22/01/2024,370
user30,23/01/2024,284
user30,24/01/2024,232
user30,25/01/2024,416
user30,26/01/2024,249
user30,27/01/2024,274
user30,28/01/2024,337
user30,29/01/2024,132
user30,30/01/2024,210
user30,31/01/2024,264
user30,01/02/2024,274
user30,02/02/2024,331
user30,03/02/2024,187
user30,04/02/2024,297
user30,05/02/2024,358
user30,06/02/2024,325
user30,07/02/2024,259
user30,08/02/2024,301
user30,09/02/2024,323
user30,10/02/2024,241
user30,11/02/2024,314
user30,12/02/2024,257
user30,13/02/2024,196
user30,14/02/2024,259
user30,15/02/2024,342
user30,16/02/2024,138
user30,17/02/2024,272
user30,18/02/2024,362
user30,19/02/2024,188
user30,20/02/2024,272
user30,21/02/2024,245
user30,22/02/2024,233
user30,23/02/2024,358
user30,24/02/2024,283
user30,25/02/2024,391
user30,26/02/2024,280
user30,27/02/2024,333
user30,28/02/2024,239
user30,29/02/2024,262
user30,01/03/2024,441
user30,02/03/2024,259
user30,03/03/2024,221
user30,04/03/2024,268
user30,05/03/2024,150
user30,06/03/2024,127
user30,07/03/2024,425
user30,08/03/2024,359
user30,09/03/2024,249
user30,10/03/2024,358
user30,11/03/2024,248
user30,12/03/2024,141
user30,13/03/2024,274
user30,14/03/2024,317
user30,15/03/2024,311
user30,16/03/2024,133
user30,17/03/2024,191
user30,18/03/2024,389
user30,19/03/2024,386
user30,20/03/2024,330
user30,21/03/2024,319
user30,22/03/2024,61
user30,23/03/2024,290
user30,24/03/2024,242
user30,25/03/2024,273
user30,26/03/2024,353
user30,27/03/2024,307
user30,28/03/2024,359
user30,29/03/2024,181
user30,30/03/2024,359
user30,31/03/2024,388
user30,01/04/2024,217
user30,02/04/2024,245
user30,03/04/2024,245
user30,04/04/2024,325
user30,05/04/2024,164
user30,06/04/2024,192
user30,07/04/2024,256
user30,08/04/2024,387
user30,09/04/2024,322
user30,10/04/2024,340
user30,11/04/2024,224
user30,12/04/2024,208
user30,13/04/2024,107
user30,14/04/2024,278
user30,15/04/2024,401
user30,16/04/2024,246
user30,17/04/2024,314
user30,18/04/2024,275
user30,19/04/2024,476
user30,20/04/2024,232
user30,21/04/2024,146
user30,22/04/2024,264
user30,23/04/2024,314
user30,24/04/2024,216
user30,25/04/2024,118
user30,26/04/2024,264
user30,27/04/2024,257
user30,28/04/2024,272
user30,29/04/2024,300
user30,30/04/2024,171
user30,01/05/2024,118
user30,02/05/2024,348
user30,03/05/2024,289
user30,04/05/2024,266
user30,05/05/2024,204
user30,06/05/2024,328
user30,07/05/2024,243
user30,08/05/2024,269
user30,09/05/2024,174
user30,10/05/2024,364
user30,11/05/2024,282
user30,12/05/2024,200
user30,13/05/2024,232
user30,14/05/2024,280
user30,15/05/2024,346
user30,16/05/2024,259
user30,17/05/2024,288
user30,18/05/2024,381
user30,19/05/2024,290
user30,20/05/2024,289
user30,21/05/2024,287
user30,22/05/2024,263
user30,23/05/2024,223
user30,24/05/2024,406
user30,25/05/2024,326
user30,26/05/2024,241
user30,27/05/2024,199
user30,28/05/2024,405
user30,29/05/2024,238
user30,30/05/2024,295
user30,31/05/2024,324
user30,01/06/2024,406
user30,02/06/2024,206
user30,03/06/2024,249
user30,04/06/2024,310
user30,05/06/2024,482
user30,06/06/2024,270
user30,07/06/2024,301
user30,08/06/2024,321
user30,09/06/2024,184
user30,10/06/2024,360
user30,11/06/2024,453
user30,12/06/2024,311
user30,13/06/2024,220
user30,14/06/2024,358
user30,15/06/2024,406
user30,16/06/2024,241
user30,17/06/2024,421
user30,18/06/2024,210
user30,19/06/2024,368
user30,20/06/2024,227
user30,21/06/2024,268
user30,22/06/2024,269
user30,23/06/2024,305
user30,24/06/2024,170
user30,25/06/2024,308
user30,26/06/2024,280
user30,27/06/2024,335
user30,28/06/2024,143
user30,29/06/2024,306
user30,30/06/2024,111
user30,01/07/2024,227
user30,02/07/2024,324
user30,03/07/2024,338
user30,04/07/2024,309
user30,05/07/2024,298
user30,06/07/2024,176
user30,07/07/2024,348
user30,08/07/2024,278
user30,09/07/2024,346
user30,10/07/2024,270
user30,11/07/2024,339
user30,12/07/2024,171
user30,13/07/2024,244
user30,14/07/2024,272
user30,15/07/2024,247
user30,16/07/2024,391
user30,17/07/2024,205
user30,18/07/2024,189
user30,19/07/2024,201
user30,20/07/2024,426
user30,21/07/2024,223
user30,22/07/2024,295
user30,23/07/2024,400
user30,24/07/2024,308
user30,25/07/2024,97
user30,26/07/2024,260
user30,27/07/2024,306
user30,28/07/2024,276
user30,29/07/2024,245
user30,30/07/2024,281
user30,31/07/2024,173
user30,01/08/2024,290
user30,02/08/2024,239
user30,03/08/2024,265
user30,04/08/2024,253
user30,05/08/2024,235
user30,06/08/2024,226
user30,07/08/2024,169
user30,08/08/2024,174
user30,09/08/2024,312
user30,10/08/2024,149
user30,11/08/2024,363
user30,12/08/2024,197
user30,13/08/2024,306
user30,14/08/2024,369
user30,15/08/2024,257
user30,16/08/2024,272
user30,17/08/2024,213
user30,18/08/2024,154
user30,19/08/2024,264
user30,20/08/2024,269
user30,21/08/2024,282
user30,22/08/2024,204
user30,23/08/2024,328
user30,24/08/2024,325
user30,25/08/2024,268
user30,26/08/2024,336
user30,27/08/2024,345
user30,28/08/2024,303
user30,29/08/2024,189
user30,30/08/2024,356
user30,31/08/2024,310
user30,01/09/2024,232
user30,02/09/2024,436
user30,03/09/2024,208
user30,04/09/2024,61
user30,05/09/2024,307
user30,06/09/2024,277
user30,07/09/2024,192
user30,08/09/2024,337
user30,09/09/2024,261
user30,10/09/2024,221
user30,11/09/2024,255
user30,12/09/2024,254
user30,13/09/2024,225
user30,14/09/2024,268
user30,15/09/2024,220
user30,16/09/2024,18
user30,17/09/2024,221
user30,18/09/2024,129
user30,19/09/2024,265
user30,20/09/2024,223
user30,21/09/2024,400
user30,22/09/2024,340
user30,23/09/2024,253
user30,24/09/2024,276
user30,25/09/2024,273
user30,26/09/2024,185
user30,27/09/2024,242
user30,28/09/2024,251
user30,29/09/2024,234
user30,30/09/2024,337
user30,01/10/2024,370
user30,02/10/2024,203
user30,03/10/2024,460
user30,04/10/2024,381
user30,05/10/2024,163
user30,06/10/2024,257
user30,07/10/2024,190
user30,08/10/2024,152
user30,09/10/2024,214
user30,10/10/2024,259
user30,11/10/2024,301
user30,12/10/2024,191
user30,13/10/2024,449
user30,14/10/2024,96
user30,15/10/2024,380
user30,16/10/2024,242
user30,17/10/2024,316
user30,18/10/2024,228
user30,19/10/2024,433
user30,20/10/2024,199
user30,21/10/2024,374
user30,22/10/2024,184
user30,23/10/2024,274
user30,24/10/2024,130
user30,25/10/2024,228
user30,26/10/2024,176
user30,27/10/2024,196
user30,28/10/2024,334
user30,29/10/2024,393
user30,30/10/2024,223
user30,31/10/2024,157
user30,01/11/2024,308
user30,02/11/2024,334
user30,03/11/2024,321
user30,04/11/2024,241
user30,05/11/2024,251
user30,06/11/2024,227
user30,07/11/2024,351
user30,08/11/2024,227
user30,09/11/2024,57
user30,10/11/2024,190
user30,11/11/2024,349
user30,12/11/2024,362
user30,13/11/2024,247
user30,14/11/2024,199
user30,15/11/2024,241
user30,16/11/2024,262
user30,17/11/2024,234
user30,18/11/2024,281
user30,19/11/2024,255
user30,20/11/2024,193
user30,21/11/2024,246
user30,22/11/2024,233
user30,23/11/2024,304
user30,24/11/2024,284
user30,25/11/2024,375
user30,26/11/2024,333
user30,27/11/2024,263
user30,28/11/2024,265
user30,29/11/2024,339
user30,30/11/2024,340
user30,01/12/2024,206
user30,02/12/2024,355
user30,03/12/2024,192
user30,04/12/2024,177
user30,05/12/2024,205
user30,06/12/2024,317
user30,07/12/2024,220
user30,08/12/2024,381
user30,09/12/2024,267
user30,10/12/2024,445
user30,11/12/2024,492
user30,12/12/2024,422
user30,13/12/2024,227
user30,14/12/2024,432
user30,15/12/2024,328
user30,16/12/2024,210
user30,17/12/2024,291
user30,18/12/2024,209
user30,19/12/2024,204
user30,20/12/2024,355
user30,21/12/2024,331
user30,22/12/2024,310
user30,23/12/2024,363
user30,24/12/2024,520
user30,25/12/2024,251
user30,26/12/2024,205
user30,27/12/2024,167
user30,28/12/2024,320
user30,29/12/2024,224
user30,30/12/2024,431
user31,01/01/2024,319
user31,02/01/2024,228
user31,03/01/2024,349
user31,04/01/2024,215
user31,05/01/2024,215
user31,06/01/2024,264
user31,07/01/2024,257
user31,08/01/2024,284
user31,09/01/2024,310
user31,10/01/2024,258
user31,11/01/2024,228
user31,12/01/2024,166
user31,13/01/2024,133
user31,14/01/2024,406
user31,15/01/2024,241
user31,16/01/2024,145
user31,17/01/2024,266
user31,18/01/2024,224
user31,19/01/2024,195
user31,20/01/2024,117
user31,21/01/2024,197
user31,22/01/2024,144
user31,23/01/2024,344
user31,24/01/2024,421
user31,25/01/2024,416
user31,26/01/2024,194
user31,27/01/2024,330
user31,28/01/2024,246
user31,29/01/2024,230
user31,30/01/2024,282
user31,31/01/2024,337
user31,01/02/2024,254
user31,02/02/2024,385
user31,03/02/2024,318
user31,04/02/2024,77
user31,05/02/2024,290
user31,06/02/2024,234
user31,07/02/2024,285
user31,08/02/2024,313
user31,09/02/2024,303
user31,10/02/2024,215
user31,11/02/2024,301
user31,12/02/2024,189
user31,13/02/2024,382
user31,14/02/2024,295
user31,15/02/2024,172
user31,16/02/2024,236
user31,17/02/2024,208
user31,18/02/2024,216
user31,19/02/2024,351
user31,20/02/2024,275
user31,21/02/2024,248
user31,22/02/2024,318
user31,23/02/2024,320
user31,24/02/2024,67
user31,25/02/2024,219
user31,26/02/2024,208
user31,27/02/2024,269
user31,28/02/2024,323
user31,29/02/2024,123
user31,01/03/2024,166
user31,02/03/2024,341
user31,03/03/2024,361
user31,04/03/2024,163
user31,05/03/2024,388
user31,06/03/2024,318
user31,07/03/2024,261
user31,08/03/2024,100
user31,09/03/2024,352
user31,10/03/2024,143
user31,11/03/2024,188
user31,12/03/2024,278
user31,13/03/2024,163
user31,14/03/2024,211
user31,15/03/2024,317
user31,16/03/2024,245
user31,17/03/2024,217
user31,18/03/2024,146
user31,19/03/2024,445
user31,20/03/2024,100
user31,21/03/2024,120
user31,22/03/2024,228
user31,23/03/2024,56
user31,24/03/2024,196
user31,25/03/2024,205
user31,26/03/2024,222
user31,27/03/2024,249
user31,28/03/2024,166
user31,29/03/2024,342
user31,30/03/2024,122
user31,31/03/2024,312
user31,01/04/2024,300
user31,02/04/2024,194
user31,03/04/2024,353
user31,04/04/2024,323
user31,05/04/2024,239
user31,06/04/2024,276
user31,07/04/2024,401
user31,08/04/2024,176
user31,09/04/2024,203
user31,10/04/2024,465
user31,11/04/2024,426
user31,12/04/2024,409
user31,13/04/2024,163
user31,14/04/2024,368
user31,15/04/2024,355
user31,16/04/2024,284
user31,17/04/2024,218
user31,18/04/2024,294
user31,19/04/2024,276
user31,20/04/2024,299
user31,21/04/2024,263
user31,22/04/2024,173
user31,23/04/2024,278
user31,24/04/2024,374
user31,25/04/2024,201
user31,26/04/2024,209
user31,27/04/2024,202
user31,28/04/2024,165
user31,29/04/2024,377
user31,30/04/2024,382
user31,01/05/2024,304
user31,02/05/2024,141
user31,03/05/2024,256
user31,04/05/2024,258
user31,05/05/2024,245
user31,06/05/2024,315
user31,07/05/2024,501
user31,08/05/2024,261
user31,09/05/2024,375
user31,10/05/2024,188
user31,11/05/2024,124
user31,12/05/2024,291
user31,13/05/2024,341
user31,14/05/2024,309
user31,15/05/2024,220
user31,16/05/2024,290
user31,17/05/2024,214
user31,18/05/2024,211
user31,19/05/2024,256
user31,20/05/2024,305
user31,21/05/2024,174
user31,22/05/2024,153
user31,23/05/2024,409
user31,24/05/2024,218
user31,25/05/2024,245
user31,26/05/2024,230
user31,27/05/2024,218
user31,28/05/2024,261
user31,29/05/2024,326
user31,30/05/2024,228
user31,31/05/2024,309
user31,01/06/2024,232
user31,02/06/2024,275
user31,03/06/2024,358
user31,04/06/2024,197
user31,05/06/2024,301
user31,06/06/2024,274
user31,07/06/2024,312
user31,08/06/2024,165
user31,09/06/2024,231
user31,10/06/2024,313
user31,11/06/2024,180
user31,12/06/2024,263
user31,13/06/2024,307
user31,14/06/2024,330
user31,15/06/2024,342
user31,16/06/2024,230
user31,17/06/2024,130
user31,18/06/2024,294
user31,19/06/2024,208
user31,20/06/2024,350
user31,21/06/2024,93
user31,22/06/2024,228
user31,23/06/2024,200
user31,24/06/2024,109
user31,25/06/2024,228
user31,26/06/2024,323
user31,27/06/2024,127
user31,28/06/2024,260
user31,29/06/2024,361
user31,30/06/2024,354
user31,01/07/2024,248
user31,02/07/2024,258
user31,03/07/2024,317
user31,04/07/2024,355
user31,05/07/2024,234
user31,06/07/2024,193
user31,07/07/2024,275
user31,08/07/2024,232
user31,09/07/2024,411
user31,10/07/2024,199
user31,11/07/2024,425
user31,12/07/2024,351
user31,13/07/2024,335
user31,14/07/2024,288
user31,15/07/2024,304
user31,16/07/2024,284
user31,17/07/2024,265
user31,18/07/2024,228
user31,19/07/2024,155
user31,20/07/2024,259
user31,21/07/2024,390
user31,22/07/2024,166
user31,23/07/2024,266
user31,24/07/2024,250
user31,25/07/2024,340
user31,26/07/2024,264
user31,27/07/2024,368
user31,28/07/2024,241
user31,29/07/2024,222
user31,30/07/2024,251
user31,31/07/2024,360
user31,01/08/2024,339
user31,02/08/2024,229
user31,03/08/2024,365
user31,04/08/2024,284
user31,05/08/2024,156
user31,06/08/2024,338
user31,07/08/2024,273
user31,08/08/2024,353
user31,09/08/2024,244
user31,10/08/2024,252
user31,11/08/2024,191
user31,12/08/2024,242
user31,13/08/2024,329
user31,14/08/2024,163
user31,15/08/2024,396
user31,16/08/2024,316
user31,17/08/2024,283
user31,18/08/2024,225
user31,19/08/2024,351
user31,20/08/2024,357
user31,21/08/2024,286
user31,22/08/2024,361
user31,23/08/2024,214
user31,24/08/2024,352
user31,25/08/2024,330
user31,26/08/2024,267
user31,27/08/2024,292
user31,28/08/2024,162
user31,29/08/2024,423
user31,30/08/2024,285
user31,31/08/2024,178
user31,01/09/2024,322
user31,02/09/2024,214
user31,03/09/2024,336
user31,04/09/2024,222
user31,05/09/2024,217
user31,06/09/2024,213
user31,07/09/2024,180
user31,08/09/2024,211
user31,09/09/2024,279
user31,10/09/2024,293
user31,11/09/2024,301
user31,12/09/2024,292
user31,13/09/2024,440
user31,14/09/2024,379
user31,15/09/2024,352
user31,16/09/2024,233
user31,17/09/2024,435
user31,18/09/2024,271
user31,19/09/2024,185
user31,20/09/2024,295
user31,21/09/2024,232
user31,22/09/2024,288
user31,23/09/2024,116
user31,24/09/2024,326
user31,25/09/2024,418
user31,26/09/2024,287
user31,27/09/2024,286
user31,28/09/2024,196
user31,29/09/2024,111
user31,30/09/2024,331
user31,01/10/2024,311
user31,02/10/2024,291
user31,03/10/2024,331
user31,04/10/2024,398
user31,05/10/2024,306
user31,06/10/2024,338
user31,07/10/2024,275
user31,08/10/2024,265
user31,09/10/2024,314
user31,10/10/2024,263
user31,11/10/2024,180
user31,12/10/2024,275
user31,13/10/2024,167
user31,14/10/2024,306
user31,15/10/2024,81
user31,16/10/2024,67
user31,17/10/2024,258
user31,18/10/2024,160
user31,19/10/2024,407
user31,20/10/2024,205
user31,21/10/2024,174
user31,22/10/2024,357
user31,23/10/2024,215
user31,24/10/2024,307
user31,25/10/2024,146
user31,26/10/2024,378
user31,27/10/2024,238
user31,28/10/2024,388
user31,29/10/2024,369
user31,30/10/2024,198
user31,31/10/2024,267
user31,01/11/2024,55
user31,02/11/2024,183
user31,03/11/2024,369
user31,04/11/2024,253
user31,05/11/2024,296
user31,06/11/2024,141
user31,07/11/2024,388
user31,08/11/2024,93
user31,09/11/2024,369
user31,10/11/2024,145
user31,11/11/2024,344
user31,12/11/2024,144
user31,13/11/2024,234
user31,14/11/2024,317
user31,15/11/2024,314
user31,16/11/2024,290
user31,17/11/2024,353
user31,18/11/2024,322
user31,19/11/2024,27
user31,20/11/2024,417
user31,21/11/2024,394
user31,22/11/2024,469
user31,23/11/2024,293
user31,24/11/2024,220
user31,25/11/2024,83
user31,26/11/2024,384
user31,27/11/2024,343
user31,28/11/2024,312
user31,29/11/2024,322
user31,30/11/2024,41
user31,01/12/2024,350
user31,02/12/2024,325
user31,03/12/2024,376
user31,04/12/2024,267
user31,05/12/2024,411
user31,06/12/2024,342
user31,07/12/2024,300
user31,08/12/2024,94
user31,09/12/2024,185
user31,10/12/2024,308
user31,11/12/2024,331
user31,12/12/2024,293
user31,13/12/2024,202
user31,14/12/2024,107
user31,15/12/2024,248
user31,16/12/2024,202
user31,17/12/2024,323
user31,18/12/2024,405
user31,19/12/2024,254
user31,20/12/2024,389
user31,21/12/2024,194
user31,22/12/2024,168
user31,23/12/2024,249
user31,24/12/2024,344
user31,25/12/2024,374
user31,26/12/2024,284
user31,27/12/2024,418
user31,28/12/2024,287
user31,29/12/2024,308
user31,30/12/2024,462
user32,01/01/2024,151
user32,02/01/2024,267
user32,03/01/2024,255
user32,04/01/2024,168
user32,05/01/2024,187
user32,06/01/2024,161
user32,07/01/2024,304
user32,08/01/2024,328
user32,09/01/2024,99
user32,10/01/2024,218
user32,11/01/2024,240
user32,12/01/2024,177
user32,13/01/2024,224
user32,14/01/2024,174
user32,15/01/2024,132
user32,16/01/2024,213
user32,17/01/2024,231
user32,18/01/2024,83
user32,19/01/2024,209
user32,20/01/2024,179
user32,21/01/2024,152
user32,22/01/2024,135
user32,23/01/2024,396
user32,24/01/2024,262
user32,25/01/2024,23
user32,26/01/2024,173
user32,27/01/2024,223
user32,28/01/2024,218
user32,29/01/2024,304
user32,30/01/2024,197
user32,31/01/2024,392
user32,01/02/2024,235
user32,02/02/2024,444
user32,03/02/2024,193
user32,04/02/2024,313
user32,05/02/2024,133
user32,06/02/2024,217
user32,07/02/2024,282
user32,08/02/2024,195
user32,09/02/2024,112
user32,10/02/2024,306
user32,11/02/2024,233
user32,12/02/2024,332
user32,13/02/2024,346
user32,14/02/2024,233
user32,15/02/2024,332
user32,16/02/2024,185
user32,17/02/2024,197
user32,18/02/2024,198
user32,19/02/2024,222
user32,20/02/2024,277
user32,21/02/2024,228
user32,22/02/2024,200
user32,23/02/2024,271
user32,24/02/2024,110
user32,25/02/2024,272
user32,26/02/2024,220
user32,27/02/2024,87
user32,28/02/2024,168
user32,29/02/2024,351
user32,01/03/2024,283
user32,02/03/2024,317
user32,03/03/2024,307
user32,04/03/2024,189
user32,05/03/2024,282
user32,06/03/2024,261
user32,07/03/2024,397
user32,08/03/2024,197
user32,09/03/2024,78
user32,10/03/2024,332
user32,11/03/2024,204
user32,12/03/2024,151
user32,13/03/2024,206
user32,14/03/2024,300
user32,15/03/2024,264
user32,16/03/2024,148
user32,17/03/2024,221
user32,18/03/2024,239
user32,19/03/2024,277
user32,20/03/2024,261
user32,21/03/2024,363
user32,22/03/2024,235
user32,23/03/2024,227
user32,24/03/2024,336
user32,25/03/2024,111
user32,26/03/2024,336
user32,27/03/2024,163
user32,28/03/2024,218
user32,29/03/2024,249
user32,30/03/2024,86
user32,31/03/2024,409
user32,01/04/2024,270
user32,02/04/2024,232
user32,03/04/2024,247
user32,04/04/2024,149
user32,05/04/2024,183
user32,06/04/2024,288
user32,07/04/2024,182
user32,08/04/2024,230
user32,09/04/2024,189
user32,10/04/2024,224
user32,11/04/2024,266
user32,12/04/2024,284
user32,13/04/2024,239
user32,14/04/2024,340
user32,15/04/2024,287
user32,16/04/2024,225
user32,17/04/2024,214
user32,18/04/2024,292
user32,19/04/2024,259
user32,20/04/2024,0
user32,21/04/2024,241
user32,22/04/2024,329
user32,23/04/2024,273
user32,24/04/2024,180
user32,25/04/2024,263
user32,26/04/2024,207
user32,27/04/2024,241
user32,28/04/2024,114
user32,29/04/2024,281
user32,30/04/2024,179
user32,01/05/2024,191
user32,02/05/2024,182
user32,03/05/2024,294
user32,04/05/2024,115
user32,05/05/2024,218
user32,06/05/2024,309
user32,07/05/2024,246
user32,08/05/2024,200
user32,09/05/2024,298
user32,10/05/2024,220
user32,11/05/2024,227
user32,12/05/2024,417
user32,13/05/2024,283
user32,14/05/2024,202
user32,15/05/2024,268
user32,16/05/2024,305
user32,17/05/2024,149
user32,18/05/2024,346
user32,19/05/2024,432
user32,20/05/2024,213
user32,21/05/2024,144
user32,22/05/2024,251
user32,23/05/2024,205
user32,24/05/2024,217
user32,25/05/2024,51
user32,26/05/2024,363
user32,27/05/2024,279
user32,28/05/2024,181
user32,29/05/2024,193
user32,30/05/2024,375
user32,31/05/2024,198
user32,01/06/2024,259
user32,02/06/2024,198
user32,03/06/2024,183
user32,04/06/2024,232
user32,05/06/2024,107
user32,06/06/2024,203
user32,07/06/2024,282
user32,08/06/2024,201
user32,09/06/2024,241
user32,10/06/2024,265
user32,11/06/2024,257
user32,12/06/2024,193
user32,13/06/2024,392
user32,14/06/2024,301
user32,15/06/2024,135
user32,16/06/2024,216
user32,17/06/2024,290
user32,18/06/2024,213
user32,19/06/2024,293
user32,20/06/2024,175
user32,21/06/2024,178
user32,22/06/2024,216
user32,23/06/2024,256
user32,24/06/2024,188
user32,25/06/2024,220
user32,26/06/2024,184
user32,27/06/2024,255
user32,28/06/2024,131
user32,29/06/2024,283
user32,30/06/2024,238
user32,01/07/2024,266
user32,02/07/2024,150
user32,03/07/2024,282
user32,04/07/2024,279
user32,05/07/2024,181
user32,06/07/2024,157
user32,07/07/2024,196
user32,08/07/2024,137
user32,09/07/2024,89
user32,10/07/2024,221
user32,11/07/2024,221
user32,12/07/2024,183
user32,13/07/2024,176
user32,14/07/2024,349
user32,15/07/2024,283
user32,16/07/2024,408
user32,17/07/2024,0
user32,18/07/2024,134
user32,19/07/2024,304
user32,20/07/2024,108
user32,21/07/2024,241
user32,22/07/2024,184
user32,23/07/2024,358
user32,24/07/2024,143
user32,25/07/2024,174
user32,26/07/2024,309
user32,27/07/2024,128
user32,28/07/2024,361
user32,29/07/2024,180
user32,30/07/2024,311
user32,31/07/2024,152
user32,01/08/2024,215
user32,02/08/2024,182
user32,03/08/2024,157
user32,04/08/2024,286
user32,05/08/2024,280
user32,06/08/2024,291
user32,07/08/2024,184
user32,08/08/2024,189
user32,09/08/2024,227
user32,10/08/2024,302
user32,11/08/2024,296
user32,12/08/2024,182
user32,13/08/2024,286
user32,14/08/2024,203
user32,15/08/2024,229
user32,16/08/2024,225
user32,17/08/2024,98
user32,18/08/2024,244
user32,19/08/2024,247
user32,20/08/2024,360
user32,21/08/2024,247
user32,22/08/2024,297
user32,23/08/2024,200
user32,24/08/2024,180
user32,25/08/2024,232
user32,26/08/2024,182
user32,27/08/2024,281
user32,28/08/2024,320
user32,29/08/2024,411
user32,30/08/2024,204
user32,31/08/2024,46
user32,01/09/2024,296
user32,02/09/2024,337
user32,03/09/2024,133
user32,04/09/2024,210
user32,05/09/2024,300
user32,06/09/2024,413
user32,07/09/2024,267
user32,08/09/2024,251
user32,09/09/2024,313
user32,10/09/2024,129
user32,11/09/2024,51
user32,12/09/2024,158
user32,13/09/2024,188
user32,14/09/2024,217
user32,15/09/2024,139
user32,16/09/2024,326
user32,17/09/2024,181
user32,18/09/2024,157
user32,19/09/2024,194
user32,20/09/2024,360
user32,21/09/2024,175
user32,22/09/2024,242
user32,23/09/2024,162
user32,24/09/2024,423
user32,25/09/2024,193
user32,26/09/2024,206
user32,27/09/2024,264
user32,28/09/2024,163
user32,29/09/2024,292
user32,30/09/2024,68
user32,01/10/2024,224
user32,02/10/2024,150
user32,03/10/2024,205
user32,04/10/2024,211
user32,05/10/2024,161
user32,06/10/2024,111
user32,07/10/2024,162
user32,08/10/2024,312
user32,09/10/2024,89
user32,10/10/2024,182
user32,11/10/2024,121
user32,12/10/2024,223
user32,13/10/2024,178
user32,14/10/2024,255
user32,15/10/2024,300
user32,16/10/2024,273
user32,17/10/2024,285
user32,18/10/2024,239
user32,19/10/2024,199
user32,20/10/2024,221
user32,21/10/2024,224
user32,22/10/2024,95
user32,23/10/2024,212
user32,24/10/2024,222
user32,25/10/2024,254
user32,26/10/2024,216
user32,27/10/2024,259
user32,28/10/2024,180
user32,29/10/2024,169
user32,30/10/2024,250
user32,31/10/2024,215
user32,01/11/2024,300
user32,02/11/2024,263
user32,03/11/2024,176
user32,04/11/2024,217
user32,05/11/2024,206
user32,06/11/2024,229
user32,07/11/2024,211
user32,08/11/2024,227
user32,09/11/2024,181
user32,10/11/2024,188
user32,11/11/2024,235
user32,12/11/2024,384
user32,13/11/2024,276
user32,14/11/2024,171
user32,15/11/2024,276
user32,16/11/2024,210
user32,17/11/2024,238
user32,18/11/2024,108
user32,19/11/2024,202
user32,20/11/2024,190
user32,21/11/2024,193
user32,22/11/2024,302
user32,23/11/2024,323
user32,24/11/2024,172
user32,25/11/2024,322
user32,26/11/2024,179
user32,27/11/2024,151
user32,28/11/2024,310
user32,29/11/2024,193
user32,30/11/2024,380
user32,01/12/2024,175
user32,02/12/2024,106
user32,03/12/2024,293
user32,04/12/2024,470
user32,05/12/2024,125
user32,06/12/2024,352
user32,07/12/2024,161
user32,08/12/2024,178
user32,09/12/2024,203
user32,10/12/2024,84
user32,11/12/2024,266
user32,12/12/2024,64
user32,13/12/2024,112
user32,14/12/2024,232
user32,15/12/2024,259
user32,16/12/2024,251
user32,17/12/2024,157
user32,18/12/2024,255
user32,19/12/2024,119
user32,20/12/2024,149
user32,21/12/2024,365
user32,22/12/2024,169
user32,23/12/2024,124
user32,24/12/2024,346
user32,25/12/2024,222
user32,26/12/2024,219
user32,27/12/2024,268
user32,28/12/2024,218
user32,29/12/2024,135
user32,30/12/2024,195
user33,01/01/2024,42
user33,02/01/2024,134
user33,03/01/2024,157
user33,04/01/2024,320
user33,05/01/2024,279
user33,06/01/2024,116
user33,07/01/2024,128
user33,08/01/2024,81
user33,09/01/2024,155
user33,10/01/2024,149
user33,11/01/2024,73
user33,12/01/2024,159
user33,13/01/2024,57
user33,14/01/2024,107
user33,15/01/2024,297
user33,16/01/2024,126
user33,17/01/2024,174
user33,18/01/2024,121
user33,19/01/2024,136
user33,20/01/2024,178
user33,21/01/2024,159
user33,22/01/2024,106
user33,23/01/2024,124
user33,24/01/2024,126
user33,25/01/2024,105
user33,26/01/2024,233
user33,27/01/2024,147
user33,28/01/2024,140
user33,29/01/2024,18
user33,30/01/2024,367
user33,31/01/2024,193
user33,01/02/2024,202
user33,02/02/2024,158
user33,03/02/2024,92
user33,04/02/2024,131
user33,05/02/2024,99
user33,06/02/2024,183
user33,07/02/2024,235
user33,08/02/2024,135
user33,09/02/2024,359
user33,10/02/2024,74
user33,11/02/2024,239
user33,12/02/2024,250
user33,13/02/2024,181
user33,14/02/2024,173
user33,15/02/2024,261
user33,16/02/2024,222
user33,17/02/2024,164
user33,18/02/2024,64
user33,19/02/2024,206
user33,20/02/2024,71
user33,21/02/2024,222
user33,22/02/2024,140
user33,23/02/2024,173
user33,24/02/2024,134
user33,25/02/2024,278
user33,26/02/2024,145
user33,27/02/2024,25
user33,28/02/2024,146
user33,29/02/2024,146
user33,01/03/2024,78
user33,02/03/2024,184
user33,03/03/2024,320
user33,04/03/2024,106
user33,05/03/2024,148
user33,06/03/2024,0
user33,07/03/2024,0
user33,08/03/2024,123
user33,09/03/2024,125
user33,10/03/2024,134
user33,11/03/2024,74
user33,12/03/2024,208
user33,13/03/2024,0
user33,14/03/2024,183
user33,15/03/2024,140
user33,16/03/2024,87
user33,17/03/2024,164
user33,18/03/2024,104
user33,19/03/2024,169
user33,20/03/2024,158
user33,21/03/2024,120
user33,22/03/2024,156
user33,23/03/2024,149
user33,24/03/2024,30
user33,25/03/2024,86
user33,26/03/2024,230
user33,27/03/2024,150
user33,28/03/2024,81
user33,29/03/2024,254
user33,30/03/2024,66
user33,31/03/2024,161
user33,01/04/2024,204
user33,02/04/2024,163
user33,03/04/2024,0
user33,04/04/2024,266
user33,05/04/2024,186
user33,06/04/2024,285
user33,07/04/2024,379
user33,08/04/2024,149
user33,09/04/2024,189
user33,10/04/2024,91
user33,11/04/2024,186
user33,12/04/2024,136
user33,13/04/2024,144
user33,14/04/2024,182
user33,15/04/2024,164
user33,16/04/2024,34
user33,17/04/2024,135
user33,18/04/2024,88
user33,19/04/2024,102
user33,20/04/2024,147
user33,21/04/2024,194
user33,22/04/2024,188
user33,23/04/2024,240
user33,24/04/2024,146
user33,25/04/2024,103
user33,26/04/2024,24
user33,27/04/2024,273
user33,28/04/2024,0
user33,29/04/2024,240
user33,30/04/2024,0
user33,01/05/2024,54
user33,02/05/2024,187
user33,03/05/2024,257
user33,04/05/2024,180
user33,05/05/2024,122
user33,06/05/2024,186
user33,07/05/2024,230
user33,08/05/2024,148
user33,09/05/2024,189
user33,10/05/2024,50
user33,11/05/2024,48
user33,12/05/2024,218
user33,13/05/2024,204
user33,14/05/2024,270
user33,15/05/2024,167
user33,16/05/2024,299
user33,17/05/2024,175
user33,18/05/2024,0
user33,19/05/2024,133
user33,20/05/2024,143
user33,21/05/2024,231
user33,22/05/2024,194
user33,23/05/2024,127
user33,24/05/2024,229
user33,25/05/2024,0
user33,26/05/2024,161
user33,27/05/2024,39
user33,28/05/2024,147
user33,29/05/2024,261
user33,30/05/2024,8
user33,31/05/2024,202
user33,01/06/2024,222
user33,02/06/2024,59
user33,03/06/2024,251
user33,04/06/2024,35
user33,05/06/2024,132
user33,06/06/2024,173
user33,07/06/2024,135
user33,08/06/2024,129
user33,09/06/2024,77
user33,10/06/2024,214
user33,11/06/2024,145
user33,12/06/2024,22
user33,13/06/2024,245
user33,14/06/2024,325
user33,15/06/2024,132
user33,16/06/2024,97
user33,17/06/2024,39
user33,18/06/2024,59
user33,19/06/2024,70
user33,20/06/2024,241
user33,21/06/2024,265
user33,22/06/2024,196
user33,23/06/2024,311
user33,24/06/2024,266
user33,25/06/2024,157
user33,26/06/2024,171
user33,27/06/2024,115
user33,28/06/2024,201
user33,29/06/2024,162
user33,30/06/2024,187
user33,01/07/2024,93
user33,02/07/2024,198
user33,03/07/2024,302
user33,04/07/2024,75
user33,05/07/2024,50
user33,06/07/2024,101
user33,07/07/2024,77
user33,08/07/2024,178
user33,09/07/2024,235
user33,10/07/2024,252
user33,11/07/2024,60
user33,12/07/2024,89
user33,13/07/2024,163
user33,14/07/2024,209
user33,15/07/2024,198
user33,16/07/2024,248
user33,17/07/2024,61
user33,18/07/2024,42
user33,19/07/2024,182
user33,20/07/2024,286
user33,21/07/2024,36
user33,22/07/2024,275
user33,23/07/2024,214
user33,24/07/2024,185
user33,25/07/2024,299
user33,26/07/2024,87
user33,27/07/2024,247
user33,28/07/2024,214
user33,29/07/2024,220
user33,30/07/2024,252
user33,31/07/2024,80
user33,01/08/2024,292
user33,02/08/2024,209
user33,03/08/2024,170
user33,04/08/2024,129
user33,05/08/2024,102
user33,06/08/2024,266
user33,07/08/2024,127
user33,08/08/2024,209
user33,09/08/2024,0
user33,10/08/2024,141
user33,11/08/2024,172
user33,12/08/2024,167
user33,13/08/2024,137
user33,14/08/2024,255
user33,15/08/2024,171
user33,16/08/2024,79
user33,17/08/2024,141
user33,18/08/2024,143
user33,19/08/2024,191
user33,20/08/2024,8
user33,21/08/2024,113
user33,22/08/2024,256
user33,23/08/2024,246
user33,24/08/2024,158
user33,25/08/2024,46
user33,26/08/2024,324
user33,27/08/2024,130
user33,28/08/2024,151
user33,29/08/2024,208
user33,30/08/2024,167
user33,31/08/2024,28
user33,01/09/2024,239
user33,02/09/2024,39
user33,03/09/2024,235
user33,04/09/2024,165
user33,05/09/2024,95
user33,06/09/2024,190
user33,07/09/2024,210
user33,08/09/2024,125
user33,09/09/2024,0
user33,10/09/2024,29
user33,11/09/2024,123
user33,12/09/2024,228
user33,13/09/2024,193
user33,14/09/2024,89
user33,15/09/2024,269
user33,16/09/2024,148
user33,17/09/2024,124
user33,18/09/2024,124
user33,19/09/2024,164
user33,20/09/2024,117
user33,21/09/2024,200
user33,22/09/2024,111
user33,23/09/2024,94
user33,24/09/2024,245
user33,25/09/2024,147
user33,26/09/2024,48
user33,27/09/2024,396
user33,28/09/2024,136
user33,29/09/2024,105
user33,30/09/2024,221
user33,01/10/2024,146
user33,02/10/2024,83
user33,03/10/2024,107
user33,04/10/2024,182
user33,05/10/2024,109
user33,06/10/2024,169
user33,07/10/2024,201
user33,08/10/2024,137
user33,09/10/2024,172
user33,10/10/2024,372
user33,11/10/2024,208
user33,12/10/2024,80
user33,13/10/2024,97
user33,14/10/2024,76
user33,15/10/2024,168
user33,16/10/2024,184
user33,17/10/2024,58
user33,18/10/2024,209
user33,19/10/2024,28
user33,20/10/2024,188
user33,21/10/2024,141
user33,22/10/2024,14
user33,23/10/2024,232
user33,24/10/2024,97
user33,25/10/2024,130
user33,26/10/2024,45
user33,27/10/2024,175
user33,28/10/2024,168
user33,29/10/2024,13
user33,30/10/2024,208
user33,31/10/2024,231
user33,01/11/2024,144
user33,02/11/2024,279
user33,03/11/2024,153
user33,04/11/2024,149
user33,05/11/2024,45
user33,06/11/2024,225
user33,07/11/2024,156
user33,08/11/2024,134
user33,09/11/2024,47
user33,10/11/2024,215
user33,11/11/2024,108
user33,12/11/2024,127
user33,13/11/2024,189
user33,14/11/2024,7
user33,15/11/2024,136
user33,16/11/2024,127
user33,17/11/2024,191
user33,18/11/2024,123
user33,19/11/2024,185
user33,20/11/2024,147
user33,21/11/2024,0
user33,22/11/2024,128
user33,23/11/2024,139
user33,24/11/2024,110
user33,25/11/2024,150
user33,26/11/2024,142
user33,27/11/2024,122
user33,28/11/2024,220
user33,29/11/2024,145
user33,30/11/2024,352
user33,01/12/2024,150
user33,02/12/2024,93
user33,03/12/2024,140
user33,04/12/2024,84
user33,05/12/2024,258
user33,06/12/2024,38
user33,07/12/2024,189
user33,08/12/2024,137
user33,09/12/2024,224
user33,10/12/2024,244
user33,11/12/2024,72
user33,12/12/2024,28
user33,13/12/2024,185
user33,14/12/2024,215
user33,15/12/2024,190
user33,16/12/2024,115
user33,17/12/2024,181
user33,18/12/2024,201
user33,19/12/2024,180
user33,20/12/2024,249
user33,21/12/2024,233
user33,22/12/2024,248
user33,23/12/2024,132
user33,24/12/2024,72
user33,25/12/2024,195
user33,26/12/2024,194
user33,27/12/2024,192
user33,28/12/2024,258
user33,29/12/2024,251
user33,30/12/2024,123
user34,01/01/2024,238
user34,02/01/2024,0
user34,03/01/2024,166
user34,04/01/2024,260
user34,05/01/2024,126
user34,06/01/2024,99
user34,07/01/2024,94
user34,08/01/2024,164
user34,09/01/2024,122
user34,10/01/2024,168
user34,11/01/2024,164
user34,12/01/2024,98
user34,13/01/2024,69
user34,14/01/2024,110
user34,15/01/2024,227
user34,16/01/2024,137
user34,17/01/2024,150
user34,18/01/2024,156
user34,19/01/2024,328
user34,20/01/2024,182
user34,21/01/2024,255
user34,22/01/2024,121
user34,23/01/2024,71
user34,24/01/2024,0
user34,25/01/2024,81
user34,26/01/2024,36
user34,27/01/2024,173
user34,28/01/2024,101
user34,29/01/2024,199
user34,30/01/2024,116
user34,31/01/2024,154
user34,01/02/2024,46
user34,02/02/2024,120
user34,03/02/2024,48
user34,04/02/2024,166
user34,05/02/2024,209
user34,06/02/2024,58
user34,07/02/2024,0
user34,08/02/2024,121
user34,09/02/2024,183
user34,10/02/2024,57
user34,11/02/2024,12
user34,12/02/2024,62
user34,13/02/2024,91
user34,14/02/2024,236
user34,15/02/2024,183
user34,16/02/2024,48
user34,17/02/2024,276
user34,18/02/2024,25
user34,19/02/2024,112
user34,20/02/2024,113
user34,21/02/2024,164
user34,22/02/2024,131
user34,23/02/2024,92
user34,24/02/2024,138
user34,25/02/2024,197
user34,26/02/2024,83
user34,27/02/2024,163
user34,28/02/2024,84
user34,29/02/2024,106
user34,01/03/2024,67
user34,02/03/2024,89
user34,03/03/2024,267
user34,04/03/2024,39
user34,05/03/2024,111
user34,06/03/2024,126
user34,07/03/2024,177
user34,08/03/2024,55
user34,09/03/2024,66
user34,10/03/2024,130
user34,11/03/2024,191
user34,12/03/2024,0
user34,13/03/2024,95
user34,14/03/2024,196
user34,15/03/2024,29
user34,16/03/2024,22
user34,17/03/2024,257
user34,18/03/2024,59
user34,19/03/2024,0
user34,20/03/2024,69
user34,21/03/2024,7
user34,22/03/2024,0
user34,23/03/2024,174
user34,24/03/2024,162
user34,25/03/2024,75
user34,26/03/2024,39
user34,27/03/2024,119
user34,28/03/2024,164
user34,29/03/2024,162
user34,30/03/2024,214
user34,31/03/2024,216
user34,01/04/2024,63
user34,02/04/2024,82
user34,03/04/2024,134
user34,04/04/2024,120
user34,05/04/2024,0
user34,06/04/2024,256
user34,07/04/2024,228
user34,08/04/2024,26
user34,09/04/2024,149
user34,10/04/2024,278
user34,11/04/2024,218
user34,12/04/2024,262
user34,13/04/2024,18
user34,14/04/2024,147
user34,15/04/2024,153
user34,16/04/2024,125
user34,17/04/2024,0
user34,18/04/2024,221
user34,19/04/2024,109
user34,20/04/2024,148
user34,21/04/2024,134
user34,22/04/2024,192
user34,23/04/2024,180
user34,24/04/2024,100
user34,25/04/2024,105
user34,26/04/2024,143
user34,27/04/2024,265
user34,28/04/2024,120
user34,29/04/2024,72
user34,30/04/2024,207
user34,01/05/2024,219
user34,02/05/2024,0
user34,03/05/2024,177
user34,04/05/2024,47
user34,05/05/2024,8
user34,06/05/2024,155
user34,07/05/2024,151
user34,08/05/2024,44
user34,09/05/2024,3
user34,10/05/2024,102
user34,11/05/2024,188
user34,12/05/2024,139
user34,13/05/2024,275
user34,14/05/2024,52
user34,15/05/2024,155
user34,16/05/2024,135
user34,17/05/2024,194
user34,18/05/2024,261
user34,19/05/2024,63
user34,20/05/2024,276
user34,21/05/2024,176
user34,22/05/2024,99
user34,23/05/2024,224
user34,24/05/2024,185
user34,25/05/2024,120
user34,26/05/2024,148
user34,27/05/2024,70
user34,28/05/2024,39
user34,29/05/2024,260
user34,30/05/2024,49
user34,31/05/2024,0
user34,01/06/2024,234
user34,02/06/2024,213
user34,03/06/2024,193
user34,04/06/2024,148
user34,05/06/2024,242
user34,06/06/2024,119
user34,07/06/2024,131
user34,08/06/2024,156
user34,09/06/2024,99
user34,10/06/2024,73
user34,11/06/2024,143
user34,12/06/2024,199
user34,13/06/2024,185
user34,14/06/2024,140
user34,15/06/2024,163
user34,16/06/2024,172
user34,17/06/2024,21
user34,18/06/2024,89
user34,19/06/2024,242
user34,20/06/2024,25
user34,21/06/2024,155
user34,22/06/2024,145
user34,23/06/2024,85
user34,24/06/2024,138
user34,25/06/2024,0
user34,26/06/2024,181
user34,27/06/2024,29
user34,28/06/2024,67
user34,29/06/2024,184
user34,30/06/2024,141
user34,01/07/2024,0
user34,02/07/2024,56
user34,03/07/2024,164
user34,04/07/2024,188
user34,05/07/2024,121
user34,06/07/2024,0
user34,07/07/2024,85
user34,08/07/2024,247
user34,09/07/2024,56
user34,10/07/2024,257
user34,11/07/2024,181
user34,12/07/2024,69
user34,13/07/2024,282
user34,14/07/2024,129
user34,15/07/2024,116
user34,16/07/2024,236
user34,17/07/2024,185
user34,18/07/2024,0
user34,19/07/2024,55
user34,20/07/2024,147
user34,21/07/2024,54
user34,22/07/2024,271
user34,23/07/2024,13
user34,24/07/2024,0
user34,25/07/2024,28
user34,26/07/2024,20
user34,27/07/2024,175
user34,28/07/2024,232
user34,29/07/2024,126
user34,30/07/2024,171
user34,31/07/2024,220
user34,01/08/2024,142
user34,02/08/2024,207
user34,03/08/2024,209
user34,04/08/2024,201
user34,05/08/2024,129
user34,06/08/2024,21
user34,07/08/2024,131
user34,08/08/2024,356
user34,09/08/2024,33
user34,10/08/2024,162
user34,11/08/2024,275
user34,12/08/2024,56
user34,13/08/2024,35
user34,14/08/2024,96
user34,15/08/2024,233
user34,16/08/2024,45
user34,17/08/2024,58
user34,18/08/2024,166
user34,19/08/2024,40
user34,20/08/2024,0
user34,21/08/2024,195
user34,22/08/2024,96
user34,23/08/2024,40
user34,24/08/2024,101
user34,25/08/2024,107
user34,26/08/2024,87
user34,27/08/2024,0
user34,28/08/2024,226
user34,29/08/2024,202
user34,30/08/2024,112
user34,31/08/2024,169
user34,01/09/2024,0
user34,02/09/2024,0
user34,03/09/2024,254
user34,04/09/2024,98
user34,05/09/2024,112
user34,06/09/2024,0
user34,07/09/2024,13
user34,08/09/2024,288
user34,09/09/2024,60
user34,10/09/2024,64
user34,11/09/2024,28
user34,12/09/2024,174
user34,13/09/2024,0
user34,14/09/2024,61
user34,15/09/2024,86
user34,16/09/2024,84
user34,17/09/2024,83
user34,18/09/2024,121
user34,19/09/2024,218
user34,20/09/2024,255
user34,21/09/2024,160
user34,22/09/2024,295
user34,23/09/2024,77
user34,24/09/2024,0
user34,25/09/2024,102
user34,26/09/2024,171
user34,27/09/2024,63
user34,28/09/2024,54
user34,29/09/2024,34
user34,30/09/2024,192
user34,01/10/2024,136
user34,02/10/2024,66
user34,03/10/2024,157
user34,04/10/2024,32
user34,05/10/2024,215
user34,06/10/2024,78
user34,07/10/2024,196
user34,08/10/2024,144
user34,09/10/2024,145
user34,10/10/2024,58
user34,11/10/2024,249
user34,12/10/2024,224
user34,13/10/2024,113
user34,14/10/2024,126
user34,15/10/2024,83
user34,16/10/2024,82
user34,17/10/2024,87
user34,18/10/2024,181
user34,19/10/2024,48
user34,20/10/2024,82
user34,21/10/2024,146
user34,22/10/2024,151
user34,23/10/2024,98
user34,24/10/2024,256
user34,25/10/2024,91
user34,26/10/2024,88
user34,27/10/2024,91
user34,28/10/2024,142
user34,29/10/2024,136
user34,30/10/2024,183
user34,31/10/2024,156
user34,01/11/2024,0
user34,02/11/2024,120
user34,03/11/2024,112
user34,04/11/2024,150
user34,05/11/2024,113
user34,06/11/2024,128
user34,07/11/2024,255
user34,08/11/2024,99
user34,09/11/2024,35
user34,10/11/2024,84
user34,11/11/2024,170
user34,12/11/2024,184
user34,13/11/2024,137
user34,14/11/2024,1
user34,15/11/2024,126
user34,16/11/2024,122
user34,17/11/2024,259
user34,18/11/2024,136
user34,19/11/2024,114
user34,20/11/2024,221
user34,21/11/2024,101
user34,22/11/2024,21
user34,23/11/2024,103
user34,24/11/2024,69
user34,25/11/2024,275
user34,26/11/2024,22
user34,27/11/2024,19
user34,28/11/2024,228
user34,29/11/2024,159
user34,30/11/2024,178
user34,01/12/2024,117
user34,02/12/2024,189
user34,03/12/2024,163
user34,04/12/2024,22
user34,05/12/2024,160
user34,06/12/2024,127
user34,07/12/2024,184
user34,08/12/2024,14
user34,09/12/2024,129
user34,10/12/2024,108
user34,11/12/2024,44
user34,12/12/2024,33
user34,13/12/2024,0
user34,14/12/2024,0
user34,15/12/2024,213
user34,16/12/2024,144
user34,17/12/2024,108
user34,18/12/2024,176
user34,19/12/2024,0
user34,20/12/2024,45
user34,21/12/2024,191
user34,22/12/2024,201
user34,23/12/2024,209
user34,24/12/2024,68
user34,25/12/2024,158
user34,26/12/2024,0
user34,27/12/2024,75
user34,28/12/2024,140
user34,29/12/2024,174
user34,30/12/2024,274
user35,01/01/2024,204
user35,02/01/2024,379
user35,03/01/2024,229
user35,04/01/2024,310
user35,05/01/2024,278
user35,06/01/2024,313
user35,07/01/2024,265
user35,08/01/2024,215
user35,09/01/2024,352
user35,10/01/2024,202
user35,11/01/2024,271
user35,12/01/2024,367
user35,13/01/2024,313
user35,14/01/2024,364
user35,15/01/2024,352
user35,16/01/2024,425
user35,17/01/2024,298
user35,18/01/2024,176
user35,19/01/2024,338
user35,20/01/2024,310
user35,21/01/2024,125
user35,22/01/2024,421
user35,23/01/2024,209
user35,24/01/2024,178
user35,25/01/2024,121
user35,26/01/2024,225
user35,27/01/2024,394
user35,28/01/2024,334
user35,29/01/2024,224
user35,30/01/2024,287
user35,31/01/2024,207
user35,01/02/2024,291
user35,02/02/2024,284
user35,03/02/2024,340
user35,04/02/2024,224
user35,05/02/2024,295
user35,06/02/2024,196
user35,07/02/2024,261
user35,08/02/2024,244
user35,09/02/2024,270
user35,10/02/2024,380
user35,11/02/2024,221
user35,12/02/2024,266
user35,13/02/2024,397
user35,14/02/2024,211
user35,15/02/2024,329
user35,16/02/2024,172
user35,17/02/2024,145
user35,18/02/2024,255
user35,19/02/2024,280
user35,20/02/2024,298
user35,21/02/2024,301
user35,22/02/2024,304
user35,23/02/2024,355
user35,24/02/2024,255
user35,25/02/2024,355
user35,26/02/2024,268
user35,27/02/2024,274
user35,28/02/2024,198
user35,29/02/2024,404
user35,01/03/2024,227
user35,02/03/2024,261
user35,03/03/2024,340
user35,04/03/2024,304
user35,05/03/2024,214
user35,06/03/2024,113
user35,07/03/2024,186
user35,08/03/2024,226
user35,09/03/2024,348
user35,10/03/2024,141
user35,11/03/2024,266
user35,12/03/2024,145
user35,13/03/2024,386
user35,14/03/2024,235
user35,15/03/2024,393
user35,16/03/2024,109
user35,17/03/2024,243
user35,18/03/2024,277
user35,19/03/2024,225
user35,20/03/2024,233
user35,21/03/2024,34
user35,22/03/2024,263
user35,23/03/2024,131
user35,24/03/2024,245
user35,25/03/2024,312
user35,26/03/2024,302
user35,27/03/2024,365
user35,28/03/2024,120
user35,29/03/2024,254
user35,30/03/2024,254
user35,31/03/2024,250
user35,01/04/2024,188
user35,02/04/2024,223
user35,03/04/2024,392
user35,04/04/2024,394
user35,05/04/2024,351
user35,06/04/2024,226
user35,07/04/2024,282
user35,08/04/2024,234
user35,09/04/2024,359
user35,10/04/2024,293
user35,11/04/2024,169
user35,12/04/2024,334
user35,13/04/2024,295
user35,14/04/2024,117
user35,15/04/2024,273
user35,16/04/2024,292
user35,17/04/2024,236
user35,18/04/2024,226
user35,19/04/2024,326
user35,20/04/2024,296
user35,21/04/2024,289
user35,22/04/2024,323
user35,23/04/2024,341
user35,24/04/2024,249
user35,25/04/2024,200
user35,26/04/2024,196
user35,27/04/2024,355
user35,28/04/2024,317
user35,29/04/2024,211
user35,30/04/2024,307
user35,01/05/2024,221
user35,02/05/2024,211
user35,03/05/2024,254
user35,04/05/2024,281
user35,05/05/2024,412
user35,06/05/2024,206
user35,07/05/2024,374
user35,08/05/2024,363
user35,09/05/2024,172
user35,10/05/2024,199
user35,11/05/2024,231
user35,12/05/2024,221
user35,13/05/2024,418
user35,14/05/2024,311
user35,15/05/2024,361
user35,16/05/2024,279
user35,17/05/2024,53
user35,18/05/2024,394
user35,19/05/2024,244
user35,20/05/2024,280
user35,21/05/2024,303
user35,22/05/2024,275
user35,23/05/2024,154
user35,24/05/2024,296
user35,25/05/2024,209
user35,26/05/2024,368
user35,27/05/2024,229
user35,28/05/2024,210
user35,29/05/2024,318
user35,30/05/2024,257
user35,31/05/2024,273
user35,01/06/2024,212
user35,02/06/2024,190
user35,03/06/2024,295
user35,04/06/2024,298
user35,05/06/2024,255
user35,06/06/2024,146
user35,07/06/2024,210
user35,08/06/2024,250
user35,09/06/2024,214
user35,10/06/2024,143
user35,11/06/2024,192
user35,12/06/2024,195
user35,13/06/2024,327
user35,14/06/2024,122
user35,15/06/2024,227
user35,16/06/2024,238
user35,17/06/2024,356
user35,18/06/2024,255
user35,19/06/2024,218
user35,20/06/2024,309
user35,21/06/2024,235
user35,22/06/2024,244
user35,23/06/2024,353
user35,24/06/2024,349
user35,25/06/2024,348
user35,26/06/2024,297
user35,27/06/2024,273
user35,28/06/2024,281
user35,29/06/2024,226
user35,30/06/2024,251
user35,01/07/2024,379
user35,02/07/2024,312
user35,03/07/2024,367
user35,04/07/2024,283
user35,05/07/2024,324
user35,06/07/2024,216
user35,07/07/2024,293
user35,08/07/2024,228
user35,09/07/2024,310
user35,10/07/2024,231
user35,11/07/2024,200
user35,12/07/2024,180
user35,13/07/2024,313
user35,14/07/2024,341
user35,15/07/2024,403
user35,16/07/2024,298
user35,17/07/2024,206
user35,18/07/2024,204
user35,19/07/2024,189
user35,20/07/2024,262
user35,21/07/2024,230
user35,22/07/2024,164
user35,23/07/2024,174
user35,24/07/2024,232
user35,25/07/2024,182
user35,26/07/2024,287
user35,27/07/2024,175
user35,28/07/2024,247
user35,29/07/2024,392
user35,30/07/2024,193
user35,31/07/2024,360
user35,01/08/2024,274
user35,02/08/2024,251
user35,03/08/2024,328
user35,04/08/2024,212
user35,05/08/2024,243
user35,06/08/2024,186
user35,07/08/2024,308
user35,08/08/2024,182
user35,09/08/2024,312
user35,10/08/2024,279
user35,11/08/2024,326
user35,12/08/2024,307
user35,13/08/2024,402
user35,14/08/2024,123
user35,15/08/2024,196
user35,16/08/2024,318
user35,17/08/2024,273
user35,18/08/2024,354
user35,19/08/2024,280
user35,20/08/2024,206
user35,21/08/2024,222
user35,22/08/2024,185
user35,23/08/2024,334
user35,24/08/2024,209
user35,25/08/2024,215
user35,26/08/2024,275
user35,27/08/2024,98
user35,28/08/2024,144
user35,29/08/2024,182
user35,30/08/2024,231
user35,31/08/2024,298
user35,01/09/2024,274
user35,02/09/2024,286
user35,03/09/2024,273
user35,04/09/2024,326
user35,05/09/2024,337
user35,06/09/2024,176
user35,07/09/2024,236
user35,08/09/2024,90
user35,09/09/2024,292
user35,10/09/2024,361
user35,11/09/2024,302
user35,12/09/2024,280
user35,13/09/2024,208
user35,14/09/2024,224
user35,15/09/2024,207
user35,16/09/2024,291
user35,17/09/2024,303
user35,18/09/2024,206
user35,19/09/2024,245
user35,20/09/2024,275
user35,21/09/2024,151
user35,22/09/2024,262
user35,23/09/2024,294
user35,24/09/2024,205
user35,25/09/2024,136
user35,26/09/2024,75
user35,27/09/2024,347
user35,28/09/2024,166
user35,29/09/2024,145
user35,30/09/2024,291
user35,01/10/2024,136
user35,02/10/2024,246
user35,03/10/2024,190
user35,04/10/2024,242
user35,05/10/2024,282
user35,06/10/2024,312
user35,07/10/2024,184
user35,08/10/2024,416
user35,09/10/2024,303
user35,10/10/2024,256
user35,11/10/2024,374
user35,12/10/2024,311
user35,13/10/2024,183
user35,14/10/2024,140
user35,15/10/2024,381
user35,16/10/2024,246
user35,17/10/2024,176
user35,18/10/2024,225
user35,19/10/2024,201
user35,20/10/2024,303
user35,21/10/2024,277
user35,22/10/2024,242
user35,23/10/2024,382
user35,24/10/2024,278
user35,25/10/2024,257
user35,26/10/2024,90
user35,27/10/2024,255
user35,28/10/2024,382
user35,29/10/2024,422
user35,30/10/2024,283
user35,31/10/2024,75
user35,01/11/2024,266
user35,02/11/2024,297
user35,03/11/2024,375
user35,04/11/2024,248
user35,05/11/2024,315
user35,06/11/2024,392
user35,07/11/2024,134
user35,08/11/2024,242
user35,09/11/2024,191
user35,10/11/2024,245
user35,11/11/2024,249
user35,12/11/2024,314
user35,13/11/2024,277
user35,14/11/2024,268
user35,15/11/2024,350
user35,16/11/2024,164
user35,17/11/2024,208
user35,18/11/2024,274
user35,19/11/2024,194
user35,20/11/2024,272
user35,21/11/2024,262
user35,22/11/2024,190
user35,23/11/2024,191
user35,24/11/2024,257
user35,25/11/2024,75
user35,26/11/2024,486
user35,27/11/2024,304
user35,28/11/2024,334
user35,29/11/2024,319
user35,30/11/2024,203
user35,01/12/2024,281
user35,02/12/2024,315
user35,03/12/2024,283
user35,04/12/2024,304
user35,05/12/2024,309
user35,06/12/2024,154
user35,07/12/2024,474
user35,08/12/2024,255
user35,09/12/2024,180
user35,10/12/2024,335
user35,11/12/2024,258
user35,12/12/2024,128
user35,13/12/2024,447
user35,14/12/2024,202
user35,15/12/2024,281
user35,16/12/2024,283
user35,17/12/2024,194
user35,18/12/2024,304
user35,19/12/2024,389
user35,20/12/2024,346
user35,21/12/2024,196
user35,22/12/2024,367
user35,23/12/2024,194
user35,24/12/2024,133
user35,25/12/2024,191
user35,26/12/2024,310
user35,27/12/2024,231
user35,28/12/2024,320
user35,29/12/2024,200
user35,30/12/2024,289
user36,01/01/2024,226
user36,02/01/2024,263
user36,03/01/2024,199
user36,04/01/2024,277
user36,05/01/2024,107
user36,06/01/2024,128
user36,07/01/2024,252
user36,08/01/2024,265
user36,09/01/2024,210
user36,10/01/2024,258
user36,11/01/2024,219
user36,12/01/2024,378
user36,13/01/2024,180
user36,14/01/2024,163
user36,15/01/2024,268
user36,16/01/2024,38
user36,17/01/2024,262
user36,18/01/2024,226
user36,19/01/2024,158
user36,20/01/2024,198
user36,21/01/2024,162
user36,22/01/2024,129
user36,23/01/2024,308
user36,24/01/2024,240
user36,25/01/2024,223
user36,26/01/2024,193
user36,27/01/2024,302
user36,28/01/2024,142
user36,29/01/2024,383
user36,30/01/2024,189
user36,31/01/2024,344
user36,01/02/2024,183
user36,02/02/2024,341
user36,03/02/2024,266
user36,04/02/2024,191
user36,05/02/2024,267
user36,06/02/2024,309
user36,07/02/2024,167
user36,08/02/2024,157
user36,09/02/2024,246
user36,10/02/2024,314
user36,11/02/2024,244
user36,12/02/2024,130
user36,13/02/2024,377
user36,14/02/2024,180
user36,15/02/2024,187
user36,16/02/2024,304
user36,17/02/2024,114
user36,18/02/2024,24
user36,19/02/2024,122
user36,20/02/2024,131
user36,21/02/2024,103
user36,22/02/2024,243
user36,23/02/2024,473
user36,24/02/2024,126
user36,25/02/2024,168
user36,26/02/2024,283
user36,27/02/2024,250
user36,28/02/2024,329
user36,29/02/2024,286
user36,01/03/2024,275
user36,02/03/2024,284
user36,03/03/2024,169
user36,04/03/2024,110
user36,05/03/2024,193
user36,06/03/2024,328
user36,07/03/2024,436
user36,08/03/2024,224
user36,09/03/2024,64
user36,10/03/2024,177
user36,11/03/2024,262
user36,12/03/2024,356
user36,13/03/2024,303
user36,14/03/2024,257
user36,15/03/2024,254
user36,16/03/2024,71
user36,17/03/2024,364
user36,18/03/2024,193
user36,19/03/2024,200
user36,20/03/2024,219
user36,21/03/2024,14
user36,22/03/2024,188
user36,23/03/2024,186
user36,24/03/2024,167
user36,25/03/2024,190
user36,26/03/2024,172
user36,27/03/2024,194
user36,28/03/2024,336
user36,29/03/2024,231
user36,30/03/2024,400
user36,31/03/2024,245
user36,01/04/2024,324
user36,02/04/2024,196
user36,03/04/2024,101
user36,04/04/2024,131
user36,05/04/2024,162
user36,06/04/2024,254
user36,07/04/2024,148
user36,08/04/2024,277
user36,09/04/2024,273
user36,10/04/2024,229
user36,11/04/2024,194
user36,12/04/2024,215
user36,13/04/2024,279
user36,14/04/2024,150
user36,15/04/2024,257
user36,16/04/2024,265
user36,17/04/2024,95
user36,18/04/2024,29
user36,19/04/2024,181
user36,20/04/2024,163
user36,21/04/2024,257
user36,22/04/2024,171
user36,23/04/2024,215
user36,24/04/2024,268
user36,25/04/2024,151
user36,26/04/2024,219
user36,27/04/2024,163
user36,28/04/2024,226
user36,29/04/2024,196
user36,30/04/2024,221
user36,01/05/2024,204
user36,02/05/2024,126
user36,03/05/2024,201
user36,04/05/2024,160
user36,05/05/2024,110
user36,06/05/2024,353
user36,07/05/2024,54
user36,08/05/2024,148
user36,09/05/2024,398
user36,10/05/2024,111
user36,11/05/2024,320
user36,12/05/2024,195
user36,13/05/2024,152
user36,14/05/2024,217
user36,15/05/2024,260
user36,16/05/2024,172
user36,17/05/2024,224
user36,18/05/2024,185
user36,19/05/2024,218
user36,20/05/2024,225
user36,21/05/2024,121
user36,22/05/2024,242
user36,23/05/2024,170
user36,24/05/2024,98
user36,25/05/2024,316
user36,26/05/2024,111
user36,27/05/2024,220
user36,28/05/2024,281
user36,29/05/2024,200
user36,30/05/2024,211
user36,31/05/2024,347
user36,01/06/2024,231
user36,02/06/2024,177
user36,03/06/2024,183
user36,04/06/2024,175
user36,05/06/2024,27
user36,06/06/2024,164
user36,07/06/2024,0
user36,08/06/2024,202
user36,09/06/2024,149
user36,10/06/2024,194
user36,11/06/2024,156
user36,12/06/2024,186
user36,13/06/2024,31
user36,14/06/2024,242
user36,15/06/2024,244
user36,16/06/2024,295
user36,17/06/2024,119
user36,18/06/2024,200
user36,19/06/2024,151
user36,20/06/2024,190
user36,21/06/2024,167
user36,22/06/2024,212
user36,23/06/2024,246
user36,24/06/2024,322
user36,25/06/2024,103
user36,26/06/2024,231
user36,27/06/2024,184
user36,28/06/2024,176
user36,29/06/2024,273
user36,30/06/2024,235
user36,01/07/2024,246
user36,02/07/2024,198
user36,03/07/2024,220
user36,04/07/2024,209
user36,05/07/2024,129
user36,06/07/2024,222
user36,07/07/2024,237
user36,08/07/2024,104
user36,09/07/2024,276
user36,10/07/2024,89
user36,11/07/2024,140
user36,12/07/2024,320
user36,13/07/2024,0
user36,14/07/2024,231
user36,15/07/2024,373
user36,16/07/2024,71
user36,17/07/2024,238
user36,18/07/2024,312
user36,19/07/2024,273
user36,20/07/2024,357
user36,21/07/2024,202
user36,22/07/2024,168
user36,23/07/2024,176
user36,24/07/2024,371
user36,25/07/2024,115
user36,26/07/2024,183
user36,27/07/2024,155
user36,28/07/2024,226
user36,29/07/2024,219
user36,30/07/2024,290
user36,31/07/2024,297
user36,01/08/2024,134
user36,02/08/2024,266
user36,03/08/2024,211
user36,04/08/2024,272
user36,05/08/2024,175
user36,06/08/2024,275
user36,07/08/2024,217
user36,08/08/2024,293
user36,09/08/2024,158
user36,10/08/2024,291
user36,11/08/2024,195
user36,12/08/2024,222
user36,13/08/2024,162
user36,14/08/2024,295
user36,15/08/2024,343
user36,16/08/2024,190
user36,17/08/2024,233
user36,18/08/2024,211
user36,19/08/2024,194
user36,20/08/2024,169
user36,21/08/2024,241
user36,22/08/2024,242
user36,23/08/2024,302
user36,24/08/2024,227
user36,25/08/2024,62
user36,26/08/2024,156
user36,27/08/2024,299
user36,28/08/2024,97
user36,29/08/2024,219
user36,30/08/2024,61
user36,31/08/2024,89
user36,01/09/2024,177
user36,02/09/2024,141
user36,03/09/2024,174
user36,04/09/2024,54
user36,05/09/2024,219
user36,06/09/2024,154
user36,07/09/2024,280
user36,08/09/2024,203
user36,09/09/2024,193
user36,10/09/2024,239
user36,11/09/2024,272
user36,12/09/2024,271
user36,13/09/2024,89
user36,14/09/2024,267
user36,15/09/2024,273
user36,16/09/2024,269
user36,17/09/2024,282
user36,18/09/2024,316
user36,19/09/2024,221
user36,20/09/2024,289
user36,21/09/2024,212
user36,22/09/2024,193
user36,23/09/2024,62
user36,24/09/2024,144
user36,25/09/2024,183
user36,26/09/2024,286
user36,27/09/2024,195
user36,28/09/2024,138
user36,29/09/2024,323
user36,30/09/2024,150
user36,01/10/2024,248
user36,02/10/2024,152
user36,03/10/2024,169
user36,04/10/2024,126
user36,05/10/2024,183
user36,06/10/2024,204
user36,07/10/2024,190
user36,08/10/2024,170
user36,09/10/2024,238
user36,10/10/2024,68
user36,11/10/2024,283
user36,12/10/2024,105
user36,13/10/2024,104
user36,14/10/2024,280
user36,15/10/2024,293
user36,16/10/2024,271
user36,17/10/2024,236
user36,18/10/2024,49
user36,19/10/2024,153
user36,20/10/2024,225
user36,21/10/2024,166
user36,22/10/2024,349
user36,23/10/2024,118
user36,24/10/2024,3
user36,25/10/2024,300
user36,26/10/2024,370
user36,27/10/2024,300
user36,28/10/2024,236
user36,29/10/2024,160
user36,30/10/2024,139
user36,31/10/2024,250
user36,01/11/2024,296
user36,02/11/2024,225
user36,03/11/2024,209
user36,04/11/2024,218
user36,05/11/2024,205
user36,06/11/2024,196
user36,07/11/2024,283
user36,08/11/2024,144
user36,09/11/2024,202
user36,10/11/2024,112
user36,11/11/2024,140
user36,12/11/2024,295
user36,13/11/2024,259
user36,14/11/2024,268
user36,15/11/2024,204
user36,16/11/2024,102
user36,17/11/2024,154
user36,18/11/2024,285
user36,19/11/2024,345
user36,20/11/2024,93
user36,21/11/2024,116
user36,22/11/2024,327
user36,23/11/2024,194
user36,24/11/2024,258
user36,25/11/2024,236
user36,26/11/2024,169
user36,27/11/2024,252
user36,28/11/2024,247
user36,29/11/2024,36
user36,30/11/2024,210
user36,01/12/2024,355
user36,02/12/2024,216
user36,03/12/2024,279
user36,04/12/2024,201
user36,05/12/2024,239
user36,06/12/2024,204
user36,07/12/2024,106
user36,08/12/2024,209
user36,09/12/2024,338
user36,10/12/2024,63
user36,11/12/2024,169
user36,12/12/2024,176
user36,13/12/2024,115
user36,14/12/2024,186
user36,15/12/2024,312
user36,16/12/2024,210
user36,17/12/2024,404
user36,18/12/2024,90
user36,19/12/2024,382
user36,20/12/2024,256
user36,21/12/2024,190
user36,22/12/2024,226
user36,23/12/2024,215
user36,24/12/2024,338
user36,25/12/2024,212
user36,26/12/2024,192
user36,27/12/2024,95
user36,28/12/2024,48
user36,29/12/2024,286
user36,30/12/2024,147
user37,01/01/2024,173
user37,02/01/2024,198
user37,03/01/2024,274
user37,04/01/2024,311
user37,05/01/2024,267
user37,06/01/2024,43
user37,07/01/2024,18
user37,08/01/2024,0
user37,09/01/2024,190
user37,10/01/2024,98
user37,11/01/2024,186
user37,12/01/2024,324
user37,13/01/2024,226
user37,14/01/2024,301
user37,15/01/2024,240
user37,16/01/2024,195
user37,17/01/2024,296
user37,18/01/2024,157
user37,19/01/2024,70
user37,20/01/2024,194
user37,21/01/2024,204
user37,22/01/2024,286
user37,23/01/2024,327
user37,24/01/2024,217
user37,25/01/2024,314
user37,26/01/2024,211
user37,27/01/2024,199
user37,28/01/2024,73
user37,29/01/2024,236
user37,30/01/2024,170
user37,31/01/2024,259
user37,01/02/2024,136
user37,02/02/2024,215
user37,03/02/2024,117
user37,04/02/2024,67
user37,05/02/2024,265
user37,06/02/2024,226
user37,07/02/2024,169
user37,08/02/2024,207
user37,09/02/2024,210
user37,10/02/2024,163
user37,11/02/2024,137
user37,12/02/2024,230
user37,13/02/2024,173
user37,14/02/2024,133
user37,15/02/2024,291
user37,16/02/2024,338
user37,17/02/2024,72
user37,18/02/2024,173
user37,19/02/2024,268
user37,20/02/2024,217
user37,21/02/2024,206
user37,22/02/2024,166
user37,23/02/2024,186
user37,24/02/2024,212
user37,25/02/2024,207
user37,26/02/2024,407
user37,27/02/2024,227
user37,28/02/2024,281
user37,29/02/2024,195
user37,01/03/2024,203
user37,02/03/2024,206
user37,03/03/2024,147
user37,04/03/2024,202
user37,05/03/2024,183
user37,06/03/2024,92
user37,07/03/2024,327
user37,08/03/2024,217
user37,09/03/2024,264
user37,10/03/2024,396
user37,11/03/2024,67
user37,12/03/2024,212
user37,13/03/2024,199
user37,14/03/2024,96
user37,15/03/2024,144
user37,16/03/2024,283
user37,17/03/2024,233
user37,18/03/2024,141
user37,19/03/2024,21
user37,20/03/2024,23
user37,21/03/2024,254
user37,22/03/2024,126
user37,23/03/2024,231
user37,24/03/2024,104
user37,25/03/2024,421
user37,26/03/2024,89
user37,27/03/2024,140
user37,28/03/2024,251
user37,29/03/2024,176
user37,30/03/2024,138
user37,31/03/2024,220
user37,01/04/2024,200
user37,02/04/2024,192
user37,03/04/2024,279
user37,04/04/2024,215
user37,05/04/2024,347
user37,06/04/2024,57
user37,07/04/2024,257
user37,08/04/2024,261
user37,09/04/2024,343
user37,10/04/2024,167
user37,11/04/2024,122
user37,12/04/2024,47
user37,13/04/2024,161
user37,14/04/2024,161
user37,15/04/2024,195
user37,16/04/2024,405
user37,17/04/2024,193
user37,18/04/2024,288
user37,19/04/2024,215
user37,20/04/2024,194
user37,21/04/2024,268
user37,22/04/2024,142
user37,23/04/2024,205
user37,24/04/2024,346
user37,25/04/2024,124
user37,26/04/2024,394
user37,27/04/2024,213
user37,28/04/2024,166
user37,29/04/2024,216
user37,30/04/2024,349
user37,01/05/2024,111
user37,02/05/2024,283
user37,03/05/2024,78
user37,04/05/2024,189
user37,05/05/2024,192
user37,06/05/2024,219
user37,07/05/2024,281
user37,08/05/2024,264
user37,09/05/2024,58
user37,10/05/2024,192
user37,11/05/2024,233
user37,12/05/2024,101
user37,13/05/2024,229
user37,14/05/2024,344
user37,15/05/2024,83
user37,16/05/2024,434
user37,17/05/2024,220
user37,18/05/2024,220
user37,19/05/2024,176
user37,20/05/2024,204
user37,21/05/2024,146
user37,22/05/2024,207
user37,23/05/2024,60
user37,24/05/2024,138
user37,25/05/2024,300
user37,26/05/2024,246
user37,27/05/2024,271
user37,28/05/2024,248
user37,29/05/2024,369
user37,30/05/2024,52
user37,31/05/2024,78
user37,01/06/2024,60
user37,02/06/2024,212
user37,03/06/2024,331
user37,04/06/2024,55
user37,05/06/2024,143
user37,06/06/2024,103
user37,07/06/2024,67
user37,08/06/2024,286
user37,09/06/2024,200
user37,10/06/2024,366
user37,11/06/2024,197
user37,12/06/2024,255
user37,13/06/2024,158
user37,14/06/2024,197
user37,15/06/2024,273
user37,16/06/2024,48
user37,17/06/2024,202
user37,18/06/2024,46
user37,19/06/2024,174
user37,20/06/2024,184
user37,21/06/2024,99
user37,22/06/2024,177
user37,23/06/2024,88
user37,24/06/2024,241
user37,25/06/2024,130
user37,26/06/2024,126
user37,27/06/2024,240
user37,28/06/2024,166
user37,29/06/2024,193
user37,30/06/2024,282
user37,01/07/2024,110
user37,02/07/2024,254
user37,03/07/2024,315
user37,04/07/2024,221
user37,05/07/2024,104
user37,06/07/2024,325
user37,07/07/2024,326
user37,08/07/2024,288
user37,09/07/2024,226
user37,10/07/2024,242
user37,11/07/2024,244
user37,12/07/2024,163
user37,13/07/2024,229
user37,14/07/2024,180
user37,15/07/2024,151
user37,16/07/2024,152
user37,17/07/2024,198
user37,18/07/2024,322
user37,19/07/2024,182
user37,20/07/2024,274
user37,21/07/2024,29
user37,22/07/2024,164
user37,23/07/2024,217
user37,24/07/2024,185
user37,25/07/2024,116
user37,26/07/2024,228
user37,27/07/2024,138
user37,28/07/2024,228
user37,29/07/2024,407
user37,30/07/2024,240
user37,31/07/2024,217
user37,01/08/2024,51
user37,02/08/2024,387
user37,03/08/2024,238
user37,04/08/2024,196
user37,05/08/2024,310
user37,06/08/2024,272
user37,07/08/2024,280
user37,08/08/2024,157
user37,09/08/2024,263
user37,10/08/2024,176
user37,11/08/2024,236
user37,12/08/2024,278
user37,13/08/2024,189
user37,14/08/2024,297
user37,15/08/2024,242
user37,16/08/2024,141
user37,17/08/2024,217
user37,18/08/2024,135
user37,19/08/2024,235
user37,20/08/2024,169
user37,21/08/2024,210
user37,22/08/2024,0
user37,23/08/2024,138
user37,24/08/2024,265
user37,25/08/2024,258
user37,26/08/2024,225
user37,27/08/2024,192
user37,28/08/2024,109
user37,29/08/2024,176
user37,30/08/2024,67
user37,31/08/2024,124
user37,01/09/2024,289
user37,02/09/2024,332
user37,03/09/2024,170
user37,04/09/2024,233
user37,05/09/2024,208
user37,06/09/2024,156
user37,07/09/2024,250
user37,08/09/2024,276
user37,09/09/2024,160
user37,10/09/2024,156
user37,11/09/2024,228
user37,12/09/2024,279
user37,13/09/2024,153
user37,14/09/2024,170
user37,15/09/2024,301
user37,16/09/2024,434
user37,17/09/2024,218
user37,18/09/2024,166
user37,19/09/2024,178
user37,20/09/2024,114
user37,21/09/2024,243
user37,22/09/2024,358
user37,23/09/2024,199
user37,24/09/2024,198
user37,25/09/2024,123
user37,26/09/2024,204
user37,27/09/2024,228
user37,28/09/2024,290
user37,29/09/2024,196
user37,30/09/2024,217
user37,01/10/2024,280
user37,02/10/2024,181
user37,03/10/2024,116
user37,04/10/2024,178
user37,05/10/2024,182
user37,06/10/2024,113
user37,07/10/2024,199
user37,08/10/2024,131
user37,09/10/2024,189
user37,10/10/2024,77
user37,11/10/2024,70
user37,12/10/2024,196
user37,13/10/2024,244
user37,14/10/2024,244
user37,15/10/2024,265
user37,16/10/2024,273
user37,17/10/2024,351
user37,18/10/2024,292
user37,19/10/2024,267
user37,20/10/2024,267
user37,21/10/2024,187
user37,22/10/2024,291
user37,23/10/2024,273
user37,24/10/2024,195
user37,25/10/2024,208
user37,26/10/2024,92
user37,27/10/2024,341
user37,28/10/2024,249
user37,29/10/2024,253
user37,30/10/2024,226
user37,31/10/2024,372
user37,01/11/2024,244
user37,02/11/2024,194
user37,03/11/2024,256
user37,04/11/2024,252
user37,05/11/2024,243
user37,06/11/2024,256
user37,07/11/2024,267
user37,08/11/2024,392
user37,09/11/2024,194
user37,10/11/2024,273
user37,11/11/2024,0
user37,12/11/2024,179
user37,13/11/2024,199
user37,14/11/2024,108
user37,15/11/2024,186
user37,16/11/2024,266
user37,17/11/2024,229
user37,18/11/2024,253
user37,19/11/2024,124
user37,20/11/2024,156
user37,21/11/2024,232
user37,22/11/2024,76
user37,23/11/2024,235
user37,24/11/2024,259
user37,25/11/2024,82
user37,26/11/2024,178
user37,27/11/2024,95
user37,28/11/2024,174
user37,29/11/2024,95
user37,30/11/2024,212
user37,01/12/2024,242
user37,02/12/2024,198
user37,03/12/2024,179
user37,04/12/2024,196
user37,05/12/2024,255
user37,06/12/2024,212
user37,07/12/2024,199
user37,08/12/2024,191
user37,09/12/2024,224
user37,10/12/2024,278
user37,11/12/2024,176
user37,12/12/2024,220
user37,13/12/2024,298
user37,14/12/2024,323
user37,15/12/2024,90
user37,16/12/2024,188
user37,17/12/2024,193
user37,18/12/2024,250
user37,19/12/2024,126
user37,20/12/2024,200
user37,21/12/2024,151
user37,22/12/2024,217
user37,23/12/2024,98
user37,24/12/2024,240
user37,25/12/2024,159
user37,26/12/2024,169
user37,27/12/2024,140
user37,28/12/2024,288
user37,29/12/2024,279
user37,30/12/2024,201
user38,01/01/2024,229
user38,02/01/2024,309
user38,03/01/2024,176
user38,04/01/2024,40
user38,05/01/2024,303
user38,06/01/2024,157
user38,07/01/2024,239
user38,08/01/2024,191
user38,09/01/2024,197
user38,10/01/2024,288
user38,11/01/2024,248
user38,12/01/2024,129
user38,13/01/2024,205
user38,14/01/2024,200
user38,15/01/2024,85
user38,16/01/2024,171
user38,17/01/2024,163
user38,18/01/2024,207
user38,19/01/2024,220
user38,20/01/2024,235
user38,21/01/2024,64
user38,22/01/2024,122
user38,23/01/2024,93
user38,24/01/2024,82
user38,25/01/2024,169
user38,26/01/2024,243
user38,27/01/2024,155
user38,28/01/2024,240
user38,29/01/2024,269
user38,30/01/2024,231
user38,31/01/2024,177
user38,01/02/2024,278
user38,02/02/2024,303
user38,03/02/2024,127
user38,04/02/2024,152
user38,05/02/2024,103
user38,06/02/2024,86
user38,07/02/2024,294
user38,08/02/2024,75
user38,09/02/2024,62
user38,10/02/2024,121
user38,11/02/2024,244
user38,12/02/2024,200
user38,13/02/2024,252
user38,14/02/2024,162
user38,15/02/2024,199
user38,16/02/2024,144
user38,17/02/2024,149
user38,18/02/2024,225
user38,19/02/2024,136
user38,20/02/2024,298
user38,21/02/2024,160
user38,22/02/2024,0
user38,23/02/2024,0
user38,24/02/2024,226
user38,25/02/2024,266
user38,26/02/2024,276
user38,27/02/2024,213
user38,28/02/2024,128
user38,29/02/2024,304
user38,01/03/2024,226
user38,02/03/2024,271
user38,03/03/2024,205
user38,04/03/2024,121
user38,05/03/2024,191
user38,06/03/2024,124
user38,07/03/2024,125
user38,08/03/2024,143
user38,09/03/2024,117
user38,10/03/2024,149
user38,11/03/2024,182
user38,12/03/2024,168
user38,13/03/2024,62
user38,14/03/2024,198
user38,15/03/2024,240
user38,16/03/2024,171
user38,17/03/2024,245
user38,18/03/2024,103
user38,19/03/2024,122
user38,20/03/2024,221
user38,21/03/2024,216
user38,22/03/2024,188
user38,23/03/2024,153
user38,24/03/2024,344
user38,25/03/2024,145
user38,26/03/2024,223
user38,27/03/2024,245
user38,28/03/2024,213
user38,29/03/2024,4
user38,30/03/2024,307
user38,31/03/2024,140
user38,01/04/2024,184
user38,02/04/2024,174
user38,03/04/2024,175
user38,04/04/2024,205
user38,05/04/2024,222
user38,06/04/2024,142
user38,07/04/2024,169
user38,08/04/2024,183
user38,09/04/2024,182
user38,10/04/2024,101
user38,11/04/2024,241
user38,12/04/2024,149
user38,13/04/2024,94
user38,14/04/2024,106
user38,15/04/2024,190
user38,16/04/2024,233
user38,17/04/2024,340
user38,18/04/2024,173
user38,19/04/2024,189
user38,20/04/2024,90
user38,21/04/2024,199
user38,22/04/2024,231
user38,23/04/2024,257
user38,24/04/2024,165
user38,25/04/2024,96
user38,26/04/2024,195
user38,27/04/2024,295
user38,28/04/2024,276
user38,29/04/2024,226
user38,30/04/2024,338
user38,01/05/2024,144
user38,02/05/2024,42
user38,03/05/2024,183
user38,04/05/2024,125
user38,05/05/2024,209
user38,06/05/2024,184
user38,07/05/2024,291
user38,08/05/2024,117
user38,09/05/2024,199
user38,10/05/2024,190
user38,11/05/2024,202
user38,12/05/2024,209
user38,13/05/2024,154
user38,14/05/2024,177
user38,15/05/2024,189
user38,16/05/2024,231
user38,17/05/2024,128
user38,18/05/2024,138
user38,19/05/2024,266
user38,20/05/2024,268
user38,21/05/2024,265
user38,22/05/2024,185
user38,23/05/2024,136
user38,24/05/2024,165
user38,25/05/2024,101
user38,26/05/2024,244
user38,27/05/2024,107
user38,28/05/2024,163
user38,29/05/2024,206
user38,30/05/2024,256
user38,31/05/2024,168
user38,01/06/2024,230
user38,02/06/2024,165
user38,03/06/2024,132
user38,04/06/2024,75
user38,05/06/2024,166
user38,06/06/2024,225
user38,07/06/2024,113
user38,08/06/2024,128
user38,09/06/2024,172
user38,10/06/2024,28
user38,11/06/2024,140
user38,12/06/2024,45
user38,13/06/2024,178
user38,14/06/2024,308
user38,15/06/2024,205
user38,16/06/2024,109
user38,17/06/2024,227
user38,18/06/2024,250
user38,19/06/2024,201
user38,20/06/2024,345
user38,21/06/2024,92
user38,22/06/2024,279
user38,23/06/2024,267
user38,24/06/2024,208
user38,25/06/2024,62
user38,26/06/2024,260
user38,27/06/2024,116
user38,28/06/2024,122
user38,29/06/2024,343
user38,30/06/2024,280
user38,01/07/2024,177
user38,02/07/2024,165
user38,03/07/2024,198
user38,04/07/2024,230
user38,05/07/2024,347
user38,06/07/2024,238
user38,07/07/2024,219
user38,08/07/2024,157
user38,09/07/2024,92
user38,10/07/2024,38
user38,11/07/2024,96
user38,12/07/2024,145
user38,13/07/2024,228
user38,14/07/2024,277
user38,15/07/2024,301
user38,16/07/2024,113
user38,17/07/2024,188
user38,18/07/2024,41
user38,19/07/2024,132
user38,20/07/2024,210
user38,21/07/2024,233
user38,22/07/2024,304
user38,23/07/2024,221
user38,24/07/2024,309
user38,25/07/2024,236
user38,26/07/2024,156
user38,27/07/2024,322
user38,28/07/2024,264
user38,29/07/2024,115
user38,30/07/2024,264
user38,31/07/2024,401
user38,01/08/2024,168
user38,02/08/2024,11
user38,03/08/2024,171
user38,04/08/2024,215
user38,05/08/2024,267
user38,06/08/2024,92
user38,07/08/2024,252
user38,08/08/2024,139
user38,09/08/2024,198
user38,10/08/2024,107
user38,11/08/2024,245
user38,12/08/2024,237
user38,13/08/2024,150
user38,14/08/2024,182
user38,15/08/2024,198
user38,16/08/2024,201
user38,17/08/2024,121
user38,18/08/2024,228
user38,19/08/2024,206
user38,20/08/2024,165
user38,21/08/2024,219
user38,22/08/2024,247
user38,23/08/2024,277
user38,24/08/2024,225
user38,25/08/2024,183
user38,26/08/2024,244
user38,27/08/2024,133
user38,28/08/2024,260
user38,29/08/2024,304
user38,30/08/2024,79
user38,31/08/2024,131
user38,01/09/2024,203
user38,02/09/2024,68
user38,03/09/2024,222
user38,04/09/2024,24
user38,05/09/2024,305
user38,06/09/2024,96
user38,07/09/2024,26
user38,08/09/2024,113
user38,09/09/2024,139
user38,10/09/2024,91
user38,11/09/2024,98
user38,12/09/2024,211
user38,13/09/2024,204
user38,14/09/2024,172
user38,15/09/2024,159
user38,16/09/2024,54
user38,17/09/2024,304
user38,18/09/2024,188
user38,19/09/2024,179
user38,20/09/2024,201
user38,21/09/2024,187
user38,22/09/2024,232
user38,23/09/2024,113
user38,24/09/2024,297
user38,25/09/2024,217
user38,26/09/2024,234
user38,27/09/2024,210
user38,28/09/2024,194
user38,29/09/2024,233
user38,30/09/2024,145
user38,01/10/2024,202
user38,02/10/2024,210
user38,03/10/2024,52
user38,04/10/2024,123
user38,05/10/2024,257
user38,06/10/2024,21
user38,07/10/2024,230
user38,08/10/2024,267
user38,09/10/2024,156
user38,10/10/2024,130
user38,11/10/2024,209
user38,12/10/2024,205
user38,13/10/2024,214
user38,14/10/2024,208
user38,15/10/2024,223
user38,16/10/2024,198
user38,17/10/2024,265
user38,18/10/2024,147
user38,19/10/2024,258
user38,20/10/2024,187
user38,21/10/2024,237
user38,22/10/2024,231
user38,23/10/2024,142
user38,24/10/2024,261
user38,25/10/2024,155
user38,26/10/2024,221
user38,27/10/2024,150
user38,28/10/2024,244
user38,29/10/2024,180
user38,30/10/2024,322
user38,31/10/2024,168
user38,01/11/2024,198
user38,02/11/2024,294
user38,03/11/2024,206
user38,04/11/2024,197
user38,05/11/2024,202
user38,06/11/2024,268
user38,07/11/2024,184
user38,08/11/2024,115
user38,09/11/2024,399
user38,10/11/2024,235
user38,11/11/2024,97
user38,12/11/2024,225
user38,13/11/2024,189
user38,14/11/2024,253
user38,15/11/2024,84
user38,16/11/2024,84
user38,17/11/2024,240
user38,18/11/2024,182
user38,19/11/2024,142
user38,20/11/2024,102
user38,21/11/2024,241
user38,22/11/2024,121
user38,23/11/2024,143
user38,24/11/2024,187
user38,25/11/2024,162
user38,26/11/2024,227
user38,27/11/2024,203
user38,28/11/2024,258
user38,29/11/2024,138
user38,30/11/2024,226
user38,01/12/2024,130
user38,02/12/2024,128
user38,03/12/2024,90
user38,04/12/2024,233
user38,05/12/2024,48
user38,06/12/2024,230
user38,07/12/2024,164
user38,08/12/2024,162
user38,09/12/2024,209
user38,10/12/2024,167
user38,11/12/2024,199
user38,12/12/2024,233
user38,13/12/2024,211
user38,14/12/2024,56
user38,15/12/2024,334
user38,16/12/2024,141
user38,17/12/2024,82
user38,18/12/2024,219
user38,19/12/2024,238
user38,20/12/2024,245
user38,21/12/2024,260
user38,22/12/2024,265
user38,23/12/2024,268
user38,24/12/2024,110
user38,25/12/2024,199
user38,26/12/2024,195
user38,27/12/2024,9
user38,28/12/2024,240
user38,29/12/2024,131
user38,30/12/2024,218
user39,01/01/2024,203
user39,02/01/2024,95
user39,03/01/2024,130
user39,04/01/2024,17
user39,05/01/2024,86
user39,06/01/2024,4
user39,07/01/2024,154
user39,08/01/2024,154
user39,09/01/2024,108
user39,10/01/2024,248
user39,11/01/2024,125
user39,12/01/2024,40
user39,13/01/2024,125
user39,14/01/2024,115
user39,15/01/2024,49
user39,16/01/2024,54
user39,17/01/2024,141
user39,18/01/2024,107
user39,19/01/2024,149
user39,20/01/2024,108
user39,21/01/2024,49
user39,22/01/2024,188
user39,23/01/2024,8
user39,24/01/2024,74
user39,25/01/2024,74
user39,26/01/2024,226
user39,27/01/2024,265
user39,28/01/2024,146
user39,29/01/2024,45
user39,30/01/2024,28
user39,31/01/2024,165
user39,01/02/2024,128
user39,02/02/2024,100
user39,03/02/2024,137
user39,04/02/2024,220
user39,05/02/2024,43
user39,06/02/2024,86
user39,07/02/2024,162
user39,08/02/2024,171
user39,09/02/2024,291
user39,10/02/2024,282
user39,11/02/2024,201
user39,12/02/2024,163
user39,13/02/2024,100
user39,14/02/2024,105
user39,15/02/2024,92
user39,16/02/2024,125
user39,17/02/2024,158
user39,18/02/2024,180
user39,19/02/2024,16
user39,20/02/2024,0
user39,21/02/2024,179
user39,22/02/2024,37
user39,23/02/2024,223
user39,24/02/2024,127
user39,25/02/2024,16
user39,26/02/2024,99
user39,27/02/2024,0
user39,28/02/2024,234
user39,29/02/2024,195
user39,01/03/2024,30
user39,02/03/2024,57
user39,03/03/2024,152
user39,04/03/2024,92
user39,05/03/2024,289
user39,06/03/2024,146
user39,07/03/2024,88
user39,08/03/2024,123
user39,09/03/2024,51
user39,10/03/2024,83
user39,11/03/2024,140
user39,12/03/2024,154
user39,13/03/2024,63
user39,14/03/2024,232
user39,15/03/2024,151
user39,16/03/2024,76
user39,17/03/2024,101
user39,18/03/2024,0
user39,19/03/2024,144
user39,20/03/2024,103
user39,21/03/2024,84
user39,22/03/2024,35
user39,23/03/2024,213
user39,24/03/2024,206
user39,25/03/2024,235
user39,26/03/2024,0
user39,27/03/2024,61
user39,28/03/2024,145
user39,29/03/2024,186
user39,30/03/2024,47
user39,31/03/2024,242
user39,01/04/2024,162
user39,02/04/2024,180
user39,03/04/2024,146
user39,04/04/2024,129
user39,05/04/2024,61
user39,06/04/2024,153
user39,07/04/2024,208
user39,08/04/2024,173
user39,09/04/2024,77
user39,10/04/2024,120
user39,11/04/2024,112
user39,12/04/2024,123
user39,13/04/2024,207
user39,14/04/2024,159
user39,15/04/2024,7
user39,16/04/2024,77
user39,17/04/2024,62
user39,18/04/2024,243
user39,19/04/2024,185
user39,20/04/2024,70
user39,21/04/2024,199
user39,22/04/2024,301
user39,23/04/2024,46
user39,24/04/2024,30
user39,25/04/2024,170
user39,26/04/2024,141
user39,27/04/2024,123
user39,28/04/2024,101
user39,29/04/2024,18
user39,30/04/2024,0
user39,01/05/2024,111
user39,02/05/2024,122
user39,03/05/2024,64
user39,04/05/2024,153
user39,05/05/2024,162
user39,06/05/2024,232
user39,07/05/2024,64
user39,08/05/2024,26
user39,09/05/2024,0
user39,10/05/2024,103
user39,11/05/2024,153
user39,12/05/2024,257
user39,13/05/2024,114
user39,14/05/2024,74
user39,15/05/2024,47
user39,16/05/2024,168
user39,17/05/2024,154
user39,18/05/2024,36
user39,19/05/2024,87
user39,20/05/2024,118
user39,21/05/2024,180
user39,22/05/2024,19
user39,23/05/2024,97
user39,24/05/2024,82
user39,25/05/2024,104
user39,26/05/2024,0
user39,27/05/2024,144
user39,28/05/2024,100
user39,29/05/2024,109
user39,30/05/2024,90
user39,31/05/2024,162
user39,01/06/2024,236
user39,02/06/2024,109
user39,03/06/2024,142
user39,04/06/2024,78
user39,05/06/2024,68
user39,06/06/2024,79
user39,07/06/2024,188
user39,08/06/2024,290
user39,09/06/2024,68
user39,10/06/2024,65
user39,11/06/2024,146
user39,12/06/2024,67
user39,13/06/2024,76
user39,14/06/2024,157
user39,15/06/2024,112
user39,16/06/2024,29
user39,17/06/2024,172
user39,18/06/2024,183
user39,19/06/2024,117
user39,20/06/2024,220
user39,21/06/2024,34
user39,22/06/2024,96
user39,23/06/2024,105
user39,24/06/2024,335
user39,25/06/2024,144
user39,26/06/2024,97
user39,27/06/2024,134
user39,28/06/2024,154
user39,29/06/2024,211
user39,30/06/2024,187
user39,01/07/2024,117
user39,02/07/2024,56
user39,03/07/2024,187
user39,04/07/2024,242
user39,05/07/2024,24
user39,06/07/2024,184
user39,07/07/2024,192
user39,08/07/2024,279
user39,09/07/2024,25
user39,10/07/2024,220
user39,11/07/2024,40
user39,12/07/2024,142
user39,13/07/2024,22
user39,14/07/2024,155
user39,15/07/2024,88
user39,16/07/2024,77
user39,17/07/2024,212
user39,18/07/2024,186
user39,19/07/2024,268
user39,20/07/2024,265
user39,21/07/2024,189
user39,22/07/2024,74
user39,23/07/2024,0
user39,24/07/2024,29
user39,25/07/2024,127
user39,26/07/2024,162
user39,27/07/2024,97
user39,28/07/2024,0
user39,29/07/2024,161
user39,30/07/2024,240
user39,31/07/2024,169
user39,01/08/2024,111
user39,02/08/2024,0
user39,03/08/2024,108
user39,04/08/2024,118
user39,05/08/2024,191
user39,06/08/2024,174
user39,07/08/2024,169
user39,08/08/2024,149
user39,09/08/2024,153
user39,10/08/2024,94
user39,11/08/2024,31
user39,12/08/2024,231
user39,13/08/2024,233
user39,14/08/2024,200
user39,15/08/2024,0
user39,16/08/2024,226
user39,17/08/2024,150
user39,18/08/2024,135
user39,19/08/2024,145
user39,20/08/2024,161
user39,21/08/2024,9
user39,22/08/2024,77
user39,23/08/2024,54
user39,24/08/2024,87
user39,25/08/2024,260
user39,26/08/2024,68
user39,27/08/2024,54
user39,28/08/2024,26
user39,29/08/2024,105
user39,30/08/2024,0
user39,31/08/2024,254
user39,01/09/2024,70
user39,02/09/2024,212
user39,03/09/2024,192
user39,04/09/2024,94
user39,05/09/2024,35
user39,06/09/2024,180
user39,07/09/2024,209
user39,08/09/2024,37
user39,09/09/2024,106
user39,10/09/2024,193
user39,11/09/2024,147
user39,12/09/2024,263
user39,13/09/2024,67
user39,14/09/2024,212
user39,15/09/2024,275
user39,16/09/2024,0
user39,17/09/2024,74
user39,18/09/2024,109
user39,19/09/2024,121
user39,20/09/2024,148
user39,21/09/2024,129
user39,22/09/2024,116
user39,23/09/2024,120
user39,24/09/2024,0
user39,25/09/2024,261
user39,26/09/2024,237
user39,27/09/2024,168
user39,28/09/2024,52
user39,29/09/2024,117
user39,30/09/2024,144
user39,01/10/2024,256
user39,02/10/2024,121
user39,03/10/2024,61
user39,04/10/2024,132
user39,05/10/2024,0
user39,06/10/2024,200
user39,07/10/2024,44
user39,08/10/2024,72
user39,09/10/2024,147
user39,10/10/2024,236
user39,11/10/2024,97
user39,12/10/2024,130
user39,13/10/2024,31
user39,14/10/2024,32
user39,15/10/2024,112
user39,16/10/2024,247
user39,17/10/2024,129
user39,18/10/2024,155
user39,19/10/2024,209
user39,20/10/2024,32
user39,21/10/2024,189
user39,22/10/2024,193
user39,23/10/2024,195
user39,24/10/2024,160
user39,25/10/2024,128
user39,26/10/2024,0
user39,27/10/2024,172
user39,28/10/2024,265
user39,29/10/2024,169
user39,30/10/2024,73
user39,31/10/2024,192
user39,01/11/2024,72
user39,02/11/2024,330
user39,03/11/2024,197
user39,04/11/2024,160
user39,05/11/2024,55
user39,06/11/2024,60
user39,07/11/2024,212
user39,08/11/2024,139
user39,09/11/2024,288
user39,10/11/2024,69
user39,11/11/2024,52
user39,12/11/2024,231
user39,13/11/2024,292
user39,14/11/2024,186
user39,15/11/2024,35
user39,16/11/2024,171
user39,17/11/2024,99
user39,18/11/2024,140
user39,19/11/2024,61
user39,20/11/2024,65
user39,21/11/2024,164
user39,22/11/2024,146
user39,23/11/2024,141
user39,24/11/2024,117
user39,25/11/2024,36
user39,26/11/2024,239
user39,27/11/2024,220
user39,28/11/2024,169
user39,29/11/2024,130
user39,30/11/2024,50
user39,01/12/2024,189
user39,02/12/2024,102
user39,03/12/2024,102
user39,04/12/2024,129
user39,05/12/2024,329
user39,06/12/2024,89
user39,07/12/2024,266
user39,08/12/2024,112
user39,09/12/2024,230
user39,10/12/2024,78
user39,11/12/2024,174
user39,12/12/2024,35
user39,13/12/2024,50
user39,14/12/2024,287
user39,15/12/2024,205
user39,16/12/2024,84
user39,17/12/2024,104
user39,18/12/2024,261
user39,19/12/2024,157
user39,20/12/2024,19
user39,21/12/2024,110
user39,22/12/2024,188
user39,23/12/2024,238
user39,24/12/2024,153
user39,25/12/2024,70
user39,26/12/2024,188
user39,27/12/2024,228
user39,28/12/2024,62
user39,29/12/2024,18
user39,30/12/2024,96
user40,01/01/2024,108
user40,02/01/2024,88
user40,03/01/2024,190
user40,04/01/2024,141
user40,05/01/2024,0
user40,06/01/2024,60
user40,07/01/2024,49
user40,08/01/2024,76
user40,09/01/2024,103
user40,10/01/2024,191
user40,11/01/2024,152
user40,12/01/2024,208
user40,13/01/2024,81
user40,14/01/2024,218
user40,15/01/2024,39
user40,16/01/2024,129
user40,17/01/2024,69
user40,18/01/2024,206
user40,19/01/2024,69
user40,20/01/2024,176
user40,21/01/2024,171
user40,22/01/2024,0
user40,23/01/2024,59
user40,24/01/2024,198
user40,25/01/2024,181
user40,26/01/2024,69
user40,27/01/2024,103
user40,28/01/2024,56
user40,29/01/2024,212
user40,30/01/2024,35
user40,31/01/2024,154
user40,01/02/2024,119
user40,02/02/2024,84
user40,03/02/2024,156
user40,04/02/2024,185
user40,05/02/2024,93
user40,06/02/2024,186
user40,07/02/2024,61
user40,08/02/2024,258
user40,09/02/2024,140
user40,10/02/2024,367
user40,11/02/2024,127
user40,12/02/2024,48
user40,13/02/2024,82
user40,14/02/2024,252
user40,15/02/2024,96
user40,16/02/2024,53
user40,17/02/2024,233
user40,18/02/2024,30
user40,19/02/2024,152
user40,20/02/2024,181
user40,21/02/2024,72
user40,22/02/2024,106
user40,23/02/2024,196
user40,24/02/2024,123
user40,25/02/2024,0
user40,26/02/2024,64
user40,27/02/2024,72
user40,28/02/2024,266
user40,29/02/2024,157
user40,01/03/2024,150
user40,02/03/2024,103
user40,03/03/2024,149
user40,04/03/2024,84
user40,05/03/2024,293
user40,06/03/2024,337
user40,07/03/2024,56
user40,08/03/2024,206
user40,09/03/2024,193
user40,10/03/2024,42
user40,11/03/2024,52
user40,12/03/2024,179
user40,13/03/2024,197
user40,14/03/2024,266
user40,15/03/2024,65
user40,16/03/2024,119
user40,17/03/2024,245
user40,18/03/2024,71
user40,19/03/2024,43
user40,20/03/2024,110
user40,21/03/2024,188
user40,22/03/2024,171
user40,23/03/2024,193
user40,24/03/2024,77
user40,25/03/2024,198
user40,26/03/2024,253
user40,27/03/2024,165
user40,28/03/2024,255
user40,29/03/2024,11
user40,30/03/2024,76
user40,31/03/2024,110
user40,01/04/2024,37
user40,02/04/2024,90
user40,03/04/2024,244
user40,04/04/2024,148
user40,05/04/2024,0
user40,06/04/2024,87
user40,07/04/2024,214
user40,08/04/2024,77
user40,09/04/2024,124
user40,10/04/2024,93
user40,11/04/2024,75
user40,12/04/2024,166
user40,13/04/2024,225
user40,14/04/2024,0
user40,15/04/2024,67
user40,16/04/2024,112
user40,17/04/2024,199
user40,18/04/2024,10
user40,19/04/2024,171
user40,20/04/2024,138
user40,21/04/2024,54
user40,22/04/2024,157
user40,23/04/2024,245
user40,24/04/2024,217
user40,25/04/2024,148
user40,26/04/2024,129
user40,27/04/2024,176
user40,28/04/2024,78
user40,29/04/2024,285
user40,30/04/2024,31
user40,01/05/2024,272
user40,02/05/2024,132
user40,03/05/2024,85
user40,04/05/2024,146
user40,05/05/2024,237
user40,06/05/2024,171
user40,07/05/2024,149
user40,08/05/2024,185
user40,09/05/2024,191
user40,10/05/2024,194
user40,11/05/2024,222
user40,12/05/2024,130
user40,13/05/2024,69
user40,14/05/2024,211
user40,15/05/2024,100
user40,16/05/2024,264
user40,17/05/2024,59
user40,18/05/2024,172
user40,19/05/2024,109
user40,20/05/2024,299
user40,21/05/2024,160
user40,22/05/2024,137
user40,23/05/2024,32
user40,24/05/2024,182
user40,25/05/2024,189
user40,26/05/2024,82
user40,27/05/2024,168
user40,28/05/2024,127
user40,29/05/2024,236
user40,30/05/2024,91
user40,31/05/2024,26
user40,01/06/2024,188
user40,02/06/2024,201
user40,03/06/2024,120
user40,04/06/2024,127
user40,05/06/2024,159
user40,06/06/2024,215
user40,07/06/2024,23
user40,08/06/2024,306
user40,09/06/2024,77
user40,10/06/2024,38
user40,11/06/2024,366
user40,12/06/2024,102
user40,13/06/2024,178
user40,14/06/2024,145
user40,15/06/2024,0
user40,16/06/2024,262
user40,17/06/2024,103
user40,18/06/2024,372
user40,19/06/2024,106
user40,20/06/2024,150
user40,21/06/2024,191
user40,22/06/2024,166
user40,23/06/2024,56
user40,24/06/2024,100
user40,25/06/2024,209
user40,26/06/2024,62
user40,27/06/2024,143
user40,28/06/2024,115
user40,29/06/2024,0
user40,30/06/2024,206
user40,01/07/2024,115
user40,02/07/2024,79
user40,03/07/2024,197
user40,04/07/2024,188
user40,05/07/2024,228
user40,06/07/2024,75
user40,07/07/2024,48
user40,08/07/2024,91
user40,09/07/2024,91
user40,10/07/2024,143
user40,11/07/2024,303
user40,12/07/2024,67
user40,13/07/2024,7
user40,14/07/2024,36
user40,15/07/2024,76
user40,16/07/2024,214
user40,17/07/2024,155
user40,18/07/2024,182
user40,19/07/2024,294
user40,20/07/2024,110
user40,21/07/2024,129
user40,22/07/2024,55
user40,23/07/2024,212
user40,24/07/2024,65
user40,25/07/2024,240
user40,26/07/2024,31
user40,27/07/2024,57
user40,28/07/2024,266
user40,29/07/2024,241
user40,30/07/2024,116
user40,31/07/2024,50
user40,01/08/2024,103
user40,02/08/2024,187
user40,03/08/2024,201
user40,04/08/2024,162
user40,05/08/2024,165
user40,06/08/2024,95
user40,07/08/2024,0
user40,08/08/2024,357
user40,09/08/2024,30
user40,10/08/2024,188
user40,11/08/2024,129
user40,12/08/2024,134
user40,13/08/2024,231
user40,14/08/2024,170
user40,15/08/2024,72
user40,16/08/2024,260
user40,17/08/2024,182
user40,18/08/2024,183
user40,19/08/2024,293
user40,20/08/2024,172
user40,21/08/2024,172
user40,22/08/2024,216
user40,23/08/2024,164
user40,24/08/2024,115
user40,25/08/2024,60
user40,26/08/2024,106
user40,27/08/2024,109
user40,28/08/2024,163
user40,29/08/2024,190
user40,30/08/2024,86
user40,31/08/2024,123
user40,01/09/2024,86
user40,02/09/2024,137
user40,03/09/2024,167
user40,04/09/2024,261
user40,05/09/2024,167
user40,06/09/2024,89
user40,07/09/2024,126
user40,08/09/2024,162
user40,09/09/2024,235
user40,10/09/2024,74
user40,11/09/2024,92
user40,12/09/2024,152
user40,13/09/2024,271
user40,14/09/2024,284
user40,15/09/2024,232
user40,16/09/2024,235
user40,17/09/2024,111
user40,18/09/2024,129
user40,19/09/2024,31
user40,20/09/2024,292
user40,21/09/2024,160
user40,22/09/2024,273
user40,23/09/2024,229
user40,24/09/2024,184
user40,25/09/2024,204
user40,26/09/2024,26
user40,27/09/2024,96
user40,28/09/2024,81
user40,29/09/2024,28
user40,30/09/2024,0
user40,01/10/2024,47
user40,02/10/2024,288
user40,03/10/2024,20
user40,04/10/2024,181
user40,05/10/2024,154
user40,06/10/2024,124
user40,07/10/2024,191
user40,08/10/2024,76
user40,09/10/2024,316
user40,10/10/2024,196
user40,11/10/2024,149
user40,12/10/2024,168
user40,13/10/2024,125
user40,14/10/2024,223
user40,15/10/2024,58
user40,16/10/2024,217
user40,17/10/2024,215
user40,18/10/2024,161
user40,19/10/2024,144
user40,20/10/2024,105
user40,21/10/2024,162
user40,22/10/2024,185
user40,23/10/2024,244
user40,24/10/2024,196
user40,25/10/2024,0
user40,26/10/2024,69
user40,27/10/2024,178
user40,28/10/2024,160
user40,29/10/2024,239
user40,30/10/2024,169
user40,31/10/2024,228
user40,01/11/2024,197
user40,02/11/2024,27
user40,03/11/2024,208
user40,04/11/2024,69
user40,05/11/2024,88
user40,06/11/2024,268
user40,07/11/2024,111
user40,08/11/2024,135
user40,09/11/2024,185
user40,10/11/2024,284
user40,11/11/2024,240
user40,12/11/2024,172
user40,13/11/2024,243
user40,14/11/2024,246
user40,15/11/2024,252
user40,16/11/2024,132
user40,17/11/2024,117
user40,18/11/2024,96
user40,19/11/2024,241
user40,20/11/2024,89
user40,21/11/2024,180
user40,22/11/2024,322
user40,23/11/2024,48
user40,24/11/2024,57
user40,25/11/2024,279
user40,26/11/2024,229
user40,27/11/2024,188
user40,28/11/2024,286
user40,29/11/2024,182
user40,30/11/2024,250
user40,01/12/2024,18
user40,02/12/2024,56
user40,03/12/2024,94
user40,04/12/2024,78
user40,05/12/2024,137
user40,06/12/2024,111
user40,07/12/2024,179
user40,08/12/2024,183
user40,09/12/2024,20
user40,10/12/2024,75
user40,11/12/2024,108
user40,12/12/2024,255
user40,13/12/2024,79
user40,14/12/2024,70
user40,15/12/2024,163
user40,16/12/2024,357
user40,17/12/2024,37
user40,18/12/2024,104
user40,19/12/2024,38
user40,20/12/2024,169
user40,21/12/2024,103
user40,22/12/2024,150
user40,23/12/2024,113
user40,24/12/2024,79
user40,25/12/2024,83
user40,26/12/2024,150
user40,27/12/2024,0
user40,28/12/2024,160
user40,29/12/2024,151
user40,30/12/2024,0
user41,01/01/2024,27
user41,02/01/2024,201
user41,03/01/2024,264
user41,04/01/2024,171
user41,05/01/2024,153
user41,06/01/2024,29
user41,07/01/2024,196
user41,08/01/2024,316
user41,09/01/2024,143
user41,10/01/2024,254
user41,11/01/2024,284
user41,12/01/2024,238
user41,13/01/2024,167
user41,14/01/2024,240
user41,15/01/2024,231
user41,16/01/2024,208
user41,17/01/2024,89
user41,18/01/2024,96
user41,19/01/2024,100
user41,20/01/2024,154
user41,21/01/2024,187
user41,22/01/2024,22
user41,23/01/2024,162
user41,24/01/2024,150
user41,25/01/2024,113
user41,26/01/2024,184
user41,27/01/2024,289
user41,28/01/2024,185
user41,29/01/2024,230
user41,30/01/2024,274
user41,31/01/2024,220
user41,01/02/2024,30
user41,02/02/2024,106
user41,03/02/2024,113
user41,04/02/2024,240
user41,05/02/2024,325
user41,06/02/2024,227
user41,07/02/2024,125
user41,08/02/2024,97
user41,09/02/2024,266
user41,10/02/2024,84
user41,11/02/2024,87
user41,12/02/2024,213
user41,13/02/2024,103
user41,14/02/2024,341
user41,15/02/2024,185
user41,16/02/2024,86
user41,17/02/2024,61
user41,18/02/2024,136
user41,19/02/2024,84
user41,20/02/2024,171
user41,21/02/2024,182
user41,22/02/2024,153
user41,23/02/2024,128
user41,24/02/2024,138
user41,25/02/2024,201
user41,26/02/2024,357
user41,27/02/2024,185
user41,28/02/2024,191
user41,29/02/2024,171
user41,01/03/2024,152
user41,02/03/2024,364
user41,03/03/2024,170
user41,04/03/2024,83
user41,05/03/2024,184
user41,06/03/2024,265
user41,07/03/2024,137
user41,08/03/2024,232
user41,09/03/2024,120
user41,10/03/2024,228
user41,11/03/2024,213
user41,12/03/2024,298
user41,13/03/2024,207
user41,14/03/2024,102
user41,15/03/2024,238
user41,16/03/2024,201
user41,17/03/2024,148
user41,18/03/2024,179
user41,19/03/2024,82
user41,20/03/2024,31
user41,21/03/2024,323
user41,22/03/2024,204
user41,23/03/2024,319
user41,24/03/2024,123
user41,25/03/2024,188
user41,26/03/2024,191
user41,27/03/2024,383
user41,28/03/2024,57
user41,29/03/2024,215
user41,30/03/2024,0
user41,31/03/2024,165
user41,01/04/2024,168
user41,02/04/2024,115
user41,03/04/2024,266
user41,04/04/2024,129
user41,05/04/2024,138
user41,06/04/2024,228
user41,07/04/2024,187
user41,08/04/2024,97
user41,09/04/2024,136
user41,10/04/2024,121
user41,11/04/2024,193
user41,12/04/2024,151
user41,13/04/2024,188
user41,14/04/2024,48
user41,15/04/2024,283
user41,16/04/2024,206
user41,17/04/2024,193
user41,18/04/2024,268
user41,19/04/2024,136
user41,20/04/2024,182
user41,21/04/2024,40
user41,22/04/2024,204
user41,23/04/2024,112
user41,24/04/2024,344
user41,25/04/2024,160
user41,26/04/2024,210
user41,27/04/2024,303
user41,28/04/2024,194
user41,29/04/2024,216
user41,30/04/2024,241
user41,01/05/2024,184
user41,02/05/2024,345
user41,03/05/2024,0
user41,04/05/2024,106
user41,05/05/2024,345
user41,06/05/2024,210
user41,07/05/2024,181
user41,08/05/2024,131
user41,09/05/2024,131
user41,10/05/2024,72
user41,11/05/2024,169
user41,12/05/2024,235
user41,13/05/2024,79
user41,14/05/2024,267
user41,15/05/2024,95
user41,16/05/2024,34
user41,17/05/2024,165
user41,18/05/2024,166
user41,19/05/2024,77
user41,20/05/2024,116
user41,21/05/2024,196
user41,22/05/2024,196
user41,23/05/2024,115
user41,24/05/2024,92
user41,25/05/2024,214
user41,26/05/2024,121
user41,27/05/2024,148
user41,28/05/2024,112
user41,29/05/2024,273
user41,30/05/2024,189
user41,31/05/2024,100
user41,01/06/2024,139
user41,02/06/2024,144
user41,03/06/2024,265
user41,04/06/2024,255
user41,05/06/2024,154
user41,06/06/2024,348
user41,07/06/2024,29
user41,08/06/2024,254
user41,09/06/2024,88
user41,10/06/2024,353
user41,11/06/2024,185
user41,12/06/2024,241
user41,13/06/2024,109
user41,14/06/2024,309
user41,15/06/2024,204
user41,16/06/2024,241
user41,17/06/2024,112
user41,18/06/2024,248
user41,19/06/2024,148
user41,20/06/2024,215
user41,21/06/2024,212
user41,22/06/2024,154
user41,23/06/2024,236
user41,24/06/2024,0
user41,25/06/2024,270
user41,26/06/2024,167
user41,27/06/2024,143
user41,28/06/2024,145
user41,29/06/2024,75
user41,30/06/2024,219
user41,01/07/2024,237
user41,02/07/2024,302
user41,03/07/2024,172
user41,04/07/2024,196
user41,05/07/2024,190
user41,06/07/2024,122
user41,07/07/2024,79
user41,08/07/2024,306
user41,09/07/2024,164
user41,10/07/2024,0
user41,11/07/2024,109
user41,12/07/2024,261
user41,13/07/2024,545
user41,14/07/2024,139
user41,15/07/2024,149
user41,16/07/2024,91
user41,17/07/2024,70
user41,18/07/2024,36
user41,19/07/2024,158
user41,20/07/2024,270
user41,21/07/2024,44
user41,22/07/2024,334
user41,23/07/2024,196
user41,24/07/2024,191
user41,25/07/2024,338
user41,26/07/2024,76
user41,27/07/2024,203
user41,28/07/2024,265
user41,29/07/2024,118
user41,30/07/2024,180
user41,31/07/2024,167
user41,01/08/2024,136
user41,02/08/2024,172
user41,03/08/2024,309
user41,04/08/2024,309
user41,05/08/2024,170
user41,06/08/2024,91
user41,07/08/2024,304
user41,08/08/2024,242
user41,09/08/2024,80
user41,10/08/2024,207
user41,11/08/2024,172
user41,12/08/2024,250
user41,13/08/2024,365
user41,14/08/2024,11
user41,15/08/2024,112
user41,16/08/2024,166
user41,17/08/2024,0
user41,18/08/2024,52
user41,19/08/2024,66
user41,20/08/2024,46
user41,21/08/2024,255
user41,22/08/2024,139
user41,23/08/2024,44
user41,24/08/2024,202
user41,25/08/2024,239
user41,26/08/2024,165
user41,27/08/2024,146
user41,28/08/2024,93
user41,29/08/2024,93
user41,30/08/2024,191
user41,31/08/2024,260
user41,01/09/2024,147
user41,02/09/2024,172
user41,03/09/2024,3
user41,04/09/2024,138
user41,05/09/2024,151
user41,06/09/2024,84
user41,07/09/2024,204
user41,08/09/2024,19
user41,09/09/2024,374
user41,10/09/2024,90
user41,11/09/2024,142
user41,12/09/2024,78
user41,13/09/2024,254
user41,14/09/2024,223
user41,15/09/2024,87
user41,16/09/2024,189
user41,17/09/2024,139
user41,18/09/2024,140
user41,19/09/2024,208
user41,20/09/2024,140
user41,21/09/2024,174
user41,22/09/2024,149
user41,23/09/2024,257
user41,24/09/2024,185
user41,25/09/2024,148
user41,26/09/2024,251
user41,27/09/2024,213
user41,28/09/2024,237
user41,29/09/2024,357
user41,30/09/2024,163
user41,01/10/2024,69
user41,02/10/2024,263
user41,03/10/2024,118
user41,04/10/2024,193
user41,05/10/2024,187
user41,06/10/2024,97
user41,07/10/2024,151
user41,08/10/2024,245
user41,09/10/2024,207
user41,10/10/2024,70
user41,11/10/2024,182
user41,12/10/2024,160
user41,13/10/2024,104
user41,14/10/2024,179
user41,15/10/2024,57
user41,16/10/2024,257
user41,17/10/2024,120
user41,18/10/2024,250
user41,19/10/2024,225
user41,20/10/2024,239
user41,21/10/2024,171
user41,22/10/2024,227
user41,23/10/2024,148
user41,24/10/2024,68
user41,25/10/2024,297
user41,26/10/2024,293
user41,27/10/2024,107
user41,28/10/2024,52
user41,29/10/2024,169
user41,30/10/2024,241
user41,31/10/2024,194
user41,01/11/2024,126
user41,02/11/2024,34
user41,03/11/2024,208
user41,04/11/2024,205
user41,05/11/2024,303
user41,06/11/2024,126
user41,07/11/2024,279
user41,08/11/2024,67
user41,09/11/2024,0
user41,10/11/2024,389
user41,11/11/2024,190
user41,12/11/2024,80
user41,13/11/2024,63
user41,14/11/2024,216
user41,15/11/2024,86
user41,16/11/2024,193
user41,17/11/2024,355
user41,18/11/2024,70
user41,19/11/2024,356
user41,20/11/2024,218
user41,21/11/2024,139
user41,22/11/2024,267
user41,23/11/2024,84
user41,24/11/2024,224
user41,25/11/2024,181
user41,26/11/2024,132
user41,27/11/2024,291
user41,28/11/2024,157
user41,29/11/2024,42
user41,30/11/2024,287
user41,01/12/2024,176
user41,02/12/2024,249
user41,03/12/2024,180
user41,04/12/2024,148
user41,05/12/2024,295
user41,06/12/2024,147
user41,07/12/2024,230
user41,08/12/2024,146
user41,09/12/2024,278
user41,10/12/2024,187
user41,11/12/2024,96
user41,12/12/2024,237
user41,13/12/2024,308
user41,14/12/2024,84
user41,15/12/2024,202
user41,16/12/2024,173
user41,17/12/2024,79
user41,18/12/2024,141
user41,19/12/2024,196
user41,20/12/2024,109
user41,21/12/2024,156
user41,22/12/2024,158
user41,23/12/2024,92
user41,24/12/2024,143
user41,25/12/2024,168
user41,26/12/2024,182
user41,27/12/2024,159
user41,28/12/2024,110
user41,29/12/2024,83
user41,30/12/2024,246
user42,01/01/2024,439
user42,02/01/2024,365
user42,03/01/2024,288
user42,04/01/2024,235
user42,05/01/2024,353
user42,06/01/2024,248
user42,07/01/2024,257
user42,08/01/2024,171
user42,09/01/2024,456
user42,10/01/2024,355
user42,11/01/2024,318
user42,12/01/2024,329
user42,13/01/2024,335
user42,14/01/2024,283
user42,15/01/2024,164
user42,16/01/2024,225
user42,17/01/2024,365
user42,18/01/2024,213
user42,19/01/2024,397
user42,20/01/2024,357
user42,21/01/2024,363
user42,22/01/2024,372
user42,23/01/2024,308
user42,24/01/2024,145
user42,25/01/2024,215
user42,26/01/2024,402
user42,27/01/2024,281
user42,28/01/2024,319
user42,29/01/2024,290
user42,30/01/2024,236
user42,31/01/2024,165
user42,01/02/2024,344
user42,02/02/2024,338
user42,03/02/2024,279
user42,04/02/2024,203
user42,05/02/2024,314
user42,06/02/2024,313
user42,07/02/2024,271
user42,08/02/2024,343
user42,09/02/2024,174
user42,10/02/2024,266
user42,11/02/2024,290
user42,12/02/2024,263
user42,13/02/2024,161
user42,14/02/2024,157
user42,15/02/2024,224
user42,16/02/2024,408
user42,17/02/2024,465
user42,18/02/2024,337
user42,19/02/2024,280
user42,20/02/2024,421
user42,21/02/2024,207
user42,22/02/2024,332
user42,23/02/2024,224
user42,24/02/2024,249
user42,25/02/2024,366
user42,26/02/2024,211
user42,27/02/2024,385
user42,28/02/2024,542
user42,29/02/2024,265
user42,01/03/2024,387
user42,02/03/2024,322
user42,03/03/2024,155
user42,04/03/2024,238
user42,05/03/2024,372
user42,06/03/2024,262
user42,07/03/2024,192
user42,08/03/2024,144
user42,09/03/2024,329
user42,10/03/2024,198
user42,11/03/2024,219
user42,12/03/2024,379
user42,13/03/2024,225
user42,14/03/2024,380
user42,15/03/2024,263
user42,16/03/2024,323
user42,17/03/2024,209
user42,18/03/2024,454
user42,19/03/2024,306
user42,20/03/2024,199
user42,21/03/2024,256
user42,22/03/2024,498
user42,23/03/2024,188
user42,24/03/2024,376
user42,25/03/2024,229
user42,26/03/2024,304
user42,27/03/2024,274
user42,28/03/2024,349
user42,29/03/2024,326
user42,30/03/2024,370
user42,31/03/2024,385
user42,01/04/2024,268
user42,02/04/2024,222
user42,03/04/2024,286
user42,04/04/2024,265
user42,05/04/2024,197
user42,06/04/2024,220
user42,07/04/2024,310
user42,08/04/2024,240
user42,09/04/2024,309
user42,10/04/2024,231
user42,11/04/2024,455
user42,12/04/2024,360
user42,13/04/2024,354
user42,14/04/2024,401
user42,15/04/2024,125
user42,16/04/2024,276
user42,17/04/2024,522
user42,18/04/2024,283
user42,19/04/2024,190
user42,20/04/2024,217
user42,21/04/2024,322
user42,22/04/2024,429
user42,23/04/2024,265
user42,24/04/2024,116
user42,25/04/2024,324
user42,26/04/2024,351
user42,27/04/2024,482
user42,28/04/2024,265
user42,29/04/2024,234
user42,30/04/2024,301
user42,01/05/2024,315
user42,02/05/2024,333
user42,03/05/2024,407
user42,04/05/2024,338
user42,05/05/2024,47
user42,06/05/2024,173
user42,07/05/2024,167
user42,08/05/2024,237
user42,09/05/2024,230
user42,10/05/2024,323
user42,11/05/2024,236
user42,12/05/2024,225
user42,13/05/2024,424
user42,14/05/2024,248
user42,15/05/2024,314
user42,16/05/2024,427
user42,17/05/2024,299
user42,18/05/2024,344
user42,19/05/2024,312
user42,20/05/2024,216
user42,21/05/2024,303
user42,22/05/2024,349
user42,23/05/2024,274
user42,24/05/2024,194
user42,25/05/2024,285
user42,26/05/2024,301
user42,27/05/2024,290
user42,28/05/2024,211
user42,29/05/2024,187
user42,30/05/2024,181
user42,31/05/2024,488
user42,01/06/2024,224
user42,02/06/2024,308
user42,03/06/2024,278
user42,04/06/2024,245
user42,05/06/2024,295
user42,06/06/2024,298
user42,07/06/2024,268
user42,08/06/2024,277
user42,09/06/2024,210
user42,10/06/2024,290
user42,11/06/2024,296
user42,12/06/2024,387
user42,13/06/2024,271
user42,14/06/2024,321
user42,15/06/2024,253
user42,16/06/2024,398
user42,17/06/2024,217
user42,18/06/2024,357
user42,19/06/2024,324
user42,20/06/2024,158
user42,21/06/2024,214
user42,22/06/2024,213
user42,23/06/2024,286
user42,24/06/2024,315
user42,25/06/2024,311
user42,26/06/2024,404
user42,27/06/2024,410
user42,28/06/2024,371
user42,29/06/2024,244
user42,30/06/2024,304
user42,01/07/2024,263
user42,02/07/2024,448
user42,03/07/2024,453
user42,04/07/2024,381
user42,05/07/2024,250
user42,06/07/2024,248
user42,07/07/2024,372
user42,08/07/2024,496
user42,09/07/2024,403
user42,10/07/2024,285
user42,11/07/2024,270
user42,12/07/2024,248
user42,13/07/2024,253
user42,14/07/2024,397
user42,15/07/2024,191
user42,16/07/2024,383
user42,17/07/2024,234
user42,18/07/2024,248
user42,19/07/2024,208
user42,20/07/2024,338
user42,21/07/2024,208
user42,22/07/2024,263
user42,23/07/2024,306
user42,24/07/2024,264
user42,25/07/2024,222
user42,26/07/2024,339
user42,27/07/2024,223
user42,28/07/2024,299
user42,29/07/2024,297
user42,30/07/2024,415
user42,31/07/2024,277
user42,01/08/2024,327
user42,02/08/2024,426
user42,03/08/2024,375
user42,04/08/2024,277
user42,05/08/2024,236
user42,06/08/2024,371
user42,07/08/2024,372
user42,08/08/2024,323
user42,09/08/2024,293
user42,10/08/2024,431
user42,11/08/2024,332
user42,12/08/2024,282
user42,13/08/2024,303
user42,14/08/2024,369
user42,15/08/2024,242
user42,16/08/2024,288
user42,17/08/2024,366
user42,18/08/2024,282
user42,19/08/2024,405
user42,20/08/2024,341
user42,21/08/2024,321
user42,22/08/2024,260
user42,23/08/2024,182
user42,24/08/2024,319
user42,25/08/2024,360
user42,26/08/2024,328
user42,27/08/2024,205
user42,28/08/2024,328
user42,29/08/2024,225
user42,30/08/2024,207
user42,31/08/2024,308
user42,01/09/2024,231
user42,02/09/2024,204
user42,03/09/2024,344
user42,04/09/2024,335
user42,05/09/2024,342
user42,06/09/2024,350
user42,07/09/2024,156
user42,08/09/2024,225
user42,09/09/2024,327
user42,10/09/2024,412
user42,11/09/2024,382
user42,12/09/2024,277
user42,13/09/2024,227
user42,14/09/2024,260
user42,15/09/2024,387
user42,16/09/2024,350
user42,17/09/2024,314
user42,18/09/2024,300
user42,19/09/2024,262
user42,20/09/2024,315
user42,21/09/2024,343
user42,22/09/2024,252
user42,23/09/2024,371
user42,24/09/2024,378
user42,25/09/2024,276
user42,26/09/2024,360
user42,27/09/2024,277
user42,28/09/2024,194
user42,29/09/2024,206
user42,30/09/2024,240
user42,01/10/2024,355
user42,02/10/2024,270
user42,03/10/2024,293
user42,04/10/2024,229
user42,05/10/2024,257
user42,06/10/2024,264
user42,07/10/2024,336
user42,08/10/2024,206
user42,09/10/2024,338
user42,10/10/2024,257
user42,11/10/2024,307
user42,12/10/2024,347
user42,13/10/2024,174
user42,14/10/2024,267
user42,15/10/2024,225
user42,16/10/2024,338
user42,17/10/2024,316
user42,18/10/2024,231
user42,19/10/2024,320
user42,20/10/2024,314
user42,21/10/2024,253
user42,22/10/2024,296
user42,23/10/2024,263
user42,24/10/2024,414
user42,25/10/2024,225
user42,26/10/2024,388
user42,27/10/2024,338
user42,28/10/2024,351
user42,29/10/2024,317
user42,30/10/2024,312
user42,31/10/2024,249
user42,01/11/2024,355
user42,02/11/2024,366
user42,03/11/2024,320
user42,04/11/2024,531
user42,05/11/2024,411
user42,06/11/2024,360
user42,07/11/2024,459
user42,08/11/2024,396
user42,09/11/2024,293
user42,10/11/2024,334
user42,11/11/2024,336
user42,12/11/2024,372
user42,13/11/2024,503
user42,14/11/2024,335
user42,15/11/2024,370
user42,16/11/2024,367
user42,17/11/2024,335
user42,18/11/2024,209
user42,19/11/2024,269
user42,20/11/2024,358
user42,21/11/2024,332
user42,22/11/2024,292
user42,23/11/2024,339
user42,24/11/2024,388
user42,25/11/2024,321
user42,26/11/2024,273
user42,27/11/2024,301
user42,28/11/2024,368
user42,29/11/2024,233
user42,30/11/2024,454
user42,01/12/2024,284
user42,02/12/2024,343
user42,03/12/2024,236
user42,04/12/2024,213
user42,05/12/2024,332
user42,06/12/2024,415
user42,07/12/2024,292
user42,08/12/2024,405
user42,09/12/2024,379
user42,10/12/2024,367
user42,11/12/2024,129
user42,12/12/2024,205
user42,13/12/2024,422
user42,14/12/2024,194
user42,15/12/2024,326
user42,16/12/2024,251
user42,17/12/2024,150
user42,18/12/2024,241
user42,19/12/2024,328
user42,20/12/2024,176
user42,21/12/2024,391
user42,22/12/2024,194
user42,23/12/2024,255
user42,24/12/2024,369
user42,25/12/2024,275
user42,26/12/2024,362
user42,27/12/2024,407
user42,28/12/2024,223
user42,29/12/2024,201
user42,30/12/2024,153
user43,01/01/2024,179
user43,02/01/2024,197
user43,03/01/2024,191
user43,04/01/2024,307
user43,05/01/2024,165
user43,06/01/2024,241
user43,07/01/2024,267
user43,08/01/2024,181
user43,09/01/2024,141
user43,10/01/2024,241
user43,11/01/2024,219
user43,12/01/2024,181
user43,13/01/2024,100
user43,14/01/2024,55
user43,15/01/2024,146
user43,16/01/2024,178
user43,17/01/2024,123
user43,18/01/2024,193
user43,19/01/2024,248
user43,20/01/2024,150
user43,21/01/2024,180
user43,22/01/2024,139
user43,23/01/2024,183
user43,24/01/2024,221
user43,25/01/2024,215
user43,26/01/2024,277
user43,27/01/2024,190
user43,28/01/2024,201
user43,29/01/2024,0
user43,30/01/2024,186
user43,31/01/2024,258
user43,01/02/2024,202
user43,02/02/2024,32
user43,03/02/2024,199
user43,04/02/2024,82
user43,05/02/2024,192
user43,06/02/2024,204
user43,07/02/2024,66
user43,08/02/2024,97
user43,09/02/2024,143
user43,10/02/2024,321
user43,11/02/2024,311
user43,12/02/2024,250
user43,13/02/2024,205
user43,14/02/2024,183
user43,15/02/2024,236
user43,16/02/2024,313
user43,17/02/2024,204
user43,18/02/2024,145
user43,19/02/2024,105
user43,20/02/2024,86
user43,21/02/2024,233
user43,22/02/2024,215
user43,23/02/2024,150
user43,24/02/2024,139
user43,25/02/2024,266
user43,26/02/2024,372
user43,27/02/2024,159
user43,28/02/2024,191
user43,29/02/2024,140
user43,01/03/2024,86
user43,02/03/2024,111
user43,03/03/2024,201
user43,04/03/2024,101
user43,05/03/2024,278
user43,06/03/2024,123
user43,07/03/2024,155
user43,08/03/2024,256
user43,09/03/2024,161
user43,10/03/2024,130
user43,11/03/2024,198
user43,12/03/2024,246
user43,13/03/2024,80
user43,14/03/2024,85
user43,15/03/2024,32
user43,16/03/2024,32
user43,17/03/2024,339
user43,18/03/2024,268
user43,19/03/2024,400
user43,20/03/2024,170
user43,21/03/2024,355
user43,22/03/2024,169
user43,23/03/2024,187
user43,24/03/2024,111
user43,25/03/2024,131
user43,26/03/2024,171
user43,27/03/2024,228
user43,28/03/2024,0
user43,29/03/2024,120
user43,30/03/2024,183
user43,31/03/2024,175
user43,01/04/2024,142
user43,02/04/2024,52
user43,03/04/2024,221
user43,04/04/2024,133
user43,05/04/2024,174
user43,06/04/2024,126
user43,07/04/2024,169
user43,08/04/2024,125
user43,09/04/2024,122
user43,10/04/2024,28
user43,11/04/2024,193
user43,12/04/2024,279
user43,13/04/2024,99
user43,14/04/2024,130
user43,15/04/2024,121
user43,16/04/2024,178
user43,17/04/2024,136
user43,18/04/2024,138
user43,19/04/2024,229
user43,20/04/2024,104
user43,21/04/2024,201
user43,22/04/2024,135
user43,23/04/2024,117
user43,24/04/2024,0
user43,25/04/2024,222
user43,26/04/2024,175
user43,27/04/2024,321
user43,28/04/2024,268
user43,29/04/2024,132
user43,30/04/2024,226
user43,01/05/2024,184
user43,02/05/2024,228
user43,03/05/2024,93
user43,04/05/2024,7
user43,05/05/2024,285
user43,06/05/2024,219
user43,07/05/2024,39
user43,08/05/2024,95
user43,09/05/2024,113
user43,10/05/2024,105
user43,11/05/2024,61
user43,12/05/2024,443
user43,13/05/2024,26
user43,14/05/2024,185
user43,15/05/2024,9
user43,16/05/2024,114
user43,17/05/2024,219
user43,18/05/2024,140
user43,19/05/2024,175
user43,20/05/2024,243
user43,21/05/2024,159
user43,22/05/2024,23
user43,23/05/2024,95
user43,24/05/2024,78
user43,25/05/2024,19
user43,26/05/2024,83
user43,27/05/2024,18
user43,28/05/2024,245
user43,29/05/2024,331
user43,30/05/2024,113
user43,31/05/2024,90
user43,01/06/2024,190
user43,02/06/2024,131
user43,03/06/2024,206
user43,04/06/2024,129
user43,05/06/2024,189
user43,06/06/2024,243
user43,07/06/2024,232
user43,08/06/2024,184
user43,09/06/2024,164
user43,10/06/2024,111
user43,11/06/2024,226
user43,12/06/2024,276
user43,13/06/2024,36
user43,14/06/2024,49
user43,15/06/2024,171
user43,16/06/2024,47
user43,17/06/2024,161
user43,18/06/2024,245
user43,19/06/2024,256
user43,20/06/2024,140
user43,21/06/2024,66
user43,22/06/2024,225
user43,23/06/2024,202
user43,24/06/2024,255
user43,25/06/2024,129
user43,26/06/2024,50
user43,27/06/2024,149
user43,28/06/2024,106
user43,29/06/2024,186
user43,30/06/2024,109
user43,01/07/2024,151
user43,02/07/2024,188
user43,03/07/2024,167
user43,04/07/2024,19
user43,05/07/2024,224
user43,06/07/2024,211
user43,07/07/2024,146
user43,08/07/2024,91
user43,09/07/2024,73
user43,10/07/2024,77
user43,11/07/2024,120
user43,12/07/2024,173
user43,13/07/2024,137
user43,14/07/2024,84
user43,15/07/2024,179
user43,16/07/2024,284
user43,17/07/2024,153
user43,18/07/2024,129
user43,19/07/2024,192
user43,20/07/2024,246
user43,21/07/2024,259
user43,22/07/2024,194
user43,23/07/2024,200
user43,24/07/2024,165
user43,25/07/2024,170
user43,26/07/2024,96
user43,27/07/2024,158
user43,28/07/2024,193
user43,29/07/2024,212
user43,30/07/2024,147
user43,31/07/2024,162
user43,01/08/2024,302
user43,02/08/2024,255
user43,03/08/2024,210
user43,04/08/2024,141
user43,05/08/2024,145
user43,06/08/2024,112
user43,07/08/2024,246
user43,08/08/2024,78
user43,09/08/2024,144
user43,10/08/2024,188
user43,11/08/2024,238
user43,12/08/2024,128
user43,13/08/2024,126
user43,14/08/2024,167
user43,15/08/2024,203
user43,16/08/2024,200
user43,17/08/2024,296
user43,18/08/2024,206
user43,19/08/2024,233
user43,20/08/2024,291
user43,21/08/2024,178
user43,22/08/2024,49
user43,23/08/2024,284
user43,24/08/2024,264
user43,25/08/2024,206
user43,26/08/2024,175
user43,27/08/2024,47
user43,28/08/2024,73
user43,29/08/2024,167
user43,30/08/2024,54
user43,31/08/2024,265
user43,01/09/2024,111
user43,02/09/2024,350
user43,03/09/2024,174
user43,04/09/2024,52
user43,05/09/2024,213
user43,06/09/2024,101
user43,07/09/2024,0
user43,08/09/2024,105
user43,09/09/2024,167
user43,10/09/2024,236
user43,11/09/2024,179
user43,12/09/2024,218
user43,13/09/2024,160
user43,14/09/2024,178
user43,15/09/2024,113
user43,16/09/2024,249
user43,17/09/2024,81
user43,18/09/2024,50
user43,19/09/2024,231
user43,20/09/2024,323
user43,21/09/2024,224
user43,22/09/2024,180
user43,23/09/2024,82
user43,24/09/2024,73
user43,25/09/2024,102
user43,26/09/2024,78
user43,27/09/2024,166
user43,28/09/2024,270
user43,29/09/2024,247
user43,30/09/2024,149
user43,01/10/2024,314
user43,02/10/2024,130
user43,03/10/2024,74
user43,04/10/2024,118
user43,05/10/2024,85
user43,06/10/2024,193
user43,07/10/2024,231
user43,08/10/2024,108
user43,09/10/2024,269
user43,10/10/2024,60
user43,11/10/2024,237
user43,12/10/2024,52
user43,13/10/2024,111
user43,14/10/2024,80
user43,15/10/2024,128
user43,16/10/2024,107
user43,17/10/2024,180
user43,18/10/2024,195
user43,19/10/2024,197
user43,20/10/2024,81
user43,21/10/2024,170
user43,22/10/2024,209
user43,23/10/2024,161
user43,24/10/2024,215
user43,25/10/2024,179
user43,26/10/2024,263
user43,27/10/2024,187
user43,28/10/2024,188
user43,29/10/2024,172
user43,30/10/2024,225
user43,31/10/2024,135
user43,01/11/2024,160
user43,02/11/2024,169
user43,03/11/2024,269
user43,04/11/2024,227
user43,05/11/2024,197
user43,06/11/2024,131
user43,07/11/2024,216
user43,08/11/2024,257
user43,09/11/2024,261
user43,10/11/2024,166
user43,11/11/2024,12
user43,12/11/2024,170
user43,13/11/2024,108
user43,14/11/2024,247
user43,15/11/2024,278
user43,16/11/2024,164
user43,17/11/2024,225
user43,18/11/2024,123
user43,19/11/2024,7
user43,20/11/2024,301
user43,21/11/2024,82
user43,22/11/2024,294
user43,23/11/2024,141
user43,24/11/2024,9
user43,25/11/2024,64
user43,26/11/2024,139
user43,27/11/2024,111
user43,28/11/2024,236
user43,29/11/2024,138
user43,30/11/2024,40
user43,01/12/2024,87
user43,02/12/2024,106
user43,03/12/2024,196
user43,04/12/2024,210
user43,05/12/2024,262
user43,06/12/2024,100
user43,07/12/2024,203
user43,08/12/2024,181
user43,09/12/2024,0
user43,10/12/2024,135
user43,11/12/2024,215
user43,12/12/2024,0
user43,13/12/2024,231
user43,14/12/2024,296
user43,15/12/2024,257
user43,16/12/2024,118
user43,17/12/2024,7
user43,18/12/2024,109
user43,19/12/2024,99
user43,20/12/2024,187
user43,21/12/2024,169
user43,22/12/2024,172
user43,23/12/2024,214
user43,24/12/2024,72
user43,25/12/2024,236
user43,26/12/2024,61
user43,27/12/2024,295
user43,28/12/2024,175
user43,29/12/2024,339
user43,30/12/2024,233
user44,01/01/2024,56
user44,02/01/2024,147
user44,03/01/2024,117
user44,04/01/2024,104
user44,05/01/2024,142
user44,06/01/2024,221
user44,07/01/2024,193
user44,08/01/2024,121
user44,09/01/2024,111
user44,10/01/2024,154
user44,11/01/2024,0
user44,12/01/2024,158
user44,13/01/2024,203
user44,14/01/2024,172
user44,15/01/2024,176
user44,16/01/2024,393
user44,17/01/2024,232
user44,18/01/2024,129
user44,19/01/2024,37
user44,20/01/2024,290
user44,21/01/2024,127
user44,22/01/2024,226
user44,23/01/2024,0
user44,24/01/2024,209
user44,25/01/2024,131
user44,26/01/2024,24
user44,27/01/2024,169
user44,28/01/2024,158
user44,29/01/2024,153
user44,30/01/2024,79
user44,31/01/2024,121
user44,01/02/2024,104
user44,02/02/2024,188
user44,03/02/2024,157
user44,04/02/2024,180
user44,05/02/2024,155
user44,06/02/2024,71
user44,07/02/2024,190
user44,08/02/2024,79
user44,09/02/2024,140
user44,10/02/2024,138
user44,11/02/2024,112
user44,12/02/2024,87
user44,13/02/2024,175
user44,14/02/2024,172
user44,15/02/2024,152
user44,16/02/2024,0
user44,17/02/2024,165
user44,18/02/2024,133
user44,19/02/2024,207
user44,20/02/2024,98
user44,21/02/2024,233
user44,22/02/2024,203
user44,23/02/2024,0
user44,24/02/2024,60
user44,25/02/2024,82
user44,26/02/2024,115
user44,27/02/2024,111
user44,28/02/2024,225
user44,29/02/2024,135
user44,01/03/2024,83
user44,02/03/2024,171
user44,03/03/2024,73
user44,04/03/2024,64
user44,05/03/2024,93
user44,06/03/2024,183
user44,07/03/2024,117
user44,08/03/2024,197
user44,09/03/2024,115
user44,10/03/2024,167
user44,11/03/2024,149
user44,12/03/2024,222
user44,13/03/2024,162
user44,14/03/2024,44
user44,15/03/2024,108
user44,16/03/2024,256
user44,17/03/2024,85
user44,18/03/2024,187
user44,19/03/2024,124
user44,20/03/2024,114
user44,21/03/2024,93
user44,22/03/2024,119
user44,23/03/2024,251
user44,24/03/2024,100
user44,25/03/2024,164
user44,26/03/2024,117
user44,27/03/2024,23
user44,28/03/2024,0
user44,29/03/2024,208
user44,30/03/2024,222
user44,31/03/2024,1
user44,01/04/2024,121
user44,02/04/2024,159
user44,03/04/2024,127
user44,04/04/2024,187
user44,05/04/2024,71
user44,06/04/2024,67
user44,07/04/2024,112
user44,08/04/2024,51
user44,09/04/2024,101
user44,10/04/2024,111
user44,11/04/2024,17
user44,12/04/2024,158
user44,13/04/2024,13
user44,14/04/2024,140
user44,15/04/2024,233
user44,16/04/2024,58
user44,17/04/2024,41
user44,18/04/2024,77
user44,19/04/2024,34
user44,20/04/2024,167
user44,21/04/2024,102
user44,22/04/2024,157
user44,23/04/2024,166
user44,24/04/2024,38
user44,25/04/2024,141
user44,26/04/2024,112
user44,27/04/2024,200
user44,28/04/2024,76
user44,29/04/2024,262
user44,30/04/2024,229
user44,01/05/2024,210
user44,02/05/2024,121
user44,03/05/2024,161
user44,04/05/2024,266
user44,05/05/2024,0
user44,06/05/2024,182
user44,07/05/2024,0
user44,08/05/2024,86
user44,09/05/2024,4
user44,10/05/2024,237
user44,11/05/2024,72
user44,12/05/2024,44
user44,13/05/2024,233
user44,14/05/2024,0
user44,15/05/2024,116
user44,16/05/2024,142
user44,17/05/2024,72
user44,18/05/2024,175
user44,19/05/2024,190
user44,20/05/2024,65
user44,21/05/2024,160
user44,22/05/2024,177
user44,23/05/2024,150
user44,24/05/2024,179
user44,25/05/2024,105
user44,26/05/2024,182
user44,27/05/2024,112
user44,28/05/2024,124
user44,29/05/2024,114
user44,30/05/2024,193
user44,31/05/2024,85
user44,01/06/2024,96
user44,02/06/2024,157
user44,03/06/2024,0
user44,04/06/2024,130
user44,05/06/2024,61
user44,06/06/2024,90
user44,07/06/2024,187
user44,08/06/2024,169
user44,09/06/2024,64
user44,10/06/2024,92
user44,11/06/2024,87
user44,12/06/2024,131
user44,13/06/2024,109
user44,14/06/2024,93
user44,15/06/2024,0
user44,16/06/2024,72
user44,17/06/2024,46
user44,18/06/2024,133
user44,19/06/2024,43
user44,20/06/2024,74
user44,21/06/2024,150
user44,22/06/2024,119
user44,23/06/2024,216
user44,24/06/2024,50
user44,25/06/2024,82
user44,26/06/2024,157
user44,27/06/2024,240
user44,28/06/2024,144
user44,29/06/2024,158
user44,30/06/2024,51
user44,01/07/2024,20
user44,02/07/2024,54
user44,03/07/2024,85
user44,04/07/2024,51
user44,05/07/2024,238
user44,06/07/2024,146
user44,07/07/2024,118
user44,08/07/2024,136
user44,09/07/2024,151
user44,10/07/2024,60
user44,11/07/2024,143
user44,12/07/2024,151
user44,13/07/2024,155
user44,14/07/2024,95
user44,15/07/2024,7
user44,16/07/2024,163
user44,17/07/2024,84
user44,18/07/2024,201
user44,19/07/2024,81
user44,20/07/2024,86
user44,21/07/2024,101
user44,22/07/2024,40
user44,23/07/2024,182
user44,24/07/2024,80
user44,25/07/2024,107
user44,26/07/2024,81
user44,27/07/2024,245
user44,28/07/2024,100
user44,29/07/2024,23
user44,30/07/2024,217
user44,31/07/2024,202
user44,01/08/2024,108
user44,02/08/2024,283
user44,03/08/2024,0
user44,04/08/2024,142
user44,05/08/2024,21
user44,06/08/2024,142
user44,07/08/2024,81
user44,08/08/2024,140
user44,09/08/2024,40
user44,10/08/2024,131
user44,11/08/2024,126
user44,12/08/2024,78
user44,13/08/2024,61
user44,14/08/2024,121
user44,15/08/2024,191
user44,16/08/2024,127
user44,17/08/2024,0
user44,18/08/2024,138
user44,19/08/2024,188
user44,20/08/2024,157
user44,21/08/2024,1
user44,22/08/2024,40
user44,23/08/2024,84
user44,24/08/2024,1
user44,25/08/2024,114
user44,26/08/2024,58
user44,27/08/2024,218
user44,28/08/2024,6
user44,29/08/2024,176
user44,30/08/2024,167
user44,31/08/2024,119
user44,01/09/2024,35
user44,02/09/2024,145
user44,03/09/2024,21
user44,04/09/2024,229
user44,05/09/2024,222
user44,06/09/2024,202
user44,07/09/2024,77
user44,08/09/2024,80
user44,09/09/2024,200
user44,10/09/2024,166
user44,11/09/2024,104
user44,12/09/2024,72
user44,13/09/2024,261
user44,14/09/2024,0
user44,15/09/2024,193
user44,16/09/2024,346
user44,17/09/2024,101
user44,18/09/2024,231
user44,19/09/2024,242
user44,20/09/2024,102
user44,21/09/2024,110
user44,22/09/2024,137
user44,23/09/2024,196
user44,24/09/2024,95
user44,25/09/2024,9
user44,26/09/2024,0
user44,27/09/2024,210
user44,28/09/2024,199
user44,29/09/2024,216
user44,30/09/2024,89
user44,01/10/2024,0
user44,02/10/2024,150
user44,03/10/2024,68
user44,04/10/2024,233
user44,05/10/2024,66
user44,06/10/2024,219
user44,07/10/2024,65
user44,08/10/2024,214
user44,09/10/2024,57
user44,10/10/2024,62
user44,11/10/2024,202
user44,12/10/2024,0
user44,13/10/2024,92
user44,14/10/2024,45
user44,15/10/2024,168
user44,16/10/2024,69
user44,17/10/2024,61
user44,18/10/2024,222
user44,19/10/2024,96
user44,20/10/2024,218
user44,21/10/2024,166
user44,22/10/2024,192
user44,23/10/2024,97
user44,24/10/2024,200
user44,25/10/2024,173
user44,26/10/2024,99
user44,27/10/2024,0
user44,28/10/2024,173
user44,29/10/2024,164
user44,30/10/2024,0
user44,31/10/2024,67
user44,01/11/2024,212
user44,02/11/2024,126
user44,03/11/2024,117
user44,04/11/2024,237
user44,05/11/2024,210
user44,06/11/2024,233
user44,07/11/2024,26
user44,08/11/2024,170
user44,09/11/2024,188
user44,10/11/2024,167
user44,11/11/2024,258
user44,12/11/2024,22
user44,13/11/2024,134
user44,14/11/2024,181
user44,15/11/2024,146
user44,16/11/2024,192
user44,17/11/2024,186
user44,18/11/2024,58
user44,19/11/2024,85
user44,20/11/2024,116
user44,21/11/2024,42
user44,22/11/2024,304
user44,23/11/2024,180
user44,24/11/2024,216
user44,25/11/2024,0
user44,26/11/2024,109
user44,27/11/2024,40
user44,28/11/2024,90
user44,29/11/2024,51
user44,30/11/2024,20
user44,01/12/2024,112
user44,02/12/2024,178
user44,03/12/2024,0
user44,04/12/2024,226
user44,05/12/2024,126
user44,06/12/2024,143
user44,07/12/2024,69
user44,08/12/2024,154
user44,09/12/2024,190
user44,10/12/2024,75
user44,11/12/2024,65
user44,12/12/2024,88
user44,13/12/2024,150
user44,14/12/2024,194
user44,15/12/2024,109
user44,16/12/2024,145
user44,17/12/2024,179
user44,18/12/2024,233
user44,19/12/2024,261
user44,20/12/2024,206
user44,21/12/2024,46
user44,22/12/2024,216
user44,23/12/2024,149
user44,24/12/2024,142
user44,25/12/2024,138
user44,26/12/2024,55
user44,27/12/2024,98
user44,28/12/2024,183
user44,29/12/2024,47
user44,30/12/2024,7
user45,01/01/2024,359
user45,02/01/2024,325
user45,03/01/2024,305
user45,04/01/2024,336
user45,05/01/2024,430
user45,06/01/2024,301
user45,07/01/2024,365
user45,08/01/2024,293
user45,09/01/2024,479
user45,10/01/2024,305
user45,11/01/2024,438
user45,12/01/2024,154
user45,13/01/2024,332
user45,14/01/2024,240
user45,15/01/2024,300
user45,16/01/2024,248
user45,17/01/2024,423
user45,18/01/2024,360
user45,19/01/2024,415
user45,20/01/2024,250
user45,21/01/2024,427
user45,22/01/2024,454
user45,23/01/2024,358
user45,24/01/2024,342
user45,25/01/2024,431
user45,26/01/2024,401
user45,27/01/2024,328
user45,28/01/2024,386
user45,29/01/2024,374
user45,30/01/2024,419
user45,31/01/2024,315
user45,01/02/2024,391
user45,02/02/2024,108
user45,03/02/2024,302
user45,04/02/2024,163
user45,05/02/2024,272
user45,06/02/2024,365
user45,07/02/2024,304
user45,08/02/2024,287
user45,09/02/2024,349
user45,10/02/2024,264
user45,11/02/2024,330
user45,12/02/2024,275
user45,13/02/2024,268
user45,14/02/2024,220
user45,15/02/2024,261
user45,16/02/2024,234
user45,17/02/2024,233
user45,18/02/2024,303
user45,19/02/2024,255
user45,20/02/2024,293
user45,21/02/2024,195
user45,22/02/2024,301
user45,23/02/2024,194
user45,24/02/2024,199
user45,25/02/2024,237
user45,26/02/2024,269
user45,27/02/2024,285
user45,28/02/2024,251
user45,29/02/2024,235
user45,01/03/2024,277
user45,02/03/2024,356
user45,03/03/2024,353
user45,04/03/2024,182
user45,05/03/2024,388
user45,06/03/2024,270
user45,07/03/2024,298
user45,08/03/2024,382
user45,09/03/2024,302
user45,10/03/2024,340
user45,11/03/2024,412
user45,12/03/2024,424
user45,13/03/2024,297
user45,14/03/2024,346
user45,15/03/2024,425
user45,16/03/2024,217
user45,17/03/2024,382
user45,18/03/2024,346
user45,19/03/2024,334
user45,20/03/2024,287
user45,21/03/2024,215
user45,22/03/2024,350
user45,23/03/2024,174
user45,24/03/2024,397
user45,25/03/2024,219
user45,26/03/2024,180
user45,27/03/2024,247
user45,28/03/2024,425
user45,29/03/2024,218
user45,30/03/2024,305
user45,31/03/2024,347
user45,01/04/2024,110
user45,02/04/2024,162
user45,03/04/2024,293
user45,04/04/2024,253
user45,05/04/2024,229
user45,06/04/2024,231
user45,07/04/2024,308
user45,08/04/2024,281
user45,09/04/2024,207
user45,10/04/2024,201
user45,11/04/2024,347
user45,12/04/2024,277
user45,13/04/2024,292
user45,14/04/2024,312
user45,15/04/2024,367
user45,16/04/2024,196
user45,17/04/2024,353
user45,18/04/2024,386
user45,19/04/2024,166
user45,20/04/2024,238
user45,21/04/2024,274
user45,22/04/2024,222
user45,23/04/2024,273
user45,24/04/2024,155
user45,25/04/2024,397
user45,26/04/2024,364
user45,27/04/2024,290
user45,28/04/2024,313
user45,29/04/2024,386
user45,30/04/2024,388
user45,01/05/2024,247
user45,02/05/2024,139
user45,03/05/2024,331
user45,04/05/2024,355
user45,05/05/2024,308
user45,06/05/2024,296
user45,07/05/2024,330
user45,08/05/2024,259
user45,09/05/2024,382
user45,10/05/2024,173
user45,11/05/2024,366
user45,12/05/2024,362
user45,13/05/2024,288
user45,14/05/2024,299
user45,15/05/2024,345
user45,16/05/2024,334
user45,17/05/2024,225
user45,18/05/2024,340
user45,19/05/2024,145
user45,20/05/2024,270
user45,21/05/2024,352
user45,22/05/2024,177
user45,23/05/2024,203
user45,24/05/2024,219
user45,25/05/2024,315
user45,26/05/2024,276
user45,27/05/2024,295
user45,28/05/2024,182
user45,29/05/2024,306
user45,30/05/2024,285
user45,31/05/2024,225
user45,01/06/2024,306
user45,02/06/2024,348
user45,03/06/2024,264
user45,04/06/2024,333
user45,05/06/2024,229
user45,06/06/2024,365
user45,07/06/2024,277
user45,08/06/2024,236
user45,09/06/2024,210
user45,10/06/2024,236
user45,11/06/2024,305
user45,12/06/2024,286
user45,13/06/2024,391
user45,14/06/2024,173
user45,15/06/2024,434
user45,16/06/2024,332
user45,17/06/2024,223
user45,18/06/2024,270
user45,19/06/2024,202
user45,20/06/2024,306
user45,21/06/2024,259
user45,22/06/2024,274
user45,23/06/2024,204
user45,24/06/2024,361
user45,25/06/2024,335
user45,26/06/2024,197
user45,27/06/2024,250
user45,28/06/2024,244
user45,29/06/2024,265
user45,30/06/2024,260
user45,01/07/2024,269
user45,02/07/2024,93
user45,03/07/2024,262
user45,04/07/2024,274
user45,05/07/2024,256
user45,06/07/2024,339
user45,07/07/2024,317
user45,08/07/2024,332
user45,09/07/2024,241
user45,10/07/2024,386
user45,11/07/2024,218
user45,12/07/2024,320
user45,13/07/2024,270
user45,14/07/2024,297
user45,15/07/2024,267
user45,16/07/2024,209
user45,17/07/2024,338
user45,18/07/2024,247
user45,19/07/2024,310
user45,20/07/2024,250
user45,21/07/2024,253
user45,22/07/2024,307
user45,23/07/2024,190
user45,24/07/2024,233
user45,25/07/2024,317
user45,26/07/2024,294
user45,27/07/2024,357
user45,28/07/2024,263
user45,29/07/2024,274
user45,30/07/2024,243
user45,31/07/2024,284
user45,01/08/2024,430
user45,02/08/2024,266
user45,03/08/2024,224
user45,04/08/2024,210
user45,05/08/2024,390
user45,06/08/2024,210
user45,07/08/2024,316
user45,08/08/2024,251
user45,09/08/2024,328
user45,10/08/2024,222
user45,11/08/2024,138
user45,12/08/2024,224
user45,13/08/2024,167
user45,14/08/2024,282
user45,15/08/2024,164
user45,16/08/2024,338
user45,17/08/2024,339
user45,18/08/2024,248
user45,19/08/2024,350
user45,20/08/2024,193
user45,21/08/2024,271
user45,22/08/2024,193
user45,23/08/2024,159
user45,24/08/2024,420
user45,25/08/2024,308
user45,26/08/2024,368
user45,27/08/2024,315
user45,28/08/2024,226
user45,29/08/2024,87
user45,30/08/2024,229
user45,31/08/2024,233
user45,01/09/2024,106
user45,02/09/2024,361
user45,03/09/2024,288
user45,04/09/2024,42
user45,05/09/2024,279
user45,06/09/2024,216
user45,07/09/2024,405
user45,08/09/2024,362
user45,09/09/2024,199
user45,10/09/2024,395
user45,11/09/2024,417
user45,12/09/2024,172
user45,13/09/2024,226
user45,14/09/2024,136
user45,15/09/2024,288
user45,16/09/2024,415
user45,17/09/2024,282
user45,18/09/2024,298
user45,19/09/2024,243
user45,20/09/2024,175
user45,21/09/2024,348
user45,22/09/2024,154
user45,23/09/2024,306
user45,24/09/2024,316
user45,25/09/2024,312
user45,26/09/2024,299
user45,27/09/2024,297
user45,28/09/2024,381
user45,29/09/2024,259
user45,30/09/2024,193
user45,01/10/2024,298
user45,02/10/2024,201
user45,03/10/2024,366
user45,04/10/2024,290
user45,05/10/2024,252
user45,06/10/2024,250
user45,07/10/2024,276
user45,08/10/2024,273
user45,09/10/2024,311
user45,10/10/2024,253
user45,11/10/2024,246
user45,12/10/2024,280
user45,13/10/2024,260
user45,14/10/2024,226
user45,15/10/2024,220
user45,16/10/2024,343
user45,17/10/2024,377
user45,18/10/2024,505
user45,19/10/2024,412
user45,20/10/2024,337
user45,21/10/2024,231
user45,22/10/2024,364
user45,23/10/2024,198
user45,24/10/2024,375
user45,25/10/2024,230
user45,26/10/2024,305
user45,27/10/2024,268
user45,28/10/2024,189
user45,29/10/2024,246
user45,30/10/2024,156
user45,31/10/2024,231
user45,01/11/2024,349
user45,02/11/2024,329
user45,03/11/2024,204
user45,04/11/2024,278
user45,05/11/2024,349
user45,06/11/2024,95
user45,07/11/2024,146
user45,08/11/2024,402
user45,09/11/2024,137
user45,10/11/2024,330
user45,11/11/2024,359
user45,12/11/2024,94
user45,13/11/2024,249
user45,14/11/2024,212
user45,15/11/2024,218
user45,16/11/2024,291
user45,17/11/2024,373
user45,18/11/2024,381
user45,19/11/2024,373
user45,20/11/2024,383
user45,21/11/2024,387
user45,22/11/2024,290
user45,23/11/2024,232
user45,24/11/2024,319
user45,25/11/2024,220
user45,26/11/2024,257
user45,27/11/2024,219
user45,28/11/2024,287
user45,29/11/2024,219
user45,30/11/2024,384
user45,01/12/2024,351
user45,02/12/2024,200
user45,03/12/2024,369
user45,04/12/2024,328
user45,05/12/2024,330
user45,06/12/2024,202
user45,07/12/2024,275
user45,08/12/2024,207
user45,09/12/2024,349
user45,10/12/2024,396
user45,11/12/2024,381
user45,12/12/2024,251
user45,13/12/2024,370
user45,14/12/2024,72
user45,15/12/2024,221
user45,16/12/2024,346
user45,17/12/2024,360
user45,18/12/2024,313
user45,19/12/2024,248
user45,20/12/2024,286
user45,21/12/2024,335
user45,22/12/2024,165
user45,23/12/2024,308
user45,24/12/2024,329
user45,25/12/2024,185
user45,26/12/2024,196
user45,27/12/2024,180
user45,28/12/2024,349
user45,29/12/2024,259
user45,30/12/2024,271
user46,01/01/2024,252
user46,02/01/2024,191
user46,03/01/2024,307
user46,04/01/2024,126
user46,05/01/2024,63
user46,06/01/2024,51
user46,07/01/2024,121
user46,08/01/2024,135
user46,09/01/2024,207
user46,10/01/2024,93
user46,11/01/2024,161
user46,12/01/2024,97
user46,13/01/2024,119
user46,14/01/2024,43
user46,15/01/2024,36
user46,16/01/2024,46
user46,17/01/2024,93
user46,18/01/2024,201
user46,19/01/2024,18
user46,20/01/2024,246
user46,21/01/2024,105
user46,22/01/2024,206
user46,23/01/2024,278
user46,24/01/2024,320
user46,25/01/2024,32
user46,26/01/2024,0
user46,27/01/2024,0
user46,28/01/2024,67
user46,29/01/2024,8
user46,30/01/2024,305
user46,31/01/2024,195
user46,01/02/2024,186
user46,02/02/2024,96
user46,03/02/2024,134
user46,04/02/2024,143
user46,05/02/2024,116
user46,06/02/2024,227
user46,07/02/2024,137
user46,08/02/2024,58
user46,09/02/2024,8
user46,10/02/2024,144
user46,11/02/2024,163
user46,12/02/2024,85
user46,13/02/2024,70
user46,14/02/2024,0
user46,15/02/2024,118
user46,16/02/2024,99
user46,17/02/2024,193
user46,18/02/2024,219
user46,19/02/2024,51
user46,20/02/2024,25
user46,21/02/2024,113
user46,22/02/2024,202
user46,23/02/2024,192
user46,24/02/2024,174
user46,25/02/2024,83
user46,26/02/2024,74
user46,27/02/2024,152
user46,28/02/2024,106
user46,29/02/2024,208
user46,01/03/2024,114
user46,02/03/2024,169
user46,03/03/2024,75
user46,04/03/2024,197
user46,05/03/2024,280
user46,06/03/2024,64
user46,07/03/2024,234
user46,08/03/2024,1
user46,09/03/2024,111
user46,10/03/2024,114
user46,11/03/2024,23
user46,12/03/2024,119
user46,13/03/2024,131
user46,14/03/2024,97
user46,15/03/2024,33
user46,16/03/2024,123
user46,17/03/2024,297
user46,18/03/2024,218
user46,19/03/2024,288
user46,20/03/2024,212
user46,21/03/2024,132
user46,22/03/2024,0
user46,23/03/2024,13
user46,24/03/2024,164
user46,25/03/2024,215
user46,26/03/2024,134
user46,27/03/2024,233
user46,28/03/2024,187
user46,29/03/2024,87
user46,30/03/2024,194
user46,31/03/2024,198
user46,01/04/2024,242
user46,02/04/2024,214
user46,03/04/2024,53
user46,04/04/2024,27
user46,05/04/2024,166
user46,06/04/2024,107
user46,07/04/2024,205
user46,08/04/2024,165
user46,09/04/2024,155
user46,10/04/2024,100
user46,11/04/2024,215
user46,12/04/2024,95
user46,13/04/2024,86
user46,14/04/2024,114
user46,15/04/2024,104
user46,16/04/2024,108
user46,17/04/2024,142
user46,18/04/2024,153
user46,19/04/2024,168
user46,20/04/2024,49
user46,21/04/2024,220
user46,22/04/2024,190
user46,23/04/2024,269
user46,24/04/2024,97
user46,25/04/2024,192
user46,26/04/2024,214
user46,27/04/2024,97
user46,28/04/2024,101
user46,29/04/2024,36
user46,30/04/2024,160
user46,01/05/2024,171
user46,02/05/2024,197
user46,03/05/2024,0
user46,04/05/2024,49
user46,05/05/2024,211
user46,06/05/2024,37
user46,07/05/2024,104
user46,08/05/2024,104
user46,09/05/2024,150
user46,10/05/2024,170
user46,11/05/2024,132
user46,12/05/2024,157
user46,13/05/2024,171
user46,14/05/2024,171
user46,15/05/2024,141
user46,16/05/2024,145
user46,17/05/2024,0
user46,18/05/2024,37
user46,19/05/2024,98
user46,20/05/2024,88
user46,21/05/2024,102
user46,22/05/2024,89
user46,23/05/2024,11
user46,24/05/2024,59
user46,25/05/2024,149
user46,26/05/2024,49
user46,27/05/2024,41
user46,28/05/2024,115
user46,29/05/2024,156
user46,30/05/2024,35
user46,31/05/2024,208
user46,01/06/2024,145
user46,02/06/2024,156
user46,03/06/2024,128
user46,04/06/2024,147
user46,05/06/2024,0
user46,06/06/2024,77
user46,07/06/2024,145
user46,08/06/2024,0
user46,09/06/2024,123
user46,10/06/2024,67
user46,11/06/2024,128
user46,12/06/2024,195
user46,13/06/2024,30
user46,14/06/2024,0
user46,15/06/2024,85
user46,16/06/2024,0
user46,17/06/2024,109
user46,18/06/2024,136
user46,19/06/2024,66
user46,20/06/2024,307
user46,21/06/2024,17
user46,22/06/2024,18
user46,23/06/2024,105
user46,24/06/2024,45
user46,25/06/2024,131
user46,26/06/2024,179
user46,27/06/2024,289
user46,28/06/2024,5
user46,29/06/2024,128
user46,30/06/2024,210
user46,01/07/2024,25
user46,02/07/2024,55
user46,03/07/2024,107
user46,04/07/2024,21
user46,05/07/2024,141
user46,06/07/2024,68
user46,07/07/2024,127
user46,08/07/2024,156
user46,09/07/2024,102
user46,10/07/2024,104
user46,11/07/2024,240
user46,12/07/2024,105
user46,13/07/2024,163
user46,14/07/2024,106
user46,15/07/2024,225
user46,16/07/2024,49
user46,17/07/2024,41
user46,18/07/2024,0
user46,19/07/2024,221
user46,20/07/2024,180
user46,21/07/2024,62
user46,22/07/2024,96
user46,23/07/2024,152
user46,24/07/2024,262
user46,25/07/2024,45
user46,26/07/2024,15
user46,27/07/2024,133
user46,28/07/2024,0
user46,29/07/2024,192
user46,30/07/2024,252
user46,31/07/2024,125
user46,01/08/2024,252
user46,02/08/2024,174
user46,03/08/2024,160
user46,04/08/2024,273
user46,05/08/2024,65
user46,06/08/2024,201
user46,07/08/2024,70
user46,08/08/2024,44
user46,09/08/2024,185
user46,10/08/2024,110
user46,11/08/2024,212
user46,12/08/2024,247
user46,13/08/2024,75
user46,14/08/2024,45
user46,15/08/2024,91
user46,16/08/2024,72
user46,17/08/2024,21
user46,18/08/2024,98
user46,19/08/2024,36
user46,20/08/2024,272
user46,21/08/2024,30
user46,22/08/2024,242
user46,23/08/2024,34
user46,24/08/2024,107
user46,25/08/2024,76
user46,26/08/2024,298
user46,27/08/2024,128
user46,28/08/2024,9
user46,29/08/2024,0
user46,30/08/2024,98
user46,31/08/2024,22
user46,01/09/2024,104
user46,02/09/2024,99
user46,03/09/2024,84
user46,04/09/2024,235
user46,05/09/2024,167
user46,06/09/2024,189
user46,07/09/2024,112
user46,08/09/2024,309
user46,09/09/2024,278
user46,10/09/2024,143
user46,11/09/2024,223
user46,12/09/2024,86
user46,13/09/2024,36
user46,14/09/2024,138
user46,15/09/2024,134
user46,16/09/2024,35
user46,17/09/2024,117
user46,18/09/2024,48
user46,19/09/2024,297
user46,20/09/2024,90
user46,21/09/2024,115
user46,22/09/2024,145
user46,23/09/2024,53
user46,24/09/2024,165
user46,25/09/2024,185
user46,26/09/2024,58
user46,27/09/2024,175
user46,28/09/2024,98
user46,29/09/2024,40
user46,30/09/2024,202
user46,01/10/2024,104
user46,02/10/2024,144
user46,03/10/2024,60
user46,04/10/2024,249
user46,05/10/2024,191
user46,06/10/2024,90
user46,07/10/2024,98
user46,08/10/2024,160
user46,09/10/2024,172
user46,10/10/2024,210
user46,11/10/2024,231
user46,12/10/2024,126
user46,13/10/2024,19
user46,14/10/2024,179
user46,15/10/2024,111
user46,16/10/2024,96
user46,17/10/2024,122
user46,18/10/2024,88
user46,19/10/2024,59
user46,20/10/2024,45
user46,21/10/2024,101
user46,22/10/2024,82
user46,23/10/2024,3
user46,24/10/2024,122
user46,25/10/2024,122
user46,26/10/2024,183
user46,27/10/2024,189
user46,28/10/2024,130
user46,29/10/2024,190
user46,30/10/2024,60
user46,31/10/2024,99
user46,01/11/2024,165
user46,02/11/2024,142
user46,03/11/2024,277
user46,04/11/2024,221
user46,05/11/2024,74
user46,06/11/2024,155
user46,07/11/2024,241
user46,08/11/2024,100
user46,09/11/2024,111
user46,10/11/2024,157
user46,11/11/2024,300
user46,12/11/2024,263
user46,13/11/2024,144
user46,14/11/2024,97
user46,15/11/2024,99
user46,16/11/2024,130
user46,17/11/2024,248
user46,18/11/2024,108
user46,19/11/2024,246
user46,20/11/2024,0
user46,21/11/2024,88
user46,22/11/2024,111
user46,23/11/2024,204
user46,24/11/2024,0
user46,25/11/2024,153
user46,26/11/2024,73
user46,27/11/2024,109
user46,28/11/2024,135
user46,29/11/2024,105
user46,30/11/2024,175
user46,01/12/2024,101
user46,02/12/2024,47
user46,03/12/2024,117
user46,04/12/2024,229
user46,05/12/2024,208
user46,06/12/2024,88
user46,07/12/2024,47
user46,08/12/2024,79
user46,09/12/2024,161
user46,10/12/2024,144
user46,11/12/2024,189
user46,12/12/2024,102
user46,13/12/2024,136
user46,14/12/2024,52
user46,15/12/2024,139
user46,16/12/2024,162
user46,17/12/2024,115
user46,18/12/2024,105
user46,19/12/2024,130
user46,20/12/2024,140
user46,21/12/2024,167
user46,22/12/2024,40
user46,23/12/2024,154
user46,24/12/2024,90
user46,25/12/2024,117
user46,26/12/2024,234
user46,27/12/2024,93
user46,28/12/2024,40
user46,29/12/2024,178
user46,30/12/2024,99
user47,01/01/2024,205
user47,02/01/2024,210
user47,03/01/2024,160
user47,04/01/2024,375
user47,05/01/2024,175
user47,06/01/2024,270
user47,07/01/2024,170
user47,08/01/2024,325
user47,09/01/2024,161
user47,10/01/2024,318
user47,11/01/2024,130
user47,12/01/2024,140
user47,13/01/2024,133
user47,14/01/2024,40
user47,15/01/2024,248
user47,16/01/2024,353
user47,17/01/2024,154
user47,18/01/2024,218
user47,19/01/2024,149
user47,20/01/2024,174
user47,21/01/2024,358
user47,22/01/2024,242
user47,23/01/2024,190
user47,24/01/2024,288
user47,25/01/2024,298
user47,26/01/2024,97
user47,27/01/2024,295
user47,28/01/2024,232
user47,29/01/2024,246
user47,30/01/2024,289
user47,31/01/2024,115
user47,01/02/2024,100
user47,02/02/2024,179
user47,03/02/2024,151
user47,04/02/2024,316
user47,05/02/2024,170
user47,06/02/2024,139
user47,07/02/2024,166
user47,08/02/2024,173
user47,09/02/2024,231
user47,10/02/2024,243
user47,11/02/2024,179
user47,12/02/2024,213
user47,13/02/2024,170
user47,14/02/2024,174
user47,15/02/2024,161
user47,16/02/2024,207
user47,17/02/2024,132
user47,18/02/2024,306
user47,19/02/2024,122
user47,20/02/2024,250
user47,21/02/2024,218
user47,22/02/2024,111
user47,23/02/2024,373
user47,24/02/2024,252
user47,25/02/2024,279
user47,26/02/2024,190
user47,27/02/2024,139
user47,28/02/2024,344
user47,29/02/2024,133
user47,01/03/2024,373
user47,02/03/2024,79
user47,03/03/2024,269
user47,04/03/2024,132
user47,05/03/2024,129
user47,06/03/2024,278
user47,07/03/2024,241
user47,08/03/2024,207
user47,09/03/2024,227
user47,10/03/2024,356
user47,11/03/2024,257
user47,12/03/2024,234
user47,13/03/2024,135
user47,14/03/2024,208
user47,15/03/2024,218
user47,16/03/2024,331
user47,17/03/2024,59
user47,18/03/2024,143
user47,19/03/2024,192
user47,20/03/2024,258
user47,21/03/2024,452
user47,22/03/2024,224
user47,23/03/2024,278
user47,24/03/2024,244
user47,25/03/2024,214
user47,26/03/2024,87
user47,27/03/2024,230
user47,28/03/2024,253
user47,29/03/2024,331
user47,30/03/2024,212
user47,31/03/2024,114
user47,01/04/2024,288
user47,02/04/2024,75
user47,03/04/2024,259
user47,04/04/2024,306
user47,05/04/2024,240
user47,06/04/2024,167
user47,07/04/2024,189
user47,08/04/2024,295
user47,09/04/2024,320
user47,10/04/2024,253
user47,11/04/2024,118
user47,12/04/2024,94
user47,13/04/2024,221
user47,14/04/2024,200
user47,15/04/2024,239
user47,16/04/2024,107
user47,17/04/2024,71
user47,18/04/2024,355
user47,19/04/2024,277
user47,20/04/2024,234
user47,21/04/2024,291
user47,22/04/2024,103
user47,23/04/2024,237
user47,24/04/2024,327
user47,25/04/2024,270
user47,26/04/2024,109
user47,27/04/2024,189
user47,28/04/2024,214
user47,29/04/2024,138
user47,30/04/2024,250
user47,01/05/2024,276
user47,02/05/2024,192
user47,03/05/2024,173
user47,04/05/2024,83
user47,05/05/2024,267
user47,06/05/2024,153
user47,07/05/2024,294
user47,08/05/2024,286
user47,09/05/2024,153
user47,10/05/2024,215
user47,11/05/2024,351
user47,12/05/2024,203
user47,13/05/2024,209
user47,14/05/2024,262
user47,15/05/2024,283
user47,16/05/2024,204
user47,17/05/2024,220
user47,18/05/2024,280
user47,19/05/2024,136
user47,20/05/2024,179
user47,21/05/2024,280
user47,22/05/2024,196
user47,23/05/2024,235
user47,24/05/2024,259
user47,25/05/2024,52
user47,26/05/2024,157
user47,27/05/2024,188
user47,28/05/2024,224
user47,29/05/2024,250
user47,30/05/2024,278
user47,31/05/2024,244
user47,01/06/2024,156
user47,02/06/2024,54
user47,03/06/2024,223
user47,04/06/2024,265
user47,05/06/2024,196
user47,06/06/2024,341
user47,07/06/2024,167
user47,08/06/2024,263
user47,09/06/2024,207
user47,10/06/2024,178
user47,11/06/2024,323
user47,12/06/2024,131
user47,13/06/2024,207
user47,14/06/2024,70
user47,15/06/2024,284
user47,16/06/2024,195
user47,17/06/2024,160
user47,18/06/2024,250
user47,19/06/2024,397
user47,20/06/2024,207
user47,21/06/2024,265
user47,22/06/2024,129
user47,23/06/2024,272
user47,24/06/2024,34
user47,25/06/2024,139
user47,26/06/2024,245
user47,27/06/2024,250
user47,28/06/2024,201
user47,29/06/2024,325
user47,30/06/2024,277
user47,01/07/2024,207
user47,02/07/2024,108
user47,03/07/2024,193
user47,04/07/2024,188
user47,05/07/2024,203
user47,06/07/2024,310
user47,07/07/2024,327
user47,08/07/2024,189
user47,09/07/2024,173
user47,10/07/2024,282
user47,11/07/2024,199
user47,12/07/2024,298
user47,13/07/2024,283
user47,14/07/2024,122
user47,15/07/2024,100
user47,16/07/2024,178
user47,17/07/2024,244
user47,18/07/2024,160
user47,19/07/2024,151
user47,20/07/2024,285
user47,21/07/2024,324
user47,22/07/2024,278
user47,23/07/2024,235
user47,24/07/2024,274
user47,25/07/2024,177
user47,26/07/2024,140
user47,27/07/2024,228
user47,28/07/2024,81
user47,29/07/2024,228
user47,30/07/2024,225
user47,31/07/2024,305
user47,01/08/2024,361
user47,02/08/2024,195
user47,03/08/2024,266
user47,04/08/2024,121
user47,05/08/2024,258
user47,06/08/2024,224
user47,07/08/2024,377
user47,08/08/2024,294
user47,09/08/2024,232
user47,10/08/2024,269
user47,11/08/2024,249
user47,12/08/2024,286
user47,13/08/2024,272
user47,14/08/2024,214
user47,15/08/2024,220
user47,16/08/2024,115
user47,17/08/2024,137
user47,18/08/2024,179
user47,19/08/2024,282
user47,20/08/2024,229
user47,21/08/2024,236
user47,22/08/2024,420
user47,23/08/2024,172
user47,24/08/2024,178
user47,25/08/2024,74
user47,26/08/2024,223
user47,27/08/2024,162
user47,28/08/2024,145
user47,29/08/2024,196
user47,30/08/2024,199
user47,31/08/2024,161
user47,01/09/2024,199
user47,02/09/2024,172
user47,03/09/2024,281
user47,04/09/2024,193
user47,05/09/2024,246
user47,06/09/2024,241
user47,07/09/2024,355
user47,08/09/2024,212
user47,09/09/2024,173
user47,10/09/2024,204
user47,11/09/2024,252
user47,12/09/2024,323
user47,13/09/2024,174
user47,14/09/2024,208
user47,15/09/2024,104
user47,16/09/2024,476
user47,17/09/2024,192
user47,18/09/2024,206
user47,19/09/2024,210
user47,20/09/2024,173
user47,21/09/2024,169
user47,22/09/2024,185
user47,23/09/2024,308
user47,24/09/2024,250
user47,25/09/2024,178
user47,26/09/2024,293
user47,27/09/2024,262
user47,28/09/2024,326
user47,29/09/2024,279
user47,30/09/2024,270
user47,01/10/2024,277
user47,02/10/2024,178
user47,03/10/2024,146
user47,04/10/2024,264
user47,05/10/2024,95
user47,06/10/2024,184
user47,07/10/2024,174
user47,08/10/2024,348
user47,09/10/2024,167
user47,10/10/2024,144
user47,11/10/2024,246
user47,12/10/2024,317
user47,13/10/2024,91
user47,14/10/2024,65
user47,15/10/2024,311
user47,16/10/2024,226
user47,17/10/2024,187
user47,18/10/2024,204
user47,19/10/2024,282
user47,20/10/2024,322
user47,21/10/2024,214
user47,22/10/2024,279
user47,23/10/2024,255
user47,24/10/2024,328
user47,25/10/2024,291
user47,26/10/2024,226
user47,27/10/2024,247
user47,28/10/2024,104
user47,29/10/2024,316
user47,30/10/2024,233
user47,31/10/2024,148
user47,01/11/2024,249
user47,02/11/2024,290
user47,03/11/2024,147
user47,04/11/2024,159
user47,05/11/2024,63
user47,06/11/2024,305
user47,07/11/2024,169
user47,08/11/2024,92
user47,09/11/2024,292
user47,10/11/2024,252
user47,11/11/2024,271
user47,12/11/2024,298
user47,13/11/2024,236
user47,14/11/2024,272
user47,15/11/2024,174
user47,16/11/2024,269
user47,17/11/2024,223
user47,18/11/2024,271
user47,19/11/2024,240
user47,20/11/2024,278
user47,21/11/2024,262
user47,22/11/2024,234
user47,23/11/2024,237
user47,24/11/2024,322
user47,25/11/2024,117
user47,26/11/2024,199
user47,27/11/2024,208
user47,28/11/2024,213
user47,29/11/2024,118
user47,30/11/2024,302
user47,01/12/2024,168
user47,02/12/2024,229
user47,03/12/2024,289
user47,04/12/2024,216
user47,05/12/2024,179
user47,06/12/2024,328
user47,07/12/2024,227
user47,08/12/2024,293
user47,09/12/2024,274
user47,10/12/2024,248
user47,11/12/2024,290
user47,12/12/2024,81
user47,13/12/2024,363
user47,14/12/2024,245
user47,15/12/2024,227
user47,16/12/2024,178
user47,17/12/2024,72
user47,18/12/2024,233
user47,19/12/2024,270
user47,20/12/2024,388
user47,21/12/2024,221
user47,22/12/2024,229
user47,23/12/2024,161
user47,24/12/2024,202
user47,25/12/2024,306
user47,26/12/2024,229
user47,27/12/2024,297
user47,28/12/2024,288
user47,29/12/2024,207
user47,30/12/2024,218
user48,01/01/2024,225
user48,02/01/2024,347
user48,03/01/2024,294
user48,04/01/2024,206
user48,05/01/2024,199
user48,06/01/2024,186
user48,07/01/2024,214
user48,08/01/2024,339
user48,09/01/2024,131
user48,10/01/2024,413
user48,11/01/2024,227
user48,12/01/2024,182
user48,13/01/2024,294
user48,14/01/2024,195
user48,15/01/2024,397
user48,16/01/2024,73
user48,17/01/2024,155
user48,18/01/2024,231
user48,19/01/2024,270
user48,20/01/2024,236
user48,21/01/2024,183
user48,22/01/2024,290
user48,23/01/2024,220
user48,24/01/2024,262
user48,25/01/2024,215
user48,26/01/2024,388
user48,27/01/2024,273
user48,28/01/2024,364
user48,29/01/2024,214
user48,30/01/2024,217
user48,31/01/2024,349
user48,01/02/2024,216
user48,02/02/2024,123
user48,03/02/2024,119
user48,04/02/2024,309
user48,05/02/2024,208
user48,06/02/2024,163
user48,07/02/2024,231
user48,08/02/2024,174
user48,09/02/2024,378
user48,10/02/2024,276
user48,11/02/2024,259
user48,12/02/2024,355
user48,13/02/2024,300
user48,14/02/2024,223
user48,15/02/2024,326
user48,16/02/2024,302
user48,17/02/2024,345
user48,18/02/2024,250
user48,19/02/2024,312
user48,20/02/2024,308
user48,21/02/2024,150
user48,22/02/2024,138
user48,23/02/2024,222
user48,24/02/2024,264
user48,25/02/2024,58
user48,26/02/2024,285
user48,27/02/2024,173
user48,28/02/2024,206
user48,29/02/2024,298
user48,01/03/2024,289
user48,02/03/2024,300
user48,03/03/2024,249
user48,04/03/2024,138
user48,05/03/2024,464
user48,06/03/2024,312
user48,07/03/2024,126
user48,08/03/2024,198
user48,09/03/2024,211
user48,10/03/2024,228
user48,11/03/2024,212
user48,12/03/2024,138
user48,13/03/2024,302
user48,14/03/2024,302
user48,15/03/2024,111
user48,16/03/2024,352
user48,17/03/2024,59
user48,18/03/2024,104
user48,19/03/2024,77
user48,20/03/2024,187
user48,21/03/2024,289
user48,22/03/2024,380
user48,23/03/2024,128
user48,24/03/2024,348
user48,25/03/2024,363
user48,26/03/2024,254
user48,27/03/2024,234
user48,28/03/2024,173
user48,29/03/2024,273
user48,30/03/2024,305
user48,31/03/2024,234
user48,01/04/2024,285
user48,02/04/2024,80
user48,03/04/2024,34
user48,04/04/2024,404
user48,05/04/2024,220
user48,06/04/2024,230
user48,07/04/2024,261
user48,08/04/2024,249
user48,09/04/2024,188
user48,10/04/2024,294
user48,11/04/2024,74
user48,12/04/2024,273
user48,13/04/2024,160
user48,14/04/2024,401
user48,15/04/2024,161
user48,16/04/2024,252
user48,17/04/2024,321
user48,18/04/2024,267
user48,19/04/2024,252
user48,20/04/2024,405
user48,21/04/2024,148
user48,22/04/2024,251
user48,23/04/2024,224
user48,24/04/2024,381
user48,25/04/2024,270
user48,26/04/2024,346
user48,27/04/2024,387
user48,28/04/2024,312
user48,29/04/2024,312
user48,30/04/2024,156
user48,01/05/2024,266
user48,02/05/2024,295
user48,03/05/2024,151
user48,04/05/2024,363
user48,05/05/2024,161
user48,06/05/2024,273
user48,07/05/2024,199
user48,08/05/2024,128
user48,09/05/2024,309
user48,10/05/2024,357
user48,11/05/2024,269
user48,12/05/2024,224
user48,13/05/2024,214
user48,14/05/2024,330
user48,15/05/2024,285
user48,16/05/2024,179
user48,17/05/2024,280
user48,18/05/2024,280
user48,19/05/2024,342
user48,20/05/2024,336
user48,21/05/2024,358
user48,22/05/2024,217
user48,23/05/2024,164
user48,24/05/2024,265
user48,25/05/2024,272
user48,26/05/2024,134
user48,27/05/2024,296
user48,28/05/2024,192
user48,29/05/2024,239
user48,30/05/2024,127
user48,31/05/2024,257
user48,01/06/2024,504
user48,02/06/2024,243
user48,03/06/2024,189
user48,04/06/2024,290
user48,05/06/2024,58
user48,06/06/2024,273
user48,07/06/2024,250
user48,08/06/2024,317
user48,09/06/2024,400
user48,10/06/2024,175
user48,11/06/2024,162
user48,12/06/2024,221
user48,13/06/2024,318
user48,14/06/2024,334
user48,15/06/2024,167
user48,16/06/2024,144
user48,17/06/2024,148
user48,18/06/2024,332
user48,19/06/2024,255
user48,20/06/2024,114
user48,21/06/2024,141
user48,22/06/2024,175
user48,23/06/2024,198
user48,24/06/2024,324
user48,25/06/2024,152
user48,26/06/2024,341
user48,27/06/2024,298
user48,28/06/2024,338
user48,29/06/2024,350
user48,30/06/2024,323
user48,01/07/2024,81
user48,02/07/2024,147
user48,03/07/2024,137
user48,04/07/2024,141
user48,05/07/2024,322
user48,06/07/2024,208
user48,07/07/2024,121
user48,08/07/2024,179
user48,09/07/2024,338
user48,10/07/2024,232
user48,11/07/2024,246
user48,12/07/2024,178
user48,13/07/2024,315
user48,14/07/2024,349
user48,15/07/2024,301
user48,16/07/2024,139
user48,17/07/2024,274
user48,18/07/2024,237
user48,19/07/2024,294
user48,20/07/2024,228
user48,21/07/2024,295
user48,22/07/2024,193
user48,23/07/2024,233
user48,24/07/2024,261
user48,25/07/2024,145
user48,26/07/2024,279
user48,27/07/2024,219
user48,28/07/2024,288
user48,29/07/2024,120
user48,30/07/2024,137
user48,31/07/2024,205
user48,01/08/2024,205
user48,02/08/2024,333
user48,03/08/2024,139
user48,04/08/2024,284
user48,05/08/2024,303
user48,06/08/2024,168
user48,07/08/2024,248
user48,08/08/2024,190
user48,09/08/2024,251
user48,10/08/2024,180
user48,11/08/2024,348
user48,12/08/2024,176
user48,13/08/2024,224
user48,14/08/2024,286
user48,15/08/2024,188
user48,16/08/2024,173
user48,17/08/2024,205
user48,18/08/2024,222
user48,19/08/2024,194
user48,20/08/2024,367
user48,21/08/2024,308
user48,22/08/2024,250
user48,23/08/2024,308
user48,24/08/2024,197
user48,25/08/2024,313
user48,26/08/2024,306
user48,27/08/2024,282
user48,28/08/2024,214
user48,29/08/2024,261
user48,30/08/2024,277
user48,31/08/2024,264
user48,01/09/2024,240
user48,02/09/2024,318
user48,03/09/2024,166
user48,04/09/2024,197
user48,05/09/2024,344
user48,06/09/2024,382
user48,07/09/2024,396
user48,08/09/2024,333
user48,09/09/2024,235
user48,10/09/2024,228
user48,11/09/2024,215
user48,12/09/2024,230
user48,13/09/2024,322
user48,14/09/2024,329
user48,15/09/2024,306
user48,16/09/2024,212
user48,17/09/2024,168
user48,18/09/2024,334
user48,19/09/2024,245
user48,20/09/2024,126
user48,21/09/2024,447
user48,22/09/2024,195
user48,23/09/2024,236
user48,24/09/2024,286
user48,25/09/2024,244
user48,26/09/2024,285
user48,27/09/2024,89
user48,28/09/2024,309
user48,29/09/2024,225
user48,30/09/2024,191
user48,01/10/2024,238
user48,02/10/2024,287
user48,03/10/2024,216
user48,04/10/2024,91
user48,05/10/2024,240
user48,06/10/2024,172
user48,07/10/2024,243
user48,08/10/2024,191
user48,09/10/2024,493
user48,10/10/2024,367
user48,11/10/2024,330
user48,12/10/2024,267
user48,13/10/2024,153
user48,14/10/2024,360
user48,15/10/2024,91
user48,16/10/2024,181
user48,17/10/2024,217
user48,18/10/2024,278
user48,19/10/2024,357
user48,20/10/2024,188
user48,21/10/2024,224
user48,22/10/2024,295
user48,23/10/2024,348
user48,24/10/2024,268
user48,25/10/2024,86
user48,26/10/2024,128
user48,27/10/2024,317
user48,28/10/2024,390
user48,29/10/2024,225
user48,30/10/2024,281
user48,31/10/2024,279
user48,01/11/2024,185
user48,02/11/2024,348
user48,03/11/2024,289
user48,04/11/2024,368
user48,05/11/2024,272
user48,06/11/2024,244
user48,07/11/2024,153
user48,08/11/2024,205
user48,09/11/2024,164
user48,10/11/2024,308
user48,11/11/2024,130
user48,12/11/2024,222
user48,13/11/2024,202
user48,14/11/2024,218
user48,15/11/2024,260
user48,16/11/2024,315
user48,17/11/2024,215
user48,18/11/2024,409
user48,19/11/2024,157
user48,20/11/2024,495
user48,21/11/2024,238
user48,22/11/2024,312
user48,23/11/2024,223
user48,24/11/2024,134
user48,25/11/2024,326
user48,26/11/2024,112
user48,27/11/2024,251
user48,28/11/2024,265
user48,29/11/2024,304
user48,30/11/2024,153
user48,01/12/2024,265
user48,02/12/2024,291
user48,03/12/2024,431
user48,04/12/2024,194
user48,05/12/2024,324
user48,06/12/2024,207
user48,07/12/2024,213
user48,08/12/2024,97
user48,09/12/2024,359
user48,10/12/2024,152
user48,11/12/2024,303
user48,12/12/2024,279
user48,13/12/2024,332
user48,14/12/2024,110
user48,15/12/2024,380
user48,16/12/2024,165
user48,17/12/2024,250
user48,18/12/2024,340
user48,19/12/2024,34
user48,20/12/2024,237
user48,21/12/2024,49
user48,22/12/2024,337
user48,23/12/2024,263
user48,24/12/2024,262
user48,25/12/2024,374
user48,26/12/2024,248
user48,27/12/2024,173
user48,28/12/2024,265
user48,29/12/2024,297
user48,30/12/2024,447
user49,01/01/2024,178
user49,02/01/2024,222
user49,03/01/2024,170
user49,04/01/2024,96
user49,05/01/2024,349
user49,06/01/2024,197
user49,07/01/2024,34
user49,08/01/2024,116
user49,09/01/2024,130
user49,10/01/2024,55
user49,11/01/2024,320
user49,12/01/2024,14
user49,13/01/2024,209
user49,14/01/2024,155
user49,15/01/2024,300
user49,16/01/2024,122
user49,17/01/2024,113
user49,18/01/2024,121
user49,19/01/2024,269
user49,20/01/2024,65
user49,21/01/2024,84
user49,22/01/2024,173
user49,23/01/2024,89
user49,24/01/2024,153
user49,25/01/2024,151
user49,26/01/2024,155
user49,27/01/2024,145
user49,28/01/2024,218
user49,29/01/2024,98
user49,30/01/2024,89
user49,31/01/2024,256
user49,01/02/2024,203
user49,02/02/2024,84
user49,03/02/2024,323
user49,04/02/2024,136
user49,05/02/2024,292
user49,06/02/2024,171
user49,07/02/2024,272
user49,08/02/2024,142
user49,09/02/2024,262
user49,10/02/2024,221
user49,11/02/2024,213
user49,12/02/2024,264
user49,13/02/2024,133
user49,14/02/2024,222
user49,15/02/2024,194
user49,16/02/2024,139
user49,17/02/2024,198
user49,18/02/2024,92
user49,19/02/2024,249
user49,20/02/2024,276
user49,21/02/2024,130
user49,22/02/2024,209
user49,23/02/2024,137
user49,24/02/2024,150
user49,25/02/2024,133
user49,26/02/2024,173
user49,27/02/2024,296
user49,28/02/2024,294
user49,29/02/2024,171
user49,01/03/2024,131
user49,02/03/2024,4
user49,03/03/2024,103
user49,04/03/2024,320
user49,05/03/2024,143
user49,06/03/2024,212
user49,07/03/2024,161
user49,08/03/2024,239
user49,09/03/2024,168
user49,10/03/2024,56
user49,11/03/2024,96
user49,12/03/2024,144
user49,13/03/2024,88
user49,14/03/2024,284
user49,15/03/2024,0
user49,16/03/2024,124
user49,17/03/2024,80
user49,18/03/2024,275
user49,19/03/2024,87
user49,20/03/2024,154
user49,21/03/2024,185
user49,22/03/2024,216
user49,23/03/2024,177
user49,24/03/2024,170
user49,25/03/2024,311
user49,26/03/2024,197
user49,27/03/2024,185
user49,28/03/2024,139
user49,29/03/2024,114
user49,30/03/2024,224
user49,31/03/2024,142
user49,01/04/2024,200
user49,02/04/2024,177
user49,03/04/2024,219
user49,04/04/2024,245
user49,05/04/2024,171
user49,06/04/2024,253
user49,07/04/2024,128
user49,08/04/2024,0
user49,09/04/2024,158
user49,10/04/2024,227
user49,11/04/2024,226
user49,12/04/2024,199
user49,13/04/2024,206
user49,14/04/2024,81
user49,15/04/2024,230
user49,16/04/2024,248
user49,17/04/2024,132
user49,18/04/2024,317
user49,19/04/2024,225
user49,20/04/2024,128
user49,21/04/2024,169
user49,22/04/2024,206
user49,23/04/2024,180
user49,24/04/2024,274
user49,25/04/2024,258
user49,26/04/2024,167
user49,27/04/2024,89
user49,28/04/2024,132
user49,29/04/2024,50
user49,30/04/2024,119
user49,01/05/2024,360
user49,02/05/2024,86
user49,03/05/2024,191
user49,04/05/2024,194
user49,05/05/2024,108
user49,06/05/2024,24
user49,07/05/2024,310
user49,08/05/2024,239
user49,09/05/2024,240
user49,10/05/2024,85
user49,11/05/2024,22
user49,12/05/2024,119
user49,13/05/2024,230
user49,14/05/2024,175
user49,15/05/2024,156
user49,16/05/2024,184
user49,17/05/2024,113
user49,18/05/2024,188
user49,19/05/2024,358
user49,20/05/2024,209
user49,21/05/2024,130
user49,22/05/2024,146
user49,23/05/2024,157
user49,24/05/2024,176
user49,25/05/2024,278
user49,26/05/2024,216
user49,27/05/2024,257
user49,28/05/2024,261
user49,29/05/2024,4
user49,30/05/2024,241
user49,31/05/2024,311
user49,01/06/2024,176
user49,02/06/2024,81
user49,03/06/2024,121
user49,04/06/2024,168
user49,05/06/2024,262
user49,06/06/2024,149
user49,07/06/2024,273
user49,08/06/2024,218
user49,09/06/2024,103
user49,10/06/2024,135
user49,11/06/2024,226
user49,12/06/2024,97
user49,13/06/2024,129
user49,14/06/2024,164
user49,15/06/2024,186
user49,16/06/2024,339
user49,17/06/2024,140
user49,18/06/2024,175
user49,19/06/2024,76
user49,20/06/2024,133
user49,21/06/2024,191
user49,22/06/2024,235
user49,23/06/2024,179
user49,24/06/2024,154
user49,25/06/2024,182
user49,26/06/2024,170
user49,27/06/2024,110
user49,28/06/2024,291
user49,29/06/2024,49
user49,30/06/2024,215
user49,01/07/2024,149
user49,02/07/2024,376
user49,03/07/2024,183
user49,04/07/2024,34
user49,05/07/2024,203
user49,06/07/2024,165
user49,07/07/2024,232
user49,08/07/2024,62
user49,09/07/2024,275
user49,10/07/2024,11
user49,11/07/2024,53
user49,12/07/2024,186
user49,13/07/2024,147
user49,14/07/2024,24
user49,15/07/2024,149
user49,16/07/2024,169
user49,17/07/2024,269
user49,18/07/2024,186
user49,19/07/2024,37
user49,20/07/2024,100
user49,21/07/2024,69
user49,22/07/2024,221
user49,23/07/2024,101
user49,24/07/2024,340
user49,25/07/2024,168
user49,26/07/2024,149
user49,27/07/2024,174
user49,28/07/2024,50
user49,29/07/2024,155
user49,30/07/2024,195
user49,31/07/2024,157
user49,01/08/2024,216
user49,02/08/2024,175
user49,03/08/2024,160
user49,04/08/2024,56
user49,05/08/2024,182
user49,06/08/2024,156
user49,07/08/2024,189
user49,08/08/2024,198
user49,09/08/2024,365
user49,10/08/2024,208
user49,11/08/2024,116
user49,12/08/2024,254
user49,13/08/2024,145
user49,14/08/2024,249
user49,15/08/2024,137
user49,16/08/2024,143
user49,17/08/2024,118
user49,18/08/2024,304
user49,19/08/2024,0
user49,20/08/2024,44
user49,21/08/2024,309
user49,22/08/2024,227
user49,23/08/2024,74
user49,24/08/2024,239
user49,25/08/2024,177
user49,26/08/2024,139
user49,27/08/2024,157
user49,28/08/2024,149
user49,29/08/2024,295
user49,30/08/2024,306
user49,31/08/2024,234
user49,01/09/2024,59
user49,02/09/2024,125
user49,03/09/2024,89
user49,04/09/2024,116
user49,05/09/2024,222
user49,06/09/2024,196
user49,07/09/2024,186
user49,08/09/2024,185
user49,09/09/2024,197
user49,10/09/2024,139
user49,11/09/2024,129
user49,12/09/2024,236
user49,13/09/2024,0
user49,14/09/2024,156
user49,15/09/2024,82
user49,16/09/2024,286
user49,17/09/2024,340
user49,18/09/2024,136
user49,19/09/2024,230
user49,20/09/2024,83
user49,21/09/2024,135
user49,22/09/2024,24
user49,23/09/2024,165
user49,24/09/2024,331
user49,25/09/2024,320
user49,26/09/2024,183
user49,27/09/2024,130
user49,28/09/2024,256
user49,29/09/2024,57
user49,30/09/2024,95
user49,01/10/2024,49
user49,02/10/2024,181
user49,03/10/2024,237
user49,04/10/2024,15
user49,05/10/2024,241
user49,06/10/2024,129
user49,07/10/2024,142
user49,08/10/2024,147
user49,09/10/2024,193
user49,10/10/2024,165
user49,11/10/2024,160
user49,12/10/2024,355
user49,13/10/2024,81
user49,14/10/2024,190
user49,15/10/2024,121
user49,16/10/2024,152
user49,17/10/2024,130
user49,18/10/2024,119
user49,19/10/2024,224
user49,20/10/2024,213
user49,21/10/2024,157
user49,22/10/2024,177
user49,23/10/2024,164
user49,24/10/2024,130
user49,25/10/2024,267
user49,26/10/2024,205
user49,27/10/2024,234
user49,28/10/2024,58
user49,29/10/2024,186
user49,30/10/2024,231
user49,31/10/2024,162
user49,01/11/2024,94
user49,02/11/2024,183
user49,03/11/2024,77
user49,04/11/2024,344
user49,05/11/2024,138
user49,06/11/2024,57
user49,07/11/2024,149
user49,08/11/2024,86
user49,09/11/2024,134
user49,10/11/2024,73
user49,11/11/2024,0
user49,12/11/2024,213
user49,13/11/2024,348
user49,14/11/2024,146
user49,15/11/2024,131
user49,16/11/2024,246
user49,17/11/2024,83
user49,18/11/2024,170
user49,19/11/2024,27
user49,20/11/2024,97
user49,21/11/2024,262
user49,22/11/2024,87
user49,23/11/2024,245
user49,24/11/2024,57
user49,25/11/2024,200
user49,26/11/2024,158
user49,27/11/2024,87
user49,28/11/2024,167
user49,29/11/2024,135
user49,30/11/2024,121
user49,01/12/2024,144
user49,02/12/2024,174
user49,03/12/2024,146
user49,04/12/2024,292
user49,05/12/2024,214
user49,06/12/2024,84
user49,07/12/2024,150
user49,08/12/2024,100
user49,09/12/2024,225
user49,10/12/2024,159
user49,11/12/2024,187
user49,12/12/2024,64
user49,13/12/2024,248
user49,14/12/2024,165
user49,15/12/2024,154
user49,16/12/2024,208
user49,17/12/2024,191
user49,18/12/2024,281
user49,19/12/2024,155
user49,20/12/2024,138
user49,21/12/2024,214
user49,22/12/2024,218
user49,23/12/2024,262
user49,24/12/2024,65
user49,25/12/2024,205
user49,26/12/2024,123
user49,27/12/2024,154
user49,28/12/2024,135
user49,29/12/2024,247
user49,30/12/2024,79
user50,01/01/2024,155
user50,02/01/2024,199
user50,03/01/2024,233
user50,04/01/2024,205
user50,05/01/2024,263
user50,06/01/2024,236
user50,07/01/2024,156
user50,08/01/2024,166
user50,09/01/2024,175
user50,10/01/2024,216
user50,11/01/2024,236
user50,12/01/2024,158
user50,13/01/2024,294
user50,14/01/2024,140
user50,15/01/2024,130
user50,16/01/2024,321
user50,17/01/2024,163
user50,18/01/2024,200
user50,19/01/2024,258
user50,20/01/2024,120
user50,21/01/2024,155
user50,22/01/2024,35
user50,23/01/2024,314
user50,24/01/2024,203
user50,25/01/2024,140
user50,26/01/2024,180
user50,27/01/2024,212
user50,28/01/2024,214
user50,29/01/2024,207
user50,30/01/2024,157
user50,31/01/2024,118
user50,01/02/2024,171
user50,02/02/2024,271
user50,03/02/2024,279
user50,04/02/2024,232
user50,05/02/2024,204
user50,06/02/2024,261
user50,07/02/2024,283
user50,08/02/2024,166
user50,09/02/2024,56
user50,10/02/2024,134
user50,11/02/2024,289
user50,12/02/2024,207
user50,13/02/2024,304
user50,14/02/2024,0
user50,15/02/2024,65
user50,16/02/2024,323
user50,17/02/2024,112
user50,18/02/2024,200
user50,19/02/2024,37
user50,20/02/2024,195
user50,21/02/2024,235
user50,22/02/2024,202
user50,23/02/2024,372
user50,24/02/2024,305
user50,25/02/2024,290
user50,26/02/2024,229
user50,27/02/2024,221
user50,28/02/2024,161
user50,29/02/2024,384
user50,01/03/2024,315
user50,02/03/2024,212
user50,03/03/2024,179
user50,04/03/2024,233
user50,05/03/2024,371
user50,06/03/2024,226
user50,07/03/2024,149
user50,08/03/2024,218
user50,09/03/2024,249
user50,10/03/2024,181
user50,11/03/2024,71
user50,12/03/2024,40
user50,13/03/2024,0
user50,14/03/2024,0
user50,15/03/2024,300
user50,16/03/2024,150
user50,17/03/2024,260
user50,18/03/2024,27
user50,19/03/2024,248
user50,20/03/2024,125
user50,21/03/2024,174
user50,22/03/2024,289
user50,23/03/2024,253
user50,24/03/2024,224
user50,25/03/2024,56
user50,26/03/2024,248
user50,27/03/2024,181
user50,28/03/2024,345
user50,29/03/2024,69
user50,30/03/2024,285
user50,31/03/2024,118
user50,01/04/2024,261
user50,02/04/2024,90
user50,03/04/2024,183
user50,04/04/2024,230
user50,05/04/2024,180
user50,06/04/2024,282
user50,07/04/2024,224
user50,08/04/2024,277
user50,09/04/2024,216
user50,10/04/2024,212
user50,11/04/2024,183
user50,12/04/2024,241
user50,13/04/2024,130
user50,14/04/2024,138
user50,15/04/2024,233
user50,16/04/2024,0
user50,17/04/2024,136
user50,18/04/2024,135
user50,19/04/2024,268
user50,20/04/2024,192
user50,21/04/2024,67
user50,22/04/2024,203
user50,23/04/2024,285
user50,24/04/2024,185
user50,25/04/2024,184
user50,26/04/2024,169
user50,27/04/2024,173
user50,28/04/2024,239
user50,29/04/2024,45
user50,30/04/2024,261
user50,01/05/2024,52
user50,02/05/2024,130
user50,03/05/2024,281
user50,04/05/2024,192
user50,05/05/2024,347
user50,06/05/2024,196
user50,07/05/2024,128
user50,08/05/2024,106
user50,09/05/2024,319
user50,10/05/2024,179
user50,11/05/2024,360
user50,12/05/2024,233
user50,13/05/2024,145
user50,14/05/2024,181
user50,15/05/2024,273
user50,16/05/2024,177
user50,17/05/2024,175
user50,18/05/2024,184
user50,19/05/2024,59
user50,20/05/2024,241
user50,21/05/2024,167
user50,22/05/2024,225
user50,23/05/2024,132
user50,24/05/2024,125
user50,25/05/2024,256
user50,26/05/2024,338
user50,27/05/2024,193
user50,28/05/2024,266
user50,29/05/2024,32
user50,30/05/2024,194
user50,31/05/2024,267
user50,01/06/2024,125
user50,02/06/2024,209
user50,03/06/2024,160
user50,04/06/2024,60
user50,05/06/2024,244
user50,06/06/2024,242
user50,07/06/2024,84
user50,08/06/2024,330
user50,09/06/2024,157
user50,10/06/2024,250
user50,11/06/2024,20
user50,12/06/2024,155
user50,13/06/2024,149
user50,14/06/2024,247
user50,15/06/2024,176
user50,16/06/2024,176
user50,17/06/2024,148
user50,18/06/2024,344
user50,19/06/2024,284
user50,20/06/2024,147
user50,21/06/2024,184
user50,22/06/2024,96
user50,23/06/2024,167
user50,24/06/2024,71
user50,25/06/2024,76
user50,26/06/2024,309
user50,27/06/2024,160
user50,28/06/2024,173
user50,29/06/2024,164
user50,30/06/2024,205
user50,01/07/2024,61
user50,02/07/2024,208
user50,03/07/2024,283
user50,04/07/2024,244
user50,05/07/2024,224
user50,06/07/2024,141
user50,07/07/2024,148
user50,08/07/2024,154
user50,09/07/2024,331
user50,10/07/2024,242
user50,11/07/2024,247
user50,12/07/2024,239
user50,13/07/2024,177
user50,14/07/2024,266
user50,15/07/2024,236
user50,16/07/2024,90
user50,17/07/2024,170
user50,18/07/2024,318
user50,19/07/2024,268
user50,20/07/2024,164
user50,21/07/2024,127
user50,22/07/2024,111
user50,23/07/2024,182
user50,24/07/2024,200
user50,25/07/2024,151
user50,26/07/2024,160
user50,27/07/2024,198
user50,28/07/2024,168
user50,29/07/2024,215
user50,30/07/2024,161
user50,31/07/2024,273
user50,01/08/2024,233
user50,02/08/2024,170
user50,03/08/2024,236
user50,04/08/2024,163
user50,05/08/2024,181
user50,06/08/2024,245
user50,07/08/2024,200
user50,08/08/2024,143
user50,09/08/2024,238
user50,10/08/2024,143
user50,11/08/2024,128
user50,12/08/2024,119
user50,13/08/2024,263
user50,14/08/2024,179
user50,15/08/2024,125
user50,16/08/2024,235
user50,17/08/2024,176
user50,18/08/2024,162
user50,19/08/2024,161
user50,20/08/2024,243
user50,21/08/2024,246
user50,22/08/2024,326
user50,23/08/2024,335
user50,24/08/2024,45
user50,25/08/2024,190
user50,26/08/2024,111
user50,27/08/2024,363
user50,28/08/2024,208
user50,29/08/2024,414
user50,30/08/2024,166
user50,31/08/2024,125
user50,01/09/2024,91
user50,02/09/2024,181
user50,03/09/2024,158
user50,04/09/2024,195
user50,05/09/2024,141
user50,06/09/2024,268
user50,07/09/2024,287
user50,08/09/2024,106
user50,09/09/2024,61
user50,10/09/2024,155
user50,11/09/2024,177
user50,12/09/2024,255
user50,13/09/2024,162
user50,14/09/2024,217
user50,15/09/2024,154
user50,16/09/2024,166
user50,17/09/2024,142
user50,18/09/2024,223
user50,19/09/2024,296
user50,20/09/2024,381
user50,21/09/2024,306
user50,22/09/2024,188
user50,23/09/2024,209
user50,24/09/2024,241
user50,25/09/2024,137
user50,26/09/2024,353
user50,27/09/2024,334
user50,28/09/2024,148
user50,29/09/2024,242
user50,30/09/2024,201
user50,01/10/2024,120
user50,02/10/2024,227
user50,03/10/2024,243
user50,04/10/2024,35
user50,05/10/2024,189
user50,06/10/2024,133
user50,07/10/2024,199
user50,08/10/2024,209
user50,09/10/2024,115
user50,10/10/2024,237
user50,11/10/2024,227
user50,12/10/2024,213
user50,13/10/2024,168
user50,14/10/2024,184
user50,15/10/2024,293
user50,16/10/2024,274
user50,17/10/2024,65
user50,18/10/2024,107
user50,19/10/2024,112
user50,20/10/2024,106
user50,21/10/2024,181
user50,22/10/2024,203
user50,23/10/2024,218
user50,24/10/2024,198
user50,25/10/2024,236
user50,26/10/2024,215
user50,27/10/2024,173
user50,28/10/2024,254
user50,29/10/2024,218
user50,30/10/2024,123
user50,31/10/2024,259
user50,01/11/2024,164
user50,02/11/2024,312
user50,03/11/2024,256
user50,04/11/2024,297
user50,05/11/2024,139
user50,06/11/2024,46
user50,07/11/2024,195
user50,08/11/2024,205
user50,09/11/2024,151
user50,10/11/2024,33
user50,11/11/2024,130
user50,12/11/2024,306
user50,13/11/2024,102
user50,14/11/2024,218
user50,15/11/2024,182
user50,16/11/2024,255
user50,17/11/2024,220
user50,18/11/2024,269
user50,19/11/2024,208
user50,20/11/2024,180
user50,21/11/2024,219
user50,22/11/2024,173
user50,23/11/2024,208
user50,24/11/2024,60
user50,25/11/2024,369
user50,26/11/2024,275
user50,27/11/2024,155
user50,28/11/2024,380
user50,29/11/2024,132
user50,30/11/2024,163
user50,01/12/2024,104
user50,02/12/2024,181
user50,03/12/2024,100
user50,04/12/2024,177
user50,05/12/2024,335
user50,06/12/2024,129
user50,07/12/2024,281
user50,08/12/2024,157
user50,09/12/2024,236
user50,10/12/2024,0
user50,11/12/2024,273
user50,12/12/2024,209
user50,13/12/2024,205
user50,14/12/2024,0
user50,15/12/2024,160
user50,16/12/2024,139
user50,17/12/2024,211
user50,18/12/2024,105
user50,19/12/2024,419
user50,20/12/2024,191
user50,21/12/2024,114
user50,22/12/2024,155
user50,23/12/2024,155
user50,24/12/2024,140
user50,25/12/2024,38
user50,26/12/2024,341
user50,27/12/2024,137
user50,28/12/2024,157
user50,29/12/2024,202
user50,30/12/2024,165
